setting,slug,short,long,dataset,synthetic_bin_size,mix_method,input_name,exclude_primary_5050,sensitivity,specificity
"0,0",0_0,0.0,0.0,largecut,5000,trimix,A05A1A3_157510_trimix.fcs,False,0.995378052170105,0.763769841269841
"0,0",0_0,0.0,0.0,largecut,5000,trimix,A05A1A3_306010_trimix.fcs,False,0.792896174863388,0.930827067669173
"0,0",0_0,0.0,0.0,largecut,5000,trimix,A05A1A3_601030_trimix.fcs,False,0.731309565831274,0.963636363636364
"0,0",0_0,0.0,0.0,largecut,5000,bimix,A05A1_2080_bimix.fcs,False,0.970807637846649,0.719404176904177
"0,0",0_0,0.0,0.0,largecut,5000,bimix,A05A1_2575_bimix.fcs,False,0.981961537764405,0.893373554550025
"0,0",0_0,0.0,0.0,largecut,5000,bimix,A05A1_3070_bimix.fcs,False,0.825513236048105,0.910247813411079
"0,0",0_0,0.0,0.0,largecut,5000,bimix,A05A1_4060_bimix.fcs,False,0.598549373121956,0.383091787439614
"0,0",0_0,0.0,0.0,largecut,5000,segment,A05A1_4555_segment.fcs,False,0.554809115122817,0.666666666666667
"0,0",0_0,0.0,0.0,largecut,5000,trimix,A05A3A1_454510_trimix.fcs,False,0.941702381225219,0.718809523809524
"0,0",0_0,0.0,0.0,largecut,5000,bimix,A05A3_1090_bimix.fcs,False,1.0,0.371925465838509
"0,0",0_0,0.0,0.0,largecut,5000,bimix,A05A3_2575_bimix.fcs,False,0.999952019811175,0.713397417503587
"0,0",0_0,0.0,0.0,largecut,5000,segment,A05A3_4060_segment.fcs,False,1.0,0.907223113964687
"0,0",0_0,0.0,0.0,largecut,5000,bimix,A05A3_6040_bimix.fcs,False,0.616189056759896,0.892878787878788
"0,0",0_0,0.0,0.0,largecut,5000,bimix,A05A3_8020_bimix.fcs,False,0.999218022343642,0.853529411764706
"0,0",0_0,0.0,0.0,largecut,5000,segment,A05A3_8515_segment.fcs,False,0.998474892976739,0.906520833333333
"0,0",0_0,0.0,0.0,largecut,5000,segment,A1A05_4060_segment.fcs,False,0.592769372147093,0.222222222222222
"0,0",0_0,0.0,0.0,largecut,5000,segment,A1A05_5545_segment.fcs,False,0.578905030698467,0.878979591836735
"0,0",0_0,0.0,0.0,largecut,5000,trimix,A1A3A05_551035_trimix.fcs,False,0.602117794486215,0.911946017994002
"0,0",0_0,0.0,0.0,largecut,5000,trimix,A1A3A05_651025_trimix.fcs,False,0.750072713151726,0.716601382488479
"0,0",0_0,0.0,0.0,largecut,5000,trimix,A1A3A05_651520_trimix.fcs,False,0.912417981281073,0.933981378026071
"0,0",0_0,0.0,0.0,largecut,5000,bimix,A1A3_1090_bimix.fcs,False,1.0,0.373892750744787
"0,0",0_0,0.0,0.0,largecut,5000,bimix,A1A3_1585_bimix.fcs,False,1.0,0.407456599037858
"0,0",0_0,0.0,0.0,largecut,5000,segment,A1A3_7525_segment.fcs,False,1.0,0.851082822323993
"0,0",0_0,0.0,0.0,largecut,5000,segment,A1A3_8020_segment.fcs,False,1.0,0.807846748940873
"0,0",0_0,0.0,0.0,largecut,5000,bimix,A1A3_9010_bimix.fcs,False,0.999631230473466,0.682869660460022
"0,0",0_0,0.0,0.0,largecut,5000,segment,A3A05_1090_segment.fcs,False,1.0,0.680906432748538
"0,0",0_0,0.0,0.0,largecut,5000,segment,A3A05_7030_segment.fcs,False,1.0,0.93810090773996
"0,0",0_0,0.0,0.0,largecut,5000,trimix,A3A1A05_103555_trimix.fcs,False,0.63744714173845,0.935594202898551
"0,0",0_0,0.0,0.0,largecut,5000,segment,A3A1_1090_segment.fcs,False,1.0,0.836270053475936
"0,0",0_0,0.0,0.0,largecut,5000,segment,A3A1_2575_segment.fcs,False,1.0,0.931320099255583
"0,0",0_0,0.0,0.0,largecut,5000,bimix,B05B1_3070_bimix.fcs,False,0.843910372244308,0.848484848484849
"0,0",0_0,0.0,0.0,largecut,5000,segment,B05B1_3565_segment.fcs,False,0.966270091212355,0.951219512195122
"0,0",0_0,0.0,0.0,largecut,5000,segment,B05B1_6535_segment.fcs,False,0.652266030322873,0.5
"0,0",0_0,0.0,0.0,largecut,5000,bimix,B05B1_7030_bimix.fcs,False,0.72478813559322,0.733333333333333
"0,0",0_0,0.0,0.0,largecut,5000,trimix,B05B3B1_151570_trimix.fcs,False,0.978368176538908,0.814692197566213
"0,0",0_0,0.0,0.0,largecut,5000,trimix,B05B3B1_751510_trimix.fcs,False,0.928470833333333,0.906388390873289
"0,0",0_0,0.0,0.0,largecut,5000,segment,B05B3_5545_segment.fcs,False,0.562723021645,0.882352941176471
"0,0",0_0,0.0,0.0,largecut,5000,bimix,B05B3_7030_bimix.fcs,False,0.985619047619048,0.970917225950783
"0,0",0_0,0.0,0.0,largecut,5000,segment,B1B05_2575_segment.fcs,False,0.816992821319697,0.711864406779661
"0,0",0_0,0.0,0.0,largecut,5000,bimix,B1B05_4555_bimix.fcs,False,0.573017072373795,0.817714285714286
"0,0",0_0,0.0,0.0,largecut,5000,bimix,B1B05_7525_bimix.fcs,False,0.921620771444687,0.750205479452055
"0,0",0_0,0.0,0.0,largecut,5000,bimix,B1B3_2080_bimix.fcs,False,0.984632415185258,0.550853476916027
"0,0",0_0,0.0,0.0,largecut,5000,segment,B1B3_7030_segment.fcs,False,1.0,0.928934543233982
"0,0",0_0,0.0,0.0,largecut,5000,trimix,B3B05B1_652510_trimix.fcs,False,0.899516685917843,0.926015173410405
"0,0",0_0,0.0,0.0,largecut,5000,trimix,B3B05B1_801010_trimix.fcs,False,0.999475005249947,0.514112685560054
"0,0",0_0,0.0,0.0,largecut,5000,segment,B3B05_2080_segment.fcs,False,1.0,0.949239130434783
"0,0",0_0,0.0,0.0,largecut,5000,bimix,B3B05_3565_bimix.fcs,False,0.72805813115385,0.87484649122807
"0,0",0_0,0.0,0.0,largecut,5000,segment,B3B05_6040_segment.fcs,False,1.0,0.998627787307033
"0,0",0_0,0.0,0.0,largecut,5000,bimix,B3B05_6535_bimix.fcs,False,0.992763157894737,0.945292504570384
"0,0",0_0,0.0,0.0,largecut,5000,bimix,B3B05_7525_bimix.fcs,False,1.0,0.751694202936618
"0,0",0_0,0.0,0.0,largecut,5000,segment,B3B05_8020_segment.fcs,False,1.0,0.975127768313458
"0,0",0_0,0.0,0.0,largecut,5000,trimix,B3B1B05_204535_trimix.fcs,False,0.466755037115589,0.837272727272727
"0,0",0_0,0.0,0.0,largecut,5000,trimix,B3B1B05_253540_trimix.fcs,False,0.402933375062062,0.83968253968254
"0,0",0_0,0.0,0.0,largecut,5000,trimix,B3B1B05_503515_trimix.fcs,False,0.499871251136019,0.497786458333333
"0,0",0_0,0.0,0.0,largecut,5000,trimix,B3B1B05_651025_trimix.fcs,False,0.879882717925256,0.925100250626566
"0,0",0_0,0.0,0.0,largecut,5000,segment,B3B1_1090_segment.fcs,False,1.0,0.580309278350515
"0,0",0_0,0.0,0.0,largecut,5000,bimix,B3B1_1585_bimix.fcs,False,0.999676870748299,0.652839675465661
"0,0",0_0,0.0,0.0,largecut,5000,bimix,B3B1_2575_bimix.fcs,False,0.83206352982421,0.75425
"0,0",0_0,0.0,0.0,largecut,5000,segment,B3B1_5545_segment.fcs,False,1.0,0.998879173154914
"0,0",0_0,0.0,0.0,largecut,5000,bimix,B3B1_6040_bimix.fcs,False,0.596095831244645,0.17552
"0,0",0_0,0.0,0.0,largecut,5000,segment,B3B1_8020_segment.fcs,False,1.0,0.791360880165031
"0,0",0_0,0.0,0.0,largecut,5000,bimix,C05C1_7030_bimix.fcs,False,0.721141001855288,0.845841300191205
"0,0",0_0,0.0,0.0,largecut,5000,bimix,C05C1_7525_bimix.fcs,False,0.817392957639364,0.750649717514124
"0,0",0_0,0.0,0.0,largecut,5000,bimix,C05C3_8515_bimix.fcs,False,1.0,0.804244186046512
"0,0",0_0,0.0,0.0,largecut,5000,segment,C1C05_1585_segment.fcs,False,1.0,0.960763888888889
"0,0",0_0,0.0,0.0,largecut,5000,bimix,C1C05_2080_bimix.fcs,False,0.944147843942505,0.895049504950495
"0,0",0_0,0.0,0.0,largecut,5000,bimix,C1C05_3070_bimix.fcs,False,0.731091976650633,0.628840579710145
"0,0",0_0,0.0,0.0,largecut,5000,segment,C1C05_4060_segment.fcs,False,0.60869621478372,1.0
"0,0",0_0,0.0,0.0,largecut,5000,segment,C1C05_5545_segment.fcs,False,0.562673419860353,0.875
"0,0",0_0,0.0,0.0,largecut,5000,trimix,C1C3C05_107515_trimix.fcs,False,0.983690760653126,0.666459056420302
"0,0",0_0,0.0,0.0,largecut,5000,trimix,C1C3C05_205525_trimix.fcs,False,0.724336720928141,0.960118421052632
"0,0",0_0,0.0,0.0,largecut,5000,trimix,C1C3C05_302545_trimix.fcs,False,0.451213692946058,0.588235294117647
"0,0",0_0,0.0,0.0,largecut,5000,trimix,C1C3C05_452035_trimix.fcs,False,0.456731847469647,0.918666666666667
"0,0",0_0,0.0,0.0,largecut,5000,bimix,C1C3_1090_bimix.fcs,False,1.0,0.399056674123788
"0,0",0_0,0.0,0.0,largecut,5000,bimix,C1C3_3070_bimix.fcs,False,0.775039758397455,0.942324478178368
"0,0",0_0,0.0,0.0,largecut,5000,trimix,C3C05C1_101080_trimix.fcs,False,0.986499880561468,0.736548717948718
"0,0",0_0,0.0,0.0,largecut,5000,trimix,C3C05C1_651025_trimix.fcs,False,0.665878825649132,0.958350877192983
"0,0",0_0,0.0,0.0,largecut,5000,segment,C3C05_1090_segment.fcs,False,1.0,0.657830687830688
"0,0",0_0,0.0,0.0,largecut,5000,segment,C3C05_1585_segment.fcs,False,1.0,0.960763888888889
"0,0",0_0,0.0,0.0,largecut,5000,segment,C3C05_2575_segment.fcs,False,1.0,0.900966183574879
"0,0",0_0,0.0,0.0,largecut,5000,bimix,C3C05_6535_bimix.fcs,False,0.989100737100737,0.94411469743859
"0,0",0_0,0.0,0.0,largecut,5000,bimix,C3C05_9010_bimix.fcs,False,1.0,0.396396296296296
"0,0",0_0,0.0,0.0,largecut,5000,segment,C3C05_9010_segment.fcs,False,1.0,0.55369539590019
"0,0",0_0,0.0,0.0,largecut,5000,trimix,C3C1C05_104545_trimix.fcs,False,0.930835306549176,0.580634920634921
"0,0",0_0,0.0,0.0,largecut,5000,trimix,C3C1C05_403525_trimix.fcs,False,0.406017164138824,0.98875
"0,0",0_0,0.0,0.0,largecut,5000,segment,C3C1_1585_segment.fcs,False,1.0,0.90227596678235
"0,0",0_0,0.0,0.0,largecut,5000,segment,C3C1_3070_segment.fcs,False,1.0,0.965474860335196
"0,0",0_0,0.0,0.0,largecut,5000,bimix,C3C1_4060_bimix.fcs,False,0.603712924645171,0.610052631578947
"0,0",0_0,0.0,0.0,largecut,5000,segment,C3C1_4555_segment.fcs,False,0.550352123313652,0.5
"0,0",0_0,0.0,0.0,largecut,5000,segment,C3C1_9010_segment.fcs,False,1.0,0.537282193238485
"0,0",0_0,0.0,0.0,smallcut,2000,trimix,A05A1A3_405010_trimix.fcs,False,0.504615891034049,0.638484848484848
"0,0",0_0,0.0,0.0,smallcut,2000,segment,A05A1_1090_segment.fcs,False,1.0,0.768464373464373
"0,0",0_0,0.0,0.0,smallcut,2000,segment,A05A1_1585_segment.fcs,False,1.0,0.692064083457526
"0,0",0_0,0.0,0.0,smallcut,2000,bimix,A05A1_3565_bimix.fcs,False,0.651582278481013,0.38
"0,0",0_0,0.0,0.0,smallcut,2000,bimix,A05A1_4555_bimix.fcs,False,0.552601377199694,0.496363636363636
"0,0",0_0,0.0,0.0,smallcut,2000,bimix,A05A1_5545_bimix.fcs,False,0.56150769160438,0.802222222222222
"0,0",0_0,0.0,0.0,smallcut,2000,bimix,A05A1_7030_bimix.fcs,False,0.725333909090364,0.693425925925926
"0,0",0_0,0.0,0.0,smallcut,2000,segment,A05A1_9010_segment.fcs,False,0.986355416735164,0.736727272727273
"0,0",0_0,0.0,0.0,smallcut,2000,bimix,A05A3_1585_bimix.fcs,False,0.868368877526459,0.519094387755102
"0,0",0_0,0.0,0.0,smallcut,2000,bimix,A05A3_2080_bimix.fcs,False,0.813514887713925,0.712111111111111
"0,0",0_0,0.0,0.0,smallcut,2000,segment,A05A3_3565_segment.fcs,False,1.0,0.901039855072464
"0,0",0_0,0.0,0.0,smallcut,2000,bimix,A05A3_7525_bimix.fcs,False,0.844240800183423,0.753946360153257
"0,0",0_0,0.0,0.0,smallcut,2000,bimix,A05A3_9010_bimix.fcs,False,0.998794256275348,0.457539682539683
"0,0",0_0,0.0,0.0,smallcut,2000,segment,A05A3_9010_segment.fcs,False,0.999649772352029,0.703545454545455
"0,0",0_0,0.0,0.0,smallcut,2000,trimix,A1A05A3_501535_trimix.fcs,False,0.500035781635317,0.506444444444444
"0,0",0_0,0.0,0.0,smallcut,2000,segment,A1A05_4555_segment.fcs,False,0.550536706619754,0.5
"0,0",0_0,0.0,0.0,smallcut,2000,trimix,A1A3A05_106525_trimix.fcs,False,0.652822247865334,0.459821428571429
"0,0",0_0,0.0,0.0,smallcut,2000,trimix,A1A3A05_252055_trimix.fcs,False,0.585872696864503,0.954484126984127
"0,0",0_0,0.0,0.0,smallcut,2000,segment,A1A3_3070_segment.fcs,False,1.0,0.953865729602245
"0,0",0_0,0.0,0.0,smallcut,2000,segment,A1A3_5545_segment.fcs,False,0.562647775746496,0.769266266728196
"0,0",0_0,0.0,0.0,smallcut,2000,bimix,A1A3_6040_bimix.fcs,False,0.617043283896976,0.648667763157895
"0,0",0_0,0.0,0.0,smallcut,2000,bimix,A1A3_7525_bimix.fcs,False,0.7792033459594,0.576076388888889
"0,0",0_0,0.0,0.0,smallcut,2000,trimix,A3A05A1_454510_trimix.fcs,False,0.898762423365447,0.0757037037037037
"0,0",0_0,0.0,0.0,smallcut,2000,segment,A3A05_1585_segment.fcs,False,1.0,0.937735042735043
"0,0",0_0,0.0,0.0,smallcut,2000,trimix,A3A1A05_106525_trimix.fcs,False,0.66194820214436,0.511003401360544
"0,0",0_0,0.0,0.0,smallcut,2000,trimix,A3A1A05_305020_trimix.fcs,False,0.507564948041567,0.667460215330502
"0,0",0_0,0.0,0.0,smallcut,2000,trimix,A3A1A05_502525_trimix.fcs,False,0.491325375196714,0.354973262032086
"0,0",0_0,0.0,0.0,smallcut,2000,segment,A3A1_1090_segment.fcs,False,1.0,0.609135416666667
"0,0",0_0,0.0,0.0,smallcut,2000,segment,B05B1_4060_segment.fcs,False,0.748742411101474,0.966942148760331
"0,0",0_0,0.0,0.0,smallcut,2000,bimix,B05B1_6040_bimix.fcs,False,0.60872082717873,0.673333333333333
"0,0",0_0,0.0,0.0,smallcut,2000,bimix,B05B1_6535_bimix.fcs,False,0.669598054937665,0.627222222222222
"0,0",0_0,0.0,0.0,smallcut,2000,bimix,B05B1_7525_bimix.fcs,False,0.789193517662746,0.766111111111111
"0,0",0_0,0.0,0.0,smallcut,2000,segment,B05B1_8515_segment.fcs,False,1.0,0.802255624168536
"0,0",0_0,0.0,0.0,smallcut,2000,segment,B05B3_1090_segment.fcs,False,1.0,0.529048074623296
"0,0",0_0,0.0,0.0,smallcut,2000,segment,B05B3_2080_segment.fcs,False,1.0,0.970169491525424
"0,0",0_0,0.0,0.0,smallcut,2000,segment,B05B3_4060_segment.fcs,False,1.0,0.961519405450041
"0,0",0_0,0.0,0.0,smallcut,2000,bimix,B05B3_6040_bimix.fcs,False,0.61443519006233,0.714166666666667
"0,0",0_0,0.0,0.0,smallcut,2000,bimix,B05B3_7525_bimix.fcs,False,0.778772223066403,0.717530864197531
"0,0",0_0,0.0,0.0,smallcut,2000,bimix,B05B3_9010_bimix.fcs,False,1.0,0.516829268292683
"0,0",0_0,0.0,0.0,smallcut,2000,trimix,B1B05B3_103060_trimix.fcs,False,0.610862944162437,0.652638888888889
"0,0",0_0,0.0,0.0,smallcut,2000,trimix,B1B05B3_205030_trimix.fcs,False,0.509823888232979,0.816984126984127
"0,0",0_0,0.0,0.0,smallcut,2000,trimix,B1B05B3_355510_trimix.fcs,False,0.568777983776862,0.678854166666667
"0,0",0_0,0.0,0.0,smallcut,2000,segment,B1B05_7525_segment.fcs,False,0.999185185185185,0.855907780979827
"0,0",0_0,0.0,0.0,smallcut,2000,trimix,B1B3B05_101080_trimix.fcs,False,0.900024919855211,0.681260162601626
"0,0",0_0,0.0,0.0,smallcut,2000,trimix,B1B3B05_302545_trimix.fcs,False,0.468747684785025,0.9556
"0,0",0_0,0.0,0.0,smallcut,2000,trimix,B1B3B05_504010_trimix.fcs,False,0.500130931458699,0.501118959367788
"0,0",0_0,0.0,0.0,smallcut,2000,trimix,B1B3B05_651025_trimix.fcs,False,0.662382716049383,0.563967437874893
"0,0",0_0,0.0,0.0,smallcut,2000,bimix,B1B3_1585_bimix.fcs,False,0.857445555154874,0.306212962962963
"0,0",0_0,0.0,0.0,smallcut,2000,bimix,B1B3_5545_bimix.fcs,False,0.548637524894708,0.407151702786378
"0,0",0_0,0.0,0.0,smallcut,2000,segment,B1B3_6040_segment.fcs,False,0.592273797307901,0.0
"0,0",0_0,0.0,0.0,smallcut,2000,bimix,B1B3_8020_bimix.fcs,False,0.815424324363405,0.482944297082228
"0,0",0_0,0.0,0.0,smallcut,2000,segment,B1B3_8515_segment.fcs,False,1.0,0.709471694574102
"0,0",0_0,0.0,0.0,smallcut,2000,segment,B3B05_9010_segment.fcs,False,1.0,0.705887107638421
"0,0",0_0,0.0,0.0,smallcut,2000,segment,B3B1_4060_segment.fcs,False,0.930458781267854,0.953271028037383
"0,0",0_0,0.0,0.0,smallcut,2000,segment,B3B1_8020_segment.fcs,False,1.0,0.791360880165031
"0,0",0_0,0.0,0.0,smallcut,2000,segment,C05C1_1090_segment.fcs,False,1.0,0.881430288461538
"0,0",0_0,0.0,0.0,smallcut,2000,segment,C05C1_1585_segment.fcs,False,1.0,0.7350719288218
"0,0",0_0,0.0,0.0,smallcut,2000,bimix,C05C1_8515_bimix.fcs,False,0.885306719615425,0.391071428571429
"0,0",0_0,0.0,0.0,smallcut,2000,segment,C05C3_1585_segment.fcs,False,1.0,0.946855877616747
"0,0",0_0,0.0,0.0,smallcut,2000,segment,C05C3_3565_segment.fcs,False,1.0,0.994919627749577
"0,0",0_0,0.0,0.0,smallcut,2000,bimix,C05C3_7030_bimix.fcs,False,0.706835158526083,0.571428571428571
"0,0",0_0,0.0,0.0,smallcut,2000,bimix,C05C3_8515_bimix.fcs,False,0.989017857142857,0.60441806150253
"0,0",0_0,0.0,0.0,smallcut,2000,segment,C05C3_9010_segment.fcs,False,0.998732451629876,0.621237373737374
"0,0",0_0,0.0,0.0,smallcut,2000,segment,C1C05_3070_segment.fcs,False,0.712173627808044,0.45
"0,0",0_0,0.0,0.0,smallcut,2000,bimix,C1C05_4060_bimix.fcs,False,0.622510876100874,0.625803571428571
"0,0",0_0,0.0,0.0,smallcut,2000,bimix,C1C05_6040_bimix.fcs,False,0.604779283447556,0.491206896551724
"0,0",0_0,0.0,0.0,smallcut,2000,segment,C1C05_9010_segment.fcs,False,1.0,0.840515759312321
"0,0",0_0,0.0,0.0,smallcut,2000,trimix,C1C3C05_106030_trimix.fcs,False,0.620657926947655,0.817606837606838
"0,0",0_0,0.0,0.0,smallcut,2000,trimix,C1C3C05_352045_trimix.fcs,False,0.459073396142142,0.787666666666667
"0,0",0_0,0.0,0.0,smallcut,2000,trimix,C1C3C05_353530_trimix.fcs,False,0.697977059436913,0.206343329631001
"0,0",0_0,0.0,0.0,smallcut,2000,trimix,C1C3C05_801010_trimix.fcs,False,0.825949462614438,0.501739130434783
"0,0",0_0,0.0,0.0,smallcut,2000,bimix,C1C3_1090_bimix.fcs,False,0.917239578669462,0.326812169312169
"0,0",0_0,0.0,0.0,smallcut,2000,segment,C1C3_2575_segment.fcs,False,1.0,0.939668107440568
"0,0",0_0,0.0,0.0,smallcut,2000,segment,C1C3_4555_segment.fcs,False,0.64433801290949,0.97752808988764
"0,0",0_0,0.0,0.0,smallcut,2000,segment,C1C3_7525_segment.fcs,False,1.0,0.928731989534584
"0,0",0_0,0.0,0.0,smallcut,2000,bimix,C3C05_4060_bimix.fcs,False,0.610986435137252,0.772321428571429
"0,0",0_0,0.0,0.0,smallcut,2000,segment,C3C05_4555_segment.fcs,False,0.550304707165204,0.458333333333333
"0,0",0_0,0.0,0.0,smallcut,2000,trimix,C3C1C05_101080_trimix.fcs,False,0.947596035998179,0.716024464831804
"0,0",0_0,0.0,0.0,smallcut,2000,trimix,C3C1C05_107020_trimix.fcs,False,0.716661934958273,0.589375
"0,0",0_0,0.0,0.0,smallcut,2000,trimix,C3C1C05_204040_trimix.fcs,False,0.79836848315021,0.147941176470588
"0,0",0_0,0.0,0.0,smallcut,2000,trimix,C3C1C05_301555_trimix.fcs,False,0.554870571235729,0.76030303030303
"0,0",0_0,0.0,0.0,smallcut,2000,bimix,C3C1_3565_bimix.fcs,False,0.644861116223762,0.21735119047619
"0,0",0_0,0.0,0.0,smallcut,2000,bimix,C3C1_8020_bimix.fcs,False,0.814974083757626,0.521070789549126
"0.01,0.02",001_002,0.01,0.02,largecut,5000,trimix,A05A1A3_157510_trimix.fcs,False,0.997334672102183,0.733085016835017
"0.01,0.02",001_002,0.01,0.02,largecut,5000,trimix,A05A1A3_306010_trimix.fcs,False,0.789713843774169,0.94090407938258
"0.01,0.02",001_002,0.01,0.02,largecut,5000,trimix,A05A1A3_601030_trimix.fcs,False,0.762374768089054,0.948370927318296
"0.01,0.02",001_002,0.01,0.02,largecut,5000,bimix,A05A1_2080_bimix.fcs,False,0.987484425733369,0.708944099378882
"0.01,0.02",001_002,0.01,0.02,largecut,5000,bimix,A05A1_2575_bimix.fcs,False,0.980792390734345,0.89586032388664
"0.01,0.02",001_002,0.01,0.02,largecut,5000,bimix,A05A1_3070_bimix.fcs,False,0.895565832335848,0.873933463796478
"0.01,0.02",001_002,0.01,0.02,largecut,5000,bimix,A05A1_4060_bimix.fcs,False,0.598166093570908,0.380045351473923
"0.01,0.02",001_002,0.01,0.02,largecut,5000,segment,A05A1_4555_segment.fcs,False,0.551490757304711,0.5
"0.01,0.02",001_002,0.01,0.02,largecut,5000,trimix,A05A3A1_454510_trimix.fcs,False,0.948221909399303,0.744845679012346
"0.01,0.02",001_002,0.01,0.02,largecut,5000,bimix,A05A3_1090_bimix.fcs,False,1.0,0.360722891566265
"0.01,0.02",001_002,0.01,0.02,largecut,5000,bimix,A05A3_2575_bimix.fcs,False,1.0,0.677151416122004
"0.01,0.02",001_002,0.01,0.02,largecut,5000,segment,A05A3_4060_segment.fcs,False,1.0,0.842953020134228
"0.01,0.02",001_002,0.01,0.02,largecut,5000,bimix,A05A3_6040_bimix.fcs,False,0.618749905692169,0.844404761904762
"0.01,0.02",001_002,0.01,0.02,largecut,5000,bimix,A05A3_8020_bimix.fcs,False,0.999505033856705,0.792363636363636
"0.01,0.02",001_002,0.01,0.02,largecut,5000,segment,A05A3_8515_segment.fcs,False,0.998463585324562,0.873755020080321
"0.01,0.02",001_002,0.01,0.02,largecut,5000,segment,A1A05_4060_segment.fcs,False,0.591877716996174,0.192307692307692
"0.01,0.02",001_002,0.01,0.02,largecut,5000,segment,A1A05_5545_segment.fcs,False,0.578110088089696,0.876458333333333
"0.01,0.02",001_002,0.01,0.02,largecut,5000,trimix,A1A3A05_551035_trimix.fcs,False,0.597151090342679,0.892391558517479
"0.01,0.02",001_002,0.01,0.02,largecut,5000,trimix,A1A3A05_651025_trimix.fcs,False,0.761810171797382,0.731744820065431
"0.01,0.02",001_002,0.01,0.02,largecut,5000,trimix,A1A3A05_651520_trimix.fcs,False,0.892503745413821,0.921492248062015
"0.01,0.02",001_002,0.01,0.02,largecut,5000,bimix,A1A3_1090_bimix.fcs,False,1.0,0.355981720768988
"0.01,0.02",001_002,0.01,0.02,largecut,5000,bimix,A1A3_1585_bimix.fcs,False,1.0,0.417052023121387
"0.01,0.02",001_002,0.01,0.02,largecut,5000,segment,A1A3_7525_segment.fcs,False,1.0,0.71045810924642
"0.01,0.02",001_002,0.01,0.02,largecut,5000,segment,A1A3_8020_segment.fcs,False,1.0,0.715971050769984
"0.01,0.02",001_002,0.01,0.02,largecut,5000,bimix,A1A3_9010_bimix.fcs,False,1.0,0.624805194805195
"0.01,0.02",001_002,0.01,0.02,largecut,5000,segment,A3A05_1090_segment.fcs,False,1.0,0.546643192488263
"0.01,0.02",001_002,0.01,0.02,largecut,5000,segment,A3A05_7030_segment.fcs,False,1.0,0.838962900100876
"0.01,0.02",001_002,0.01,0.02,largecut,5000,trimix,A3A1A05_103555_trimix.fcs,False,0.641465721040189,0.937759103641457
"0.01,0.02",001_002,0.01,0.02,largecut,5000,segment,A3A1_1090_segment.fcs,False,1.0,0.836270053475936
"0.01,0.02",001_002,0.01,0.02,largecut,5000,segment,A3A1_2575_segment.fcs,False,1.0,0.931320099255583
"0.01,0.02",001_002,0.01,0.02,largecut,5000,bimix,B05B1_3070_bimix.fcs,False,0.841543720762864,0.850910364145658
"0.01,0.02",001_002,0.01,0.02,largecut,5000,segment,B05B1_3565_segment.fcs,False,0.999614236844021,0.945454545454545
"0.01,0.02",001_002,0.01,0.02,largecut,5000,segment,B05B1_6535_segment.fcs,False,0.65094739104055,0.4
"0.01,0.02",001_002,0.01,0.02,largecut,5000,bimix,B05B1_7030_bimix.fcs,False,0.732086894586895,0.784408602150538
"0.01,0.02",001_002,0.01,0.02,largecut,5000,trimix,B05B3B1_151570_trimix.fcs,False,0.977739726027397,0.797982456140351
"0.01,0.02",001_002,0.01,0.02,largecut,5000,trimix,B05B3B1_751510_trimix.fcs,False,0.95921875,0.893960646014507
"0.01,0.02",001_002,0.01,0.02,largecut,5000,segment,B05B3_5545_segment.fcs,False,0.994105494505494,0.985168627409436
"0.01,0.02",001_002,0.01,0.02,largecut,5000,bimix,B05B3_7030_bimix.fcs,False,0.982054924242424,0.975396825396825
"0.01,0.02",001_002,0.01,0.02,largecut,5000,segment,B1B05_2575_segment.fcs,False,0.894477739726027,0.83695652173913
"0.01,0.02",001_002,0.01,0.02,largecut,5000,bimix,B1B05_4555_bimix.fcs,False,0.57864089111143,0.881351351351351
"0.01,0.02",001_002,0.01,0.02,largecut,5000,bimix,B1B05_7525_bimix.fcs,False,0.910916925766194,0.736755146262189
"0.01,0.02",001_002,0.01,0.02,largecut,5000,bimix,B1B3_2080_bimix.fcs,False,0.91552205951548,0.592072197153766
"0.01,0.02",001_002,0.01,0.02,largecut,5000,segment,B1B3_7030_segment.fcs,False,1.0,0.894826171501793
"0.01,0.02",001_002,0.01,0.02,largecut,5000,trimix,B3B05B1_652510_trimix.fcs,False,0.86292828925856,0.960561655405405
"0.01,0.02",001_002,0.01,0.02,largecut,5000,trimix,B3B05B1_801010_trimix.fcs,False,0.936992089755571,0.550413364413364
"0.01,0.02",001_002,0.01,0.02,largecut,5000,segment,B3B05_2080_segment.fcs,False,1.0,0.919263157894737
"0.01,0.02",001_002,0.01,0.02,largecut,5000,bimix,B3B05_3565_bimix.fcs,False,0.835284535146031,0.925314685314685
"0.01,0.02",001_002,0.01,0.02,largecut,5000,segment,B3B05_6040_segment.fcs,False,1.0,0.965505804311774
"0.01,0.02",001_002,0.01,0.02,largecut,5000,bimix,B3B05_6535_bimix.fcs,False,0.982144702842377,0.956893295561851
"0.01,0.02",001_002,0.01,0.02,largecut,5000,bimix,B3B05_7525_bimix.fcs,False,1.0,0.714176087444786
"0.01,0.02",001_002,0.01,0.02,largecut,5000,segment,B3B05_8020_segment.fcs,False,1.0,0.827167630057803
"0.01,0.02",001_002,0.01,0.02,largecut,5000,trimix,B3B1B05_204535_trimix.fcs,False,0.46489099859353,0.832333333333333
"0.01,0.02",001_002,0.01,0.02,largecut,5000,trimix,B3B1B05_253540_trimix.fcs,False,0.409422033190173,0.851322751322751
"0.01,0.02",001_002,0.01,0.02,largecut,5000,trimix,B3B1B05_503515_trimix.fcs,False,0.499081942336874,0.484722222222222
"0.01,0.02",001_002,0.01,0.02,largecut,5000,trimix,B3B1B05_651025_trimix.fcs,False,0.847611129866319,0.962857142857143
"0.01,0.02",001_002,0.01,0.02,largecut,5000,segment,B3B1_1090_segment.fcs,False,1.0,0.546504854368932
"0.01,0.02",001_002,0.01,0.02,largecut,5000,bimix,B3B1_1585_bimix.fcs,False,0.999948979591837,0.653753856702091
"0.01,0.02",001_002,0.01,0.02,largecut,5000,bimix,B3B1_2575_bimix.fcs,False,0.832986375747192,0.738489341983318
"0.01,0.02",001_002,0.01,0.02,largecut,5000,segment,B3B1_5545_segment.fcs,False,1.0,0.991414596035938
"0.01,0.02",001_002,0.01,0.02,largecut,5000,bimix,B3B1_6040_bimix.fcs,False,0.596991304347826,0.201164443221932
"0.01,0.02",001_002,0.01,0.02,largecut,5000,segment,B3B1_8020_segment.fcs,False,1.0,0.701760026608276
"0.01,0.02",001_002,0.01,0.02,largecut,5000,bimix,C05C1_7030_bimix.fcs,False,0.863533333333333,0.969705240174673
"0.01,0.02",001_002,0.01,0.02,largecut,5000,bimix,C05C1_7525_bimix.fcs,False,0.830265706096522,0.765497512437811
"0.01,0.02",001_002,0.01,0.02,largecut,5000,bimix,C05C3_8515_bimix.fcs,False,1.0,0.760054945054945
"0.01,0.02",001_002,0.01,0.02,largecut,5000,segment,C1C05_1585_segment.fcs,False,1.0,0.910197368421053
"0.01,0.02",001_002,0.01,0.02,largecut,5000,bimix,C1C05_2080_bimix.fcs,False,0.963445378151261,0.894642857142857
"0.01,0.02",001_002,0.01,0.02,largecut,5000,bimix,C1C05_3070_bimix.fcs,False,0.730935326302708,0.598533333333333
"0.01,0.02",001_002,0.01,0.02,largecut,5000,segment,C1C05_4060_segment.fcs,False,0.613139276012909,1.0
"0.01,0.02",001_002,0.01,0.02,largecut,5000,segment,C1C05_5545_segment.fcs,False,0.575020450246255,0.870967741935484
"0.01,0.02",001_002,0.01,0.02,largecut,5000,trimix,C1C3C05_107515_trimix.fcs,False,0.923731503900995,0.677745243521119
"0.01,0.02",001_002,0.01,0.02,largecut,5000,trimix,C1C3C05_205525_trimix.fcs,False,0.72968525811277,0.940495833333333
"0.01,0.02",001_002,0.01,0.02,largecut,5000,trimix,C1C3C05_302545_trimix.fcs,False,0.452905039566847,0.631578947368421
"0.01,0.02",001_002,0.01,0.02,largecut,5000,trimix,C1C3C05_452035_trimix.fcs,False,0.458398985259495,0.932222222222222
"0.01,0.02",001_002,0.01,0.02,largecut,5000,bimix,C1C3_1090_bimix.fcs,False,1.0,0.373958770090846
"0.01,0.02",001_002,0.01,0.02,largecut,5000,bimix,C1C3_3070_bimix.fcs,False,0.731216802307693,0.929180672268908
"0.01,0.02",001_002,0.01,0.02,largecut,5000,trimix,C3C05C1_101080_trimix.fcs,False,0.990693078658379,0.711178188899708
"0.01,0.02",001_002,0.01,0.02,largecut,5000,trimix,C3C05C1_651025_trimix.fcs,False,0.663566157871863,0.951943319838057
"0.01,0.02",001_002,0.01,0.02,largecut,5000,segment,C3C05_1090_segment.fcs,False,1.0,0.627929292929293
"0.01,0.02",001_002,0.01,0.02,largecut,5000,segment,C3C05_1585_segment.fcs,False,1.0,0.947602739726027
"0.01,0.02",001_002,0.01,0.02,largecut,5000,segment,C3C05_2575_segment.fcs,False,1.0,0.900966183574879
"0.01,0.02",001_002,0.01,0.02,largecut,5000,bimix,C3C05_6535_bimix.fcs,False,0.972703474535935,0.968886475336896
"0.01,0.02",001_002,0.01,0.02,largecut,5000,bimix,C3C05_9010_bimix.fcs,False,1.0,0.371621527777778
"0.01,0.02",001_002,0.01,0.02,largecut,5000,segment,C3C05_9010_segment.fcs,False,1.0,0.395791719983771
"0.01,0.02",001_002,0.01,0.02,largecut,5000,trimix,C3C1C05_104545_trimix.fcs,False,0.930580900398683,0.549249249249249
"0.01,0.02",001_002,0.01,0.02,largecut,5000,trimix,C3C1C05_403525_trimix.fcs,False,0.40671965396053,0.989875
"0.01,0.02",001_002,0.01,0.02,largecut,5000,segment,C3C1_1585_segment.fcs,False,1.0,0.859021447325722
"0.01,0.02",001_002,0.01,0.02,largecut,5000,segment,C3C1_3070_segment.fcs,False,1.0,0.960111111111111
"0.01,0.02",001_002,0.01,0.02,largecut,5000,bimix,C3C1_4060_bimix.fcs,False,0.608297890679378,0.827320574162679
"0.01,0.02",001_002,0.01,0.02,largecut,5000,segment,C3C1_4555_segment.fcs,False,0.547962251798658,0.285714285714286
"0.01,0.02",001_002,0.01,0.02,largecut,5000,segment,C3C1_9010_segment.fcs,False,1.0,0.278300862776093
"0.01,0.02",001_002,0.01,0.02,smallcut,2000,trimix,A05A1A3_405010_trimix.fcs,False,0.505198746998787,0.621106719367589
"0.01,0.02",001_002,0.01,0.02,smallcut,2000,segment,A05A1_1090_segment.fcs,False,1.0,0.729055944055944
"0.01,0.02",001_002,0.01,0.02,smallcut,2000,segment,A05A1_1585_segment.fcs,False,1.0,0.675454545454545
"0.01,0.02",001_002,0.01,0.02,smallcut,2000,bimix,A05A1_3565_bimix.fcs,False,0.652726312081719,0.399935483870968
"0.01,0.02",001_002,0.01,0.02,smallcut,2000,bimix,A05A1_4555_bimix.fcs,False,0.546956111373289,0.399193548387097
"0.01,0.02",001_002,0.01,0.02,smallcut,2000,bimix,A05A1_5545_bimix.fcs,False,0.556111765929418,0.5896875
"0.01,0.02",001_002,0.01,0.02,smallcut,2000,bimix,A05A1_7030_bimix.fcs,False,0.729783641858481,0.748828828828829
"0.01,0.02",001_002,0.01,0.02,smallcut,2000,segment,A05A1_9010_segment.fcs,False,0.998655010087424,0.71125
"0.01,0.02",001_002,0.01,0.02,smallcut,2000,bimix,A05A3_1585_bimix.fcs,False,0.868480663195663,0.452552521008403
"0.01,0.02",001_002,0.01,0.02,smallcut,2000,bimix,A05A3_2080_bimix.fcs,False,0.81217682332726,0.472044444444444
"0.01,0.02",001_002,0.01,0.02,smallcut,2000,segment,A05A3_3565_segment.fcs,False,1.0,0.802899888937676
"0.01,0.02",001_002,0.01,0.02,smallcut,2000,bimix,A05A3_7525_bimix.fcs,False,0.864037290940252,0.759471947194719
"0.01,0.02",001_002,0.01,0.02,smallcut,2000,bimix,A05A3_9010_bimix.fcs,False,0.997771157453382,0.443333333333333
"0.01,0.02",001_002,0.01,0.02,smallcut,2000,segment,A05A3_9010_segment.fcs,False,0.999640047308068,0.604609375
"0.01,0.02",001_002,0.01,0.02,smallcut,2000,trimix,A1A05A3_501535_trimix.fcs,False,0.499206587551465,0.462626262626263
"0.01,0.02",001_002,0.01,0.02,smallcut,2000,segment,A1A05_4555_segment.fcs,False,0.548459900258506,0.285714285714286
"0.01,0.02",001_002,0.01,0.02,smallcut,2000,trimix,A1A3A05_106525_trimix.fcs,False,0.649816257187987,0.350340136054422
"0.01,0.02",001_002,0.01,0.02,smallcut,2000,trimix,A1A3A05_252055_trimix.fcs,False,0.597276359314364,0.967547169811321
"0.01,0.02",001_002,0.01,0.02,smallcut,2000,segment,A1A3_3070_segment.fcs,False,1.0,0.914212454450384
"0.01,0.02",001_002,0.01,0.02,smallcut,2000,segment,A1A3_5545_segment.fcs,False,0.99601402373247,0.980744791466092
"0.01,0.02",001_002,0.01,0.02,smallcut,2000,bimix,A1A3_6040_bimix.fcs,False,0.618419076122167,0.647515243902439
"0.01,0.02",001_002,0.01,0.02,smallcut,2000,bimix,A1A3_7525_bimix.fcs,False,0.781632698209032,0.542456140350877
"0.01,0.02",001_002,0.01,0.02,smallcut,2000,trimix,A3A05A1_454510_trimix.fcs,False,0.898624617411181,0.0801111111111111
"0.01,0.02",001_002,0.01,0.02,smallcut,2000,segment,A3A05_1585_segment.fcs,False,1.0,0.914291666666667
"0.01,0.02",001_002,0.01,0.02,smallcut,2000,trimix,A3A1A05_106525_trimix.fcs,False,0.66384394100512,0.514848024316109
"0.01,0.02",001_002,0.01,0.02,smallcut,2000,trimix,A3A1A05_305020_trimix.fcs,False,0.506246003197442,0.639149830566637
"0.01,0.02",001_002,0.01,0.02,smallcut,2000,trimix,A3A1A05_502525_trimix.fcs,False,0.492045011920711,0.375058823529412
"0.01,0.02",001_002,0.01,0.02,smallcut,2000,segment,A3A1_1090_segment.fcs,False,1.0,0.556923809523809
"0.01,0.02",001_002,0.01,0.02,smallcut,2000,segment,B05B1_4060_segment.fcs,False,0.963840539023021,0.973451327433628
"0.01,0.02",001_002,0.01,0.02,smallcut,2000,bimix,B05B1_6040_bimix.fcs,False,0.607684877754301,0.541444444444444
"0.01,0.02",001_002,0.01,0.02,smallcut,2000,bimix,B05B1_6535_bimix.fcs,False,0.673218552934733,0.65297619047619
"0.01,0.02",001_002,0.01,0.02,smallcut,2000,bimix,B05B1_7525_bimix.fcs,False,0.799058875652963,0.796349206349206
"0.01,0.02",001_002,0.01,0.02,smallcut,2000,segment,B05B1_8515_segment.fcs,False,1.0,0.821837560767244
"0.01,0.02",001_002,0.01,0.02,smallcut,2000,segment,B05B3_1090_segment.fcs,False,1.0,0.427017374517375
"0.01,0.02",001_002,0.01,0.02,smallcut,2000,segment,B05B3_2080_segment.fcs,False,1.0,0.625573770491803
"0.01,0.02",001_002,0.01,0.02,smallcut,2000,segment,B05B3_4060_segment.fcs,False,1.0,0.942071197411003
"0.01,0.02",001_002,0.01,0.02,smallcut,2000,bimix,B05B3_6040_bimix.fcs,False,0.615297416295193,0.748012422360248
"0.01,0.02",001_002,0.01,0.02,smallcut,2000,bimix,B05B3_7525_bimix.fcs,False,0.780737454100367,0.696444444444444
"0.01,0.02",001_002,0.01,0.02,smallcut,2000,bimix,B05B3_9010_bimix.fcs,False,1.0,0.52320987654321
"0.01,0.02",001_002,0.01,0.02,smallcut,2000,trimix,B1B05B3_103060_trimix.fcs,False,0.614851395977184,0.70537037037037
"0.01,0.02",001_002,0.01,0.02,smallcut,2000,trimix,B1B05B3_205030_trimix.fcs,False,0.515445899517004,0.854514285714286
"0.01,0.02",001_002,0.01,0.02,smallcut,2000,trimix,B1B05B3_355510_trimix.fcs,False,0.571674021299322,0.687295597484277
"0.01,0.02",001_002,0.01,0.02,smallcut,2000,segment,B1B05_7525_segment.fcs,False,1.0,0.852769157316782
"0.01,0.02",001_002,0.01,0.02,smallcut,2000,trimix,B1B3B05_101080_trimix.fcs,False,0.901735695019034,0.682369477911647
"0.01,0.02",001_002,0.01,0.02,smallcut,2000,trimix,B1B3B05_302545_trimix.fcs,False,0.473357899046616,0.927037037037037
"0.01,0.02",001_002,0.01,0.02,smallcut,2000,trimix,B1B3B05_504010_trimix.fcs,False,0.504464601769911,0.63465216678507
"0.01,0.02",001_002,0.01,0.02,smallcut,2000,trimix,B1B3B05_651025_trimix.fcs,False,0.666747321991178,0.559670781893004
"0.01,0.02",001_002,0.01,0.02,smallcut,2000,bimix,B1B3_1585_bimix.fcs,False,0.858146887432376,0.314321428571429
"0.01,0.02",001_002,0.01,0.02,smallcut,2000,bimix,B1B3_5545_bimix.fcs,False,0.550612991803447,0.463406862745098
"0.01,0.02",001_002,0.01,0.02,smallcut,2000,segment,B1B3_6040_segment.fcs,False,0.601072404028218,0.428571428571429
"0.01,0.02",001_002,0.01,0.02,smallcut,2000,bimix,B1B3_8020_bimix.fcs,False,0.813891580028052,0.454827586206897
"0.01,0.02",001_002,0.01,0.02,smallcut,2000,segment,B1B3_8515_segment.fcs,False,1.0,0.687643780635327
"0.01,0.02",001_002,0.01,0.02,smallcut,2000,segment,B3B05_9010_segment.fcs,False,1.0,0.419251080172828
"0.01,0.02",001_002,0.01,0.02,smallcut,2000,segment,B3B1_4060_segment.fcs,False,1.0,0.957807039133645
"0.01,0.02",001_002,0.01,0.02,smallcut,2000,segment,B3B1_8020_segment.fcs,False,1.0,0.718896050427326
"0.01,0.02",001_002,0.01,0.02,smallcut,2000,segment,C05C1_1090_segment.fcs,False,1.0,0.805879120879121
"0.01,0.02",001_002,0.01,0.02,smallcut,2000,segment,C05C1_1585_segment.fcs,False,1.0,0.717289484117651
"0.01,0.02",001_002,0.01,0.02,smallcut,2000,bimix,C05C1_8515_bimix.fcs,False,0.885975798945082,0.417307692307692
"0.01,0.02",001_002,0.01,0.02,smallcut,2000,segment,C05C3_1585_segment.fcs,False,1.0,0.40947043687478
"0.01,0.02",001_002,0.01,0.02,smallcut,2000,segment,C05C3_3565_segment.fcs,False,1.0,0.937802534310481
"0.01,0.02",001_002,0.01,0.02,smallcut,2000,bimix,C05C3_7030_bimix.fcs,False,0.710880432973549,0.613333333333333
"0.01,0.02",001_002,0.01,0.02,smallcut,2000,bimix,C05C3_8515_bimix.fcs,False,0.987801204819277,0.578400149868865
"0.01,0.02",001_002,0.01,0.02,smallcut,2000,segment,C05C3_9010_segment.fcs,False,0.998713998010337,0.577488262910798
"0.01,0.02",001_002,0.01,0.02,smallcut,2000,segment,C1C05_3070_segment.fcs,False,0.708115639150122,0.4
"0.01,0.02",001_002,0.01,0.02,smallcut,2000,bimix,C1C05_4060_bimix.fcs,False,0.629564130678268,0.697023809523809
"0.01,0.02",001_002,0.01,0.02,smallcut,2000,bimix,C1C05_6040_bimix.fcs,False,0.599463309932077,0.392795454545455
"0.01,0.02",001_002,0.01,0.02,smallcut,2000,segment,C1C05_9010_segment.fcs,False,1.0,0.78224
"0.01,0.02",001_002,0.01,0.02,smallcut,2000,trimix,C1C3C05_106030_trimix.fcs,False,0.622985356582994,0.776060606060606
"0.01,0.02",001_002,0.01,0.02,smallcut,2000,trimix,C1C3C05_352045_trimix.fcs,False,0.462233316497122,0.871777777777778
"0.01,0.02",001_002,0.01,0.02,smallcut,2000,trimix,C1C3C05_353530_trimix.fcs,False,0.698371848739496,0.244703292671742
"0.01,0.02",001_002,0.01,0.02,smallcut,2000,trimix,C1C3C05_801010_trimix.fcs,False,0.823031381816663,0.461603927986907
"0.01,0.02",001_002,0.01,0.02,smallcut,2000,bimix,C1C3_1090_bimix.fcs,False,0.916540768461923,0.329333333333333
"0.01,0.02",001_002,0.01,0.02,smallcut,2000,segment,C1C3_2575_segment.fcs,False,1.0,0.76137210756723
"0.01,0.02",001_002,0.01,0.02,smallcut,2000,segment,C1C3_4555_segment.fcs,False,0.975641991429973,0.992248062015504
"0.01,0.02",001_002,0.01,0.02,smallcut,2000,segment,C1C3_7525_segment.fcs,False,1.0,0.888618574148509
"0.01,0.02",001_002,0.01,0.02,smallcut,2000,bimix,C3C05_4060_bimix.fcs,False,0.616935079732659,0.908730158730159
"0.01,0.02",001_002,0.01,0.02,smallcut,2000,segment,C3C05_4555_segment.fcs,False,0.54961623646366,0.44
"0.01,0.02",001_002,0.01,0.02,smallcut,2000,trimix,C3C1C05_101080_trimix.fcs,False,0.931309683869411,0.693527508090615
"0.01,0.02",001_002,0.01,0.02,smallcut,2000,trimix,C3C1C05_107020_trimix.fcs,False,0.717029152909726,0.586287878787879
"0.01,0.02",001_002,0.01,0.02,smallcut,2000,trimix,C3C1C05_204040_trimix.fcs,False,0.79815676713948,0.144555555555556
"0.01,0.02",001_002,0.01,0.02,smallcut,2000,trimix,C3C1C05_301555_trimix.fcs,False,0.556457532914494,0.797179487179487
"0.01,0.02",001_002,0.01,0.02,smallcut,2000,bimix,C3C1_3565_bimix.fcs,False,0.645614050771677,0.242755681818182
"0.01,0.02",001_002,0.01,0.02,smallcut,2000,bimix,C3C1_8020_bimix.fcs,False,0.814974083757626,0.521070789549126
"0.01,0.05",001_005,0.01,0.05,largecut,5000,trimix,A05A1A3_157510_trimix.fcs,False,0.997306818082855,0.718568481848185
"0.01,0.05",001_005,0.01,0.05,largecut,5000,trimix,A05A1A3_306010_trimix.fcs,False,0.810441527446301,0.940398365679265
"0.01,0.05",001_005,0.01,0.05,largecut,5000,trimix,A05A1A3_601030_trimix.fcs,False,0.824243646631706,0.948224852071006
"0.01,0.05",001_005,0.01,0.05,largecut,5000,bimix,A05A1_2080_bimix.fcs,False,0.992830638777283,0.67764799154334
"0.01,0.05",001_005,0.01,0.05,largecut,5000,bimix,A05A1_2575_bimix.fcs,False,0.987033573452343,0.857749287749288
"0.01,0.05",001_005,0.01,0.05,largecut,5000,bimix,A05A1_3070_bimix.fcs,False,0.873574967098925,0.854264859228363
"0.01,0.05",001_005,0.01,0.05,largecut,5000,bimix,A05A1_4060_bimix.fcs,False,0.603469797947741,0.431968810916179
"0.01,0.05",001_005,0.01,0.05,largecut,5000,segment,A05A1_4555_segment.fcs,False,0.564688044879084,0.76
"0.01,0.05",001_005,0.01,0.05,largecut,5000,trimix,A05A3A1_454510_trimix.fcs,False,0.950649501545326,0.715621468926554
"0.01,0.05",001_005,0.01,0.05,largecut,5000,bimix,A05A3_1090_bimix.fcs,False,1.0,0.336404494382022
"0.01,0.05",001_005,0.01,0.05,largecut,5000,bimix,A05A3_2575_bimix.fcs,False,1.0,0.650065359477124
"0.01,0.05",001_005,0.01,0.05,largecut,5000,segment,A05A3_4060_segment.fcs,False,1.0,0.830565760470242
"0.01,0.05",001_005,0.01,0.05,largecut,5000,bimix,A05A3_6040_bimix.fcs,False,0.623453630452521,0.867979797979798
"0.01,0.05",001_005,0.01,0.05,largecut,5000,bimix,A05A3_8020_bimix.fcs,False,1.0,0.6930291005291
"0.01,0.05",001_005,0.01,0.05,largecut,5000,segment,A05A3_8515_segment.fcs,False,0.998455953272924,0.853196078431373
"0.01,0.05",001_005,0.01,0.05,largecut,5000,segment,A1A05_4060_segment.fcs,False,0.590646201197954,0.178571428571429
"0.01,0.05",001_005,0.01,0.05,largecut,5000,segment,A1A05_5545_segment.fcs,False,0.96507616307724,0.982558823529412
"0.01,0.05",001_005,0.01,0.05,largecut,5000,trimix,A1A3A05_551035_trimix.fcs,False,0.605657811511702,0.901107351584128
"0.01,0.05",001_005,0.01,0.05,largecut,5000,trimix,A1A3A05_651025_trimix.fcs,False,0.759661071019445,0.710063492063492
"0.01,0.05",001_005,0.01,0.05,largecut,5000,trimix,A1A3A05_651520_trimix.fcs,False,0.892135313531353,0.914133122113836
"0.01,0.05",001_005,0.01,0.05,largecut,5000,bimix,A1A3_1090_bimix.fcs,False,1.0,0.337778110047847
"0.01,0.05",001_005,0.01,0.05,largecut,5000,bimix,A1A3_1585_bimix.fcs,False,1.0,0.41902559690256
"0.01,0.05",001_005,0.01,0.05,largecut,5000,segment,A1A3_7525_segment.fcs,False,1.0,0.677531978001607
"0.01,0.05",001_005,0.01,0.05,largecut,5000,segment,A1A3_8020_segment.fcs,False,1.0,0.580464993161865
"0.01,0.05",001_005,0.01,0.05,largecut,5000,bimix,A1A3_9010_bimix.fcs,False,1.0,0.624805194805195
"0.01,0.05",001_005,0.01,0.05,largecut,5000,segment,A3A05_1090_segment.fcs,False,1.0,0.485145833333333
"0.01,0.05",001_005,0.01,0.05,largecut,5000,segment,A3A05_7030_segment.fcs,False,1.0,0.782575089988499
"0.01,0.05",001_005,0.01,0.05,largecut,5000,trimix,A3A1A05_103555_trimix.fcs,False,0.641148414601652,0.895481770833333
"0.01,0.05",001_005,0.01,0.05,largecut,5000,segment,A3A1_1090_segment.fcs,False,1.0,0.812376623376623
"0.01,0.05",001_005,0.01,0.05,largecut,5000,segment,A3A1_2575_segment.fcs,False,1.0,0.880211069418386
"0.01,0.05",001_005,0.01,0.05,largecut,5000,bimix,B05B1_3070_bimix.fcs,False,0.840856523310444,0.836845730027548
"0.01,0.05",001_005,0.01,0.05,largecut,5000,segment,B05B1_3565_segment.fcs,False,1.0,0.77956758597208
"0.01,0.05",001_005,0.01,0.05,largecut,5000,segment,B05B1_6535_segment.fcs,False,0.649618712886363,0.333333333333333
"0.01,0.05",001_005,0.01,0.05,largecut,5000,bimix,B05B1_7030_bimix.fcs,False,0.733803326102675,0.710087719298246
"0.01,0.05",001_005,0.01,0.05,largecut,5000,trimix,B05B3B1_151570_trimix.fcs,False,0.978977047882865,0.785185822436339
"0.01,0.05",001_005,0.01,0.05,largecut,5000,trimix,B05B3B1_751510_trimix.fcs,False,0.971277630415561,0.883137909662404
"0.01,0.05",001_005,0.01,0.05,largecut,5000,segment,B05B3_5545_segment.fcs,False,0.994105494505494,0.985168627409436
"0.01,0.05",001_005,0.01,0.05,largecut,5000,bimix,B05B3_7030_bimix.fcs,False,0.984431709646609,0.961777777777778
"0.01,0.05",001_005,0.01,0.05,largecut,5000,segment,B1B05_2575_segment.fcs,False,0.995711222301644,0.884615384615385
"0.01,0.05",001_005,0.01,0.05,largecut,5000,bimix,B1B05_4555_bimix.fcs,False,0.584180840796588,0.8775
"0.01,0.05",001_005,0.01,0.05,largecut,5000,bimix,B1B05_7525_bimix.fcs,False,0.929283545482081,0.731786600496278
"0.01,0.05",001_005,0.01,0.05,largecut,5000,bimix,B1B3_2080_bimix.fcs,False,0.91552205951548,0.592072197153766
"0.01,0.05",001_005,0.01,0.05,largecut,5000,segment,B1B3_7030_segment.fcs,False,1.0,0.88096318346299
"0.01,0.05",001_005,0.01,0.05,largecut,5000,trimix,B3B05B1_652510_trimix.fcs,False,0.864325745191523,0.948100165562914
"0.01,0.05",001_005,0.01,0.05,largecut,5000,trimix,B3B05B1_801010_trimix.fcs,False,0.938516438659644,0.545511294261294
"0.01,0.05",001_005,0.01,0.05,largecut,5000,segment,B3B05_2080_segment.fcs,False,1.0,0.882121212121212
"0.01,0.05",001_005,0.01,0.05,largecut,5000,bimix,B3B05_3565_bimix.fcs,False,0.876931643610026,0.930424242424242
"0.01,0.05",001_005,0.01,0.05,largecut,5000,segment,B3B05_6040_segment.fcs,False,1.0,0.942071197411003
"0.01,0.05",001_005,0.01,0.05,largecut,5000,bimix,B3B05_6535_bimix.fcs,False,0.982144702842377,0.956893295561851
"0.01,0.05",001_005,0.01,0.05,largecut,5000,bimix,B3B05_7525_bimix.fcs,False,1.0,0.710629236919868
"0.01,0.05",001_005,0.01,0.05,largecut,5000,segment,B3B05_8020_segment.fcs,False,1.0,0.696350364963504
"0.01,0.05",001_005,0.01,0.05,largecut,5000,trimix,B3B1B05_204535_trimix.fcs,False,0.47609245214879,0.871111111111111
"0.01,0.05",001_005,0.01,0.05,largecut,5000,trimix,B3B1B05_253540_trimix.fcs,False,0.410063130493936,0.933986928104575
"0.01,0.05",001_005,0.01,0.05,largecut,5000,trimix,B3B1B05_503515_trimix.fcs,False,0.50090618336887,0.514166666666667
"0.01,0.05",001_005,0.01,0.05,largecut,5000,trimix,B3B1B05_651025_trimix.fcs,False,0.846935024354379,0.94984555984556
"0.01,0.05",001_005,0.01,0.05,largecut,5000,segment,B3B1_1090_segment.fcs,False,1.0,0.481111111111111
"0.01,0.05",001_005,0.01,0.05,largecut,5000,bimix,B3B1_1585_bimix.fcs,False,0.99994874715262,0.643942520541778
"0.01,0.05",001_005,0.01,0.05,largecut,5000,bimix,B3B1_2575_bimix.fcs,False,0.904350807313022,0.801384615384615
"0.01,0.05",001_005,0.01,0.05,largecut,5000,segment,B3B1_5545_segment.fcs,False,1.0,0.991414596035938
"0.01,0.05",001_005,0.01,0.05,largecut,5000,bimix,B3B1_6040_bimix.fcs,False,0.596991304347826,0.201164443221932
"0.01,0.05",001_005,0.01,0.05,largecut,5000,segment,B3B1_8020_segment.fcs,False,1.0,0.627028901161495
"0.01,0.05",001_005,0.01,0.05,largecut,5000,bimix,C05C1_7030_bimix.fcs,False,0.912089201877934,0.974835722819594
"0.01,0.05",001_005,0.01,0.05,largecut,5000,bimix,C05C1_7525_bimix.fcs,False,0.887773070853061,0.825920138888889
"0.01,0.05",001_005,0.01,0.05,largecut,5000,bimix,C05C3_8515_bimix.fcs,False,1.0,0.705765306122449
"0.01,0.05",001_005,0.01,0.05,largecut,5000,segment,C1C05_1585_segment.fcs,False,1.0,0.898376623376623
"0.01,0.05",001_005,0.01,0.05,largecut,5000,bimix,C1C05_2080_bimix.fcs,False,0.969556025369979,0.897391304347826
"0.01,0.05",001_005,0.01,0.05,largecut,5000,bimix,C1C05_3070_bimix.fcs,False,0.732305492090622,0.580484848484848
"0.01,0.05",001_005,0.01,0.05,largecut,5000,segment,C1C05_4060_segment.fcs,False,0.997036854911869,1.0
"0.01,0.05",001_005,0.01,0.05,largecut,5000,segment,C1C05_5545_segment.fcs,False,0.618925004356479,0.941176470588235
"0.01,0.05",001_005,0.01,0.05,largecut,5000,trimix,C1C3C05_107515_trimix.fcs,False,0.924606823572341,0.655682174683523
"0.01,0.05",001_005,0.01,0.05,largecut,5000,trimix,C1C3C05_205525_trimix.fcs,False,0.728304008265719,0.945143459915612
"0.01,0.05",001_005,0.01,0.05,largecut,5000,trimix,C1C3C05_302545_trimix.fcs,False,0.452905039566847,0.631578947368421
"0.01,0.05",001_005,0.01,0.05,largecut,5000,trimix,C1C3C05_452035_trimix.fcs,False,0.460847729765837,0.9178125
"0.01,0.05",001_005,0.01,0.05,largecut,5000,bimix,C1C3_1090_bimix.fcs,False,1.0,0.358189424364123
"0.01,0.05",001_005,0.01,0.05,largecut,5000,bimix,C1C3_3070_bimix.fcs,False,0.728637392428926,0.923733031674208
"0.01,0.05",001_005,0.01,0.05,largecut,5000,trimix,C3C05C1_101080_trimix.fcs,False,0.990468005312915,0.668846153846154
"0.01,0.05",001_005,0.01,0.05,largecut,5000,trimix,C3C05C1_651025_trimix.fcs,False,0.665878825649132,0.958350877192983
"0.01,0.05",001_005,0.01,0.05,largecut,5000,segment,C3C05_1090_segment.fcs,False,1.0,0.505406504065041
"0.01,0.05",001_005,0.01,0.05,largecut,5000,segment,C3C05_1585_segment.fcs,False,1.0,0.713144329896907
"0.01,0.05",001_005,0.01,0.05,largecut,5000,segment,C3C05_2575_segment.fcs,False,1.0,0.777083333333333
"0.01,0.05",001_005,0.01,0.05,largecut,5000,bimix,C3C05_6535_bimix.fcs,False,0.971348207927842,0.971018148628877
"0.01,0.05",001_005,0.01,0.05,largecut,5000,bimix,C3C05_9010_bimix.fcs,False,1.0,0.364781867757328
"0.01,0.05",001_005,0.01,0.05,largecut,5000,segment,C3C05_9010_segment.fcs,False,1.0,0.243801186173485
"0.01,0.05",001_005,0.01,0.05,largecut,5000,trimix,C3C1C05_104545_trimix.fcs,False,0.941766231699888,0.543222222222222
"0.01,0.05",001_005,0.01,0.05,largecut,5000,trimix,C3C1C05_403525_trimix.fcs,False,0.407424578887505,0.990795454545455
"0.01,0.05",001_005,0.01,0.05,largecut,5000,segment,C3C1_1585_segment.fcs,False,1.0,0.842859003676151
"0.01,0.05",001_005,0.01,0.05,largecut,5000,segment,C3C1_3070_segment.fcs,False,1.0,0.944024238804666
"0.01,0.05",001_005,0.01,0.05,largecut,5000,bimix,C3C1_4060_bimix.fcs,False,0.607364622533415,1.0
"0.01,0.05",001_005,0.01,0.05,largecut,5000,segment,C3C1_4555_segment.fcs,False,0.568091571272636,0.814814814814815
"0.01,0.05",001_005,0.01,0.05,largecut,5000,segment,C3C1_9010_segment.fcs,False,1.0,0.251256658854237
"0.01,0.05",001_005,0.01,0.05,smallcut,2000,trimix,A05A1A3_405010_trimix.fcs,False,0.506726910504893,0.644
"0.01,0.05",001_005,0.01,0.05,smallcut,2000,segment,A05A1_1090_segment.fcs,False,1.0,0.719827387802071
"0.01,0.05",001_005,0.01,0.05,smallcut,2000,segment,A05A1_1585_segment.fcs,False,1.0,0.639634986225895
"0.01,0.05",001_005,0.01,0.05,smallcut,2000,bimix,A05A1_3565_bimix.fcs,False,0.652113620324629,0.3874375
"0.01,0.05",001_005,0.01,0.05,smallcut,2000,bimix,A05A1_4555_bimix.fcs,False,0.544871912504129,0.37722972972973
"0.01,0.05",001_005,0.01,0.05,smallcut,2000,bimix,A05A1_5545_bimix.fcs,False,0.556043981535178,0.577067307692308
"0.01,0.05",001_005,0.01,0.05,smallcut,2000,bimix,A05A1_7030_bimix.fcs,False,0.738831804281346,0.754078506803448
"0.01,0.05",001_005,0.01,0.05,smallcut,2000,segment,A05A1_9010_segment.fcs,False,0.99863434619324,0.650285714285714
"0.01,0.05",001_005,0.01,0.05,smallcut,2000,bimix,A05A3_1585_bimix.fcs,False,0.872334462931657,0.4575625
"0.01,0.05",001_005,0.01,0.05,smallcut,2000,bimix,A05A3_2080_bimix.fcs,False,0.812848726226995,0.513091787439613
"0.01,0.05",001_005,0.01,0.05,smallcut,2000,segment,A05A3_3565_segment.fcs,False,1.0,0.778762807826239
"0.01,0.05",001_005,0.01,0.05,smallcut,2000,bimix,A05A3_7525_bimix.fcs,False,0.871834582376405,0.734294294294294
"0.01,0.05",001_005,0.01,0.05,smallcut,2000,bimix,A05A3_9010_bimix.fcs,False,0.999005986671185,0.41405017921147
"0.01,0.05",001_005,0.01,0.05,smallcut,2000,segment,A05A3_9010_segment.fcs,False,0.999615109693737,0.455235294117647
"0.01,0.05",001_005,0.01,0.05,smallcut,2000,trimix,A1A05A3_501535_trimix.fcs,False,0.500866183833179,0.541452991452991
"0.01,0.05",001_005,0.01,0.05,smallcut,2000,segment,A1A05_4555_segment.fcs,False,0.55080928986556,0.5
"0.01,0.05",001_005,0.01,0.05,smallcut,2000,trimix,A1A3A05_106525_trimix.fcs,False,0.652667002863455,0.425032467532468
"0.01,0.05",001_005,0.01,0.05,smallcut,2000,trimix,A1A3A05_252055_trimix.fcs,False,0.602120376121214,0.967040229885057
"0.01,0.05",001_005,0.01,0.05,smallcut,2000,segment,A1A3_3070_segment.fcs,False,1.0,0.820421385810799
"0.01,0.05",001_005,0.01,0.05,smallcut,2000,segment,A1A3_5545_segment.fcs,False,0.99601402373247,0.980744791466092
"0.01,0.05",001_005,0.01,0.05,smallcut,2000,bimix,A1A3_6040_bimix.fcs,False,0.617043283896976,0.648667763157895
"0.01,0.05",001_005,0.01,0.05,smallcut,2000,bimix,A1A3_7525_bimix.fcs,False,0.782444486196783,0.528169398907104
"0.01,0.05",001_005,0.01,0.05,smallcut,2000,trimix,A3A05A1_454510_trimix.fcs,False,0.899614200537781,0.0947692307692308
"0.01,0.05",001_005,0.01,0.05,smallcut,2000,segment,A3A05_1585_segment.fcs,False,1.0,0.812703703703704
"0.01,0.05",001_005,0.01,0.05,smallcut,2000,trimix,A3A1A05_106525_trimix.fcs,False,0.660864996137593,0.46635989010989
"0.01,0.05",001_005,0.01,0.05,smallcut,2000,trimix,A3A1A05_305020_trimix.fcs,False,0.506487226277372,0.608740536820372
"0.01,0.05",001_005,0.01,0.05,smallcut,2000,trimix,A3A1A05_502525_trimix.fcs,False,0.488844588815647,0.348088235294118
"0.01,0.05",001_005,0.01,0.05,smallcut,2000,segment,A3A1_1090_segment.fcs,False,1.0,0.414730496453901
"0.01,0.05",001_005,0.01,0.05,smallcut,2000,segment,B05B1_4060_segment.fcs,False,1.0,0.962314049586777
"0.01,0.05",001_005,0.01,0.05,smallcut,2000,bimix,B05B1_6040_bimix.fcs,False,0.607362670713202,0.522525252525253
"0.01,0.05",001_005,0.01,0.05,smallcut,2000,bimix,B05B1_6535_bimix.fcs,False,0.67682242002072,0.633267973856209
"0.01,0.05",001_005,0.01,0.05,smallcut,2000,bimix,B05B1_7525_bimix.fcs,False,0.803357593119043,0.7405
"0.01,0.05",001_005,0.01,0.05,smallcut,2000,segment,B05B1_8515_segment.fcs,False,1.0,0.802255624168536
"0.01,0.05",001_005,0.01,0.05,smallcut,2000,segment,B05B3_1090_segment.fcs,False,1.0,0.42100304529882
"0.01,0.05",001_005,0.01,0.05,smallcut,2000,segment,B05B3_2080_segment.fcs,False,1.0,0.622173913043478
"0.01,0.05",001_005,0.01,0.05,smallcut,2000,segment,B05B3_4060_segment.fcs,False,1.0,0.949755301794454
"0.01,0.05",001_005,0.01,0.05,smallcut,2000,bimix,B05B3_6040_bimix.fcs,False,0.618812260536398,0.833019105077929
"0.01,0.05",001_005,0.01,0.05,smallcut,2000,bimix,B05B3_7525_bimix.fcs,False,0.780513852344838,0.625523809523809
"0.01,0.05",001_005,0.01,0.05,smallcut,2000,bimix,B05B3_9010_bimix.fcs,False,1.0,0.487126436781609
"0.01,0.05",001_005,0.01,0.05,smallcut,2000,trimix,B1B05B3_103060_trimix.fcs,False,0.613565164801935,0.641182795698925
"0.01,0.05",001_005,0.01,0.05,smallcut,2000,trimix,B1B05B3_205030_trimix.fcs,False,0.514549159956258,0.848452380952381
"0.01,0.05",001_005,0.01,0.05,smallcut,2000,trimix,B1B05B3_355510_trimix.fcs,False,0.571921603394231,0.675982142857143
"0.01,0.05",001_005,0.01,0.05,smallcut,2000,segment,B1B05_7525_segment.fcs,False,1.0,0.832886453718816
"0.01,0.05",001_005,0.01,0.05,smallcut,2000,trimix,B1B3B05_101080_trimix.fcs,False,0.901233832285633,0.666313725490196
"0.01,0.05",001_005,0.01,0.05,smallcut,2000,trimix,B1B3B05_302545_trimix.fcs,False,0.474249501900313,0.929183006535948
"0.01,0.05",001_005,0.01,0.05,smallcut,2000,trimix,B1B3B05_504010_trimix.fcs,False,0.505984629294756,0.607297270536981
"0.01,0.05",001_005,0.01,0.05,smallcut,2000,trimix,B1B3B05_651025_trimix.fcs,False,0.665482605945604,0.534300392867936
"0.01,0.05",001_005,0.01,0.05,smallcut,2000,bimix,B1B3_1585_bimix.fcs,False,0.858727557596643,0.319508620689655
"0.01,0.05",001_005,0.01,0.05,smallcut,2000,bimix,B1B3_5545_bimix.fcs,False,0.552007625154704,0.488235294117647
"0.01,0.05",001_005,0.01,0.05,smallcut,2000,segment,B1B3_6040_segment.fcs,False,1.0,0.930681263073512
"0.01,0.05",001_005,0.01,0.05,smallcut,2000,bimix,B1B3_8020_bimix.fcs,False,0.816876100998238,0.43915123777824
"0.01,0.05",001_005,0.01,0.05,smallcut,2000,segment,B1B3_8515_segment.fcs,False,1.0,0.625135875611043
"0.01,0.05",001_005,0.01,0.05,smallcut,2000,segment,B3B05_9010_segment.fcs,False,1.0,0.327528441055132
"0.01,0.05",001_005,0.01,0.05,smallcut,2000,segment,B3B1_4060_segment.fcs,False,1.0,0.961831438457736
"0.01,0.05",001_005,0.01,0.05,smallcut,2000,segment,B3B1_8020_segment.fcs,False,1.0,0.620421965742851
"0.01,0.05",001_005,0.01,0.05,smallcut,2000,segment,C05C1_1090_segment.fcs,False,1.0,0.731521197007481
"0.01,0.05",001_005,0.01,0.05,smallcut,2000,segment,C05C1_1585_segment.fcs,False,1.0,0.566532033352263
"0.01,0.05",001_005,0.01,0.05,smallcut,2000,bimix,C05C1_8515_bimix.fcs,False,0.903587863869863,0.457923076923077
"0.01,0.05",001_005,0.01,0.05,smallcut,2000,segment,C05C3_1585_segment.fcs,False,1.0,0.411404272885335
"0.01,0.05",001_005,0.01,0.05,smallcut,2000,segment,C05C3_3565_segment.fcs,False,1.0,0.867252949852507
"0.01,0.05",001_005,0.01,0.05,smallcut,2000,bimix,C05C3_7030_bimix.fcs,False,0.715022946462395,0.653623188405797
"0.01,0.05",001_005,0.01,0.05,smallcut,2000,bimix,C05C3_8515_bimix.fcs,False,0.992094801223242,0.565631710808876
"0.01,0.05",001_005,0.01,0.05,smallcut,2000,segment,C05C3_9010_segment.fcs,False,0.998655266028975,0.476763565891473
"0.01,0.05",001_005,0.01,0.05,smallcut,2000,segment,C1C05_3070_segment.fcs,False,0.708115639150122,0.4
"0.01,0.05",001_005,0.01,0.05,smallcut,2000,bimix,C1C05_4060_bimix.fcs,False,0.631456921820191,0.66125313283208
"0.01,0.05",001_005,0.01,0.05,smallcut,2000,bimix,C1C05_6040_bimix.fcs,False,0.602034503206334,0.425186046511628
"0.01,0.05",001_005,0.01,0.05,smallcut,2000,segment,C1C05_9010_segment.fcs,False,1.0,0.686978922716628
"0.01,0.05",001_005,0.01,0.05,smallcut,2000,trimix,C1C3C05_106030_trimix.fcs,False,0.624662770105768,0.767863247863248
"0.01,0.05",001_005,0.01,0.05,smallcut,2000,trimix,C1C3C05_352045_trimix.fcs,False,0.463366818771436,0.854299516908213
"0.01,0.05",001_005,0.01,0.05,smallcut,2000,trimix,C1C3C05_353530_trimix.fcs,False,0.698571428571429,0.257335609201008
"0.01,0.05",001_005,0.01,0.05,smallcut,2000,trimix,C1C3C05_801010_trimix.fcs,False,0.823031381816663,0.461603927986907
"0.01,0.05",001_005,0.01,0.05,smallcut,2000,bimix,C1C3_1090_bimix.fcs,False,0.916739024790245,0.320231481481482
"0.01,0.05",001_005,0.01,0.05,smallcut,2000,segment,C1C3_2575_segment.fcs,False,1.0,0.753642441500557
"0.01,0.05",001_005,0.01,0.05,smallcut,2000,segment,C1C3_4555_segment.fcs,False,0.622321583615026,0.958904109589041
"0.01,0.05",001_005,0.01,0.05,smallcut,2000,segment,C1C3_7525_segment.fcs,False,1.0,0.856895144838841
"0.01,0.05",001_005,0.01,0.05,smallcut,2000,bimix,C3C05_4060_bimix.fcs,False,0.61940469041457,0.873506493506493
"0.01,0.05",001_005,0.01,0.05,smallcut,2000,segment,C3C05_4555_segment.fcs,False,0.959208805774983,0.947712418300654
"0.01,0.05",001_005,0.01,0.05,smallcut,2000,trimix,C3C1C05_101080_trimix.fcs,False,0.934859093600864,0.682866043613707
"0.01,0.05",001_005,0.01,0.05,smallcut,2000,trimix,C3C1C05_107020_trimix.fcs,False,0.716141799354883,0.554910714285714
"0.01,0.05",001_005,0.01,0.05,smallcut,2000,trimix,C3C1C05_204040_trimix.fcs,False,0.797408423550348,0.1301
"0.01,0.05",001_005,0.01,0.05,smallcut,2000,trimix,C3C1C05_301555_trimix.fcs,False,0.558053598233151,0.824222222222222
"0.01,0.05",001_005,0.01,0.05,smallcut,2000,bimix,C3C1_3565_bimix.fcs,False,0.645614050771677,0.242755681818182
"0.01,0.05",001_005,0.01,0.05,smallcut,2000,bimix,C3C1_8020_bimix.fcs,False,0.816330935251799,0.512302962103155
"0.01,0.09",001_009,0.01,0.09,largecut,5000,trimix,A05A1A3_157510_trimix.fcs,False,0.998132046080597,0.706185275080906
"0.01,0.09",001_009,0.01,0.09,largecut,5000,trimix,A05A1A3_306010_trimix.fcs,False,0.76724006116208,0.898859749144812
"0.01,0.09",001_009,0.01,0.09,largecut,5000,trimix,A05A1A3_601030_trimix.fcs,False,0.822842232035327,0.953992015968064
"0.01,0.09",001_009,0.01,0.09,largecut,5000,bimix,A05A1_2080_bimix.fcs,False,0.995949765815329,0.65873031995937
"0.01,0.09",001_009,0.01,0.09,largecut,5000,bimix,A05A1_2575_bimix.fcs,False,0.983842930595964,0.876109750122489
"0.01,0.09",001_009,0.01,0.09,largecut,5000,bimix,A05A1_3070_bimix.fcs,False,0.870994137882502,0.840828157349896
"0.01,0.09",001_009,0.01,0.09,largecut,5000,bimix,A05A1_4060_bimix.fcs,False,0.602659857431642,0.423148148148148
"0.01,0.09",001_009,0.01,0.09,largecut,5000,segment,A05A1_4555_segment.fcs,False,0.565760291660337,0.769230769230769
"0.01,0.09",001_009,0.01,0.09,largecut,5000,trimix,A05A3A1_454510_trimix.fcs,False,0.953111178714343,0.690963541666667
"0.01,0.09",001_009,0.01,0.09,largecut,5000,bimix,A05A3_1090_bimix.fcs,False,1.0,0.334525139664804
"0.01,0.09",001_009,0.01,0.09,largecut,5000,bimix,A05A3_2575_bimix.fcs,False,1.0,0.661831248336439
"0.01,0.09",001_009,0.01,0.09,largecut,5000,segment,A05A3_4060_segment.fcs,False,1.0,0.833628318584071
"0.01,0.09",001_009,0.01,0.09,largecut,5000,bimix,A05A3_6040_bimix.fcs,False,0.623255624513153,0.823425925925926
"0.01,0.09",001_009,0.01,0.09,largecut,5000,bimix,A05A3_8020_bimix.fcs,False,1.0,0.709932249322493
"0.01,0.09",001_009,0.01,0.09,largecut,5000,segment,A05A3_8515_segment.fcs,False,0.998387884498191,0.710996732026144
"0.01,0.09",001_009,0.01,0.09,largecut,5000,segment,A1A05_4060_segment.fcs,False,0.587978257183812,0.214285714285714
"0.01,0.09",001_009,0.01,0.09,largecut,5000,segment,A1A05_5545_segment.fcs,False,0.999435415090033,0.969638888888889
"0.01,0.09",001_009,0.01,0.09,largecut,5000,trimix,A1A3A05_551035_trimix.fcs,False,0.607216921119593,0.890767421346663
"0.01,0.09",001_009,0.01,0.09,largecut,5000,trimix,A1A3A05_651025_trimix.fcs,False,0.763103675422142,0.71429614181439
"0.01,0.09",001_009,0.01,0.09,largecut,5000,trimix,A1A3A05_651520_trimix.fcs,False,0.892843672456576,0.911146622218314
"0.01,0.09",001_009,0.01,0.09,largecut,5000,bimix,A1A3_1090_bimix.fcs,False,1.0,0.319617996604414
"0.01,0.09",001_009,0.01,0.09,largecut,5000,bimix,A1A3_1585_bimix.fcs,False,1.0,0.415096952908587
"0.01,0.09",001_009,0.01,0.09,largecut,5000,segment,A1A3_7525_segment.fcs,False,1.0,0.633493182343425
"0.01,0.09",001_009,0.01,0.09,largecut,5000,segment,A1A3_8020_segment.fcs,False,1.0,0.531461808781355
"0.01,0.09",001_009,0.01,0.09,largecut,5000,bimix,A1A3_9010_bimix.fcs,False,1.0,0.598497607655502
"0.01,0.09",001_009,0.01,0.09,largecut,5000,segment,A3A05_1090_segment.fcs,False,1.0,0.356070336391437
"0.01,0.09",001_009,0.01,0.09,largecut,5000,segment,A3A05_7030_segment.fcs,False,1.0,0.644054306540632
"0.01,0.09",001_009,0.01,0.09,largecut,5000,trimix,A3A1A05_103555_trimix.fcs,False,0.64463421122639,0.916902887139108
"0.01,0.09",001_009,0.01,0.09,largecut,5000,segment,A3A1_1090_segment.fcs,False,1.0,0.748241626794258
"0.01,0.09",001_009,0.01,0.09,largecut,5000,segment,A3A1_2575_segment.fcs,False,1.0,0.844179037336932
"0.01,0.09",001_009,0.01,0.09,largecut,5000,bimix,B05B1_3070_bimix.fcs,False,0.84016333938294,0.823238482384824
"0.01,0.09",001_009,0.01,0.09,largecut,5000,segment,B05B1_3565_segment.fcs,False,1.0,0.889506604506604
"0.01,0.09",001_009,0.01,0.09,largecut,5000,segment,B05B1_6535_segment.fcs,False,0.65094739104055,0.4
"0.01,0.09",001_009,0.01,0.09,largecut,5000,bimix,B05B1_7030_bimix.fcs,False,0.742347314201619,0.717028985507246
"0.01,0.09",001_009,0.01,0.09,largecut,5000,trimix,B05B3B1_151570_trimix.fcs,False,0.982694622792937,0.7734375
"0.01,0.09",001_009,0.01,0.09,largecut,5000,trimix,B05B3B1_751510_trimix.fcs,False,0.969153439153439,0.883531526019959
"0.01,0.09",001_009,0.01,0.09,largecut,5000,segment,B05B3_5545_segment.fcs,False,0.994105494505494,0.985168627409436
"0.01,0.09",001_009,0.01,0.09,largecut,5000,bimix,B05B3_7030_bimix.fcs,False,0.983046800382044,0.958555555555556
"0.01,0.09",001_009,0.01,0.09,largecut,5000,segment,B1B05_2575_segment.fcs,False,0.995659512900892,0.858208955223881
"0.01,0.09",001_009,0.01,0.09,largecut,5000,bimix,B1B05_4555_bimix.fcs,False,0.586310422764058,0.882826086956522
"0.01,0.09",001_009,0.01,0.09,largecut,5000,bimix,B1B05_7525_bimix.fcs,False,0.91457912018614,0.725300889586604
"0.01,0.09",001_009,0.01,0.09,largecut,5000,bimix,B1B3_2080_bimix.fcs,False,0.917698864103365,0.591853625170999
"0.01,0.09",001_009,0.01,0.09,largecut,5000,segment,B1B3_7030_segment.fcs,False,1.0,0.83360965581272
"0.01,0.09",001_009,0.01,0.09,largecut,5000,trimix,B3B05B1_652510_trimix.fcs,False,0.864325745191523,0.948100165562914
"0.01,0.09",001_009,0.01,0.09,largecut,5000,trimix,B3B05B1_801010_trimix.fcs,False,0.938516438659644,0.545511294261294
"0.01,0.09",001_009,0.01,0.09,largecut,5000,segment,B3B05_2080_segment.fcs,False,1.0,0.816168224299065
"0.01,0.09",001_009,0.01,0.09,largecut,5000,bimix,B3B05_3565_bimix.fcs,False,0.909248741897575,0.936222222222222
"0.01,0.09",001_009,0.01,0.09,largecut,5000,segment,B3B05_6040_segment.fcs,False,1.0,0.930775379696243
"0.01,0.09",001_009,0.01,0.09,largecut,5000,bimix,B3B05_6535_bimix.fcs,False,0.982236503856041,0.966015252621544
"0.01,0.09",001_009,0.01,0.09,largecut,5000,bimix,B3B05_7525_bimix.fcs,False,1.0,0.703640185881832
"0.01,0.09",001_009,0.01,0.09,largecut,5000,segment,B3B05_8020_segment.fcs,False,1.0,0.614163090128755
"0.01,0.09",001_009,0.01,0.09,largecut,5000,trimix,B3B1B05_204535_trimix.fcs,False,0.476009372746936,0.877954545454545
"0.01,0.09",001_009,0.01,0.09,largecut,5000,trimix,B3B1B05_253540_trimix.fcs,False,0.412194201162614,0.942277777777778
"0.01,0.09",001_009,0.01,0.09,largecut,5000,trimix,B3B1B05_503515_trimix.fcs,False,0.503667687595712,0.552521929824561
"0.01,0.09",001_009,0.01,0.09,largecut,5000,trimix,B3B1B05_651025_trimix.fcs,False,0.846935024354379,0.94984555984556
"0.01,0.09",001_009,0.01,0.09,largecut,5000,segment,B3B1_1090_segment.fcs,False,1.0,0.461393442622951
"0.01,0.09",001_009,0.01,0.09,largecut,5000,bimix,B3B1_1585_bimix.fcs,False,0.999947552447552,0.598994869647157
"0.01,0.09",001_009,0.01,0.09,largecut,5000,bimix,B3B1_2575_bimix.fcs,False,0.89065662282778,0.762926829268293
"0.01,0.09",001_009,0.01,0.09,largecut,5000,segment,B3B1_5545_segment.fcs,False,1.0,0.991414596035938
"0.01,0.09",001_009,0.01,0.09,largecut,5000,bimix,B3B1_6040_bimix.fcs,False,0.596991304347826,0.201164443221932
"0.01,0.09",001_009,0.01,0.09,largecut,5000,segment,B3B1_8020_segment.fcs,False,1.0,0.63377806703547
"0.01,0.09",001_009,0.01,0.09,largecut,5000,bimix,C05C1_7030_bimix.fcs,False,0.934014423076923,0.976584213451918
"0.01,0.09",001_009,0.01,0.09,largecut,5000,bimix,C05C1_7525_bimix.fcs,False,0.97057544638727,0.830097323600973
"0.01,0.09",001_009,0.01,0.09,largecut,5000,bimix,C05C3_8515_bimix.fcs,False,1.0,0.698636363636364
"0.01,0.09",001_009,0.01,0.09,largecut,5000,segment,C1C05_1585_segment.fcs,False,1.0,0.854012345679012
"0.01,0.09",001_009,0.01,0.09,largecut,5000,bimix,C1C05_2080_bimix.fcs,False,0.982758620689655,0.883870967741936
"0.01,0.09",001_009,0.01,0.09,largecut,5000,bimix,C1C05_3070_bimix.fcs,False,0.741069437315256,0.611720430107527
"0.01,0.09",001_009,0.01,0.09,largecut,5000,segment,C1C05_4060_segment.fcs,False,0.997036854911869,1.0
"0.01,0.09",001_009,0.01,0.09,largecut,5000,segment,C1C05_5545_segment.fcs,False,0.993038777032066,0.968577064748704
"0.01,0.09",001_009,0.01,0.09,largecut,5000,trimix,C1C3C05_107515_trimix.fcs,False,0.922224965706447,0.646890333350195
"0.01,0.09",001_009,0.01,0.09,largecut,5000,trimix,C1C3C05_205525_trimix.fcs,False,0.726832440935354,0.949619658119658
"0.01,0.09",001_009,0.01,0.09,largecut,5000,trimix,C1C3C05_302545_trimix.fcs,False,0.455465968586387,0.681818181818182
"0.01,0.09",001_009,0.01,0.09,largecut,5000,trimix,C1C3C05_452035_trimix.fcs,False,0.463403624666465,0.93078947368421
"0.01,0.09",001_009,0.01,0.09,largecut,5000,bimix,C1C3_1090_bimix.fcs,False,1.0,0.351831032215648
"0.01,0.09",001_009,0.01,0.09,largecut,5000,bimix,C1C3_3070_bimix.fcs,False,0.728637392428926,0.923733031674208
"0.01,0.09",001_009,0.01,0.09,largecut,5000,trimix,C3C05C1_101080_trimix.fcs,False,0.990513886677602,0.676904541241891
"0.01,0.09",001_009,0.01,0.09,largecut,5000,trimix,C3C05C1_651025_trimix.fcs,False,0.665878825649132,0.958350877192983
"0.01,0.09",001_009,0.01,0.09,largecut,5000,segment,C3C05_1090_segment.fcs,False,1.0,0.450471014492754
"0.01,0.09",001_009,0.01,0.09,largecut,5000,segment,C3C05_1585_segment.fcs,False,1.0,0.581302521008403
"0.01,0.09",001_009,0.01,0.09,largecut,5000,segment,C3C05_2575_segment.fcs,False,1.0,0.679417122040073
"0.01,0.09",001_009,0.01,0.09,largecut,5000,bimix,C3C05_6535_bimix.fcs,False,0.971348207927842,0.971018148628877
"0.01,0.09",001_009,0.01,0.09,largecut,5000,bimix,C3C05_9010_bimix.fcs,False,1.0,0.356044577511643
"0.01,0.09",001_009,0.01,0.09,largecut,5000,segment,C3C05_9010_segment.fcs,False,1.0,0.364376068498858
"0.01,0.09",001_009,0.01,0.09,largecut,5000,trimix,C3C1C05_104545_trimix.fcs,False,0.945940016006319,0.598412698412698
"0.01,0.09",001_009,0.01,0.09,largecut,5000,trimix,C3C1C05_403525_trimix.fcs,False,0.407424578887505,0.990795454545455
"0.01,0.09",001_009,0.01,0.09,largecut,5000,segment,C3C1_1585_segment.fcs,False,1.0,0.835003727919247
"0.01,0.09",001_009,0.01,0.09,largecut,5000,segment,C3C1_3070_segment.fcs,False,1.0,0.895128124557581
"0.01,0.09",001_009,0.01,0.09,largecut,5000,bimix,C3C1_4060_bimix.fcs,False,0.605470762985106,0.710052631578947
"0.01,0.09",001_009,0.01,0.09,largecut,5000,segment,C3C1_4555_segment.fcs,False,0.913360829294805,0.970212765957447
"0.01,0.09",001_009,0.01,0.09,largecut,5000,segment,C3C1_9010_segment.fcs,False,1.0,0.2523227349283
"0.01,0.09",001_009,0.01,0.09,smallcut,2000,trimix,A05A1A3_405010_trimix.fcs,False,0.506726910504893,0.644
"0.01,0.09",001_009,0.01,0.09,smallcut,2000,segment,A05A1_1090_segment.fcs,False,1.0,0.669016042780749
"0.01,0.09",001_009,0.01,0.09,smallcut,2000,segment,A05A1_1585_segment.fcs,False,1.0,0.607423152387181
"0.01,0.09",001_009,0.01,0.09,smallcut,2000,bimix,A05A1_3565_bimix.fcs,False,0.65252758988964,0.388378378378378
"0.01,0.09",001_009,0.01,0.09,smallcut,2000,bimix,A05A1_4555_bimix.fcs,False,0.543515975804357,0.371104651162791
"0.01,0.09",001_009,0.01,0.09,smallcut,2000,bimix,A05A1_5545_bimix.fcs,False,0.560890473621244,0.6328125
"0.01,0.09",001_009,0.01,0.09,smallcut,2000,bimix,A05A1_7030_bimix.fcs,False,0.739411764705882,0.750366185394434
"0.01,0.09",001_009,0.01,0.09,smallcut,2000,segment,A05A1_9010_segment.fcs,False,0.998641304347826,0.669411764705882
"0.01,0.09",001_009,0.01,0.09,smallcut,2000,bimix,A05A3_1585_bimix.fcs,False,0.871381254861291,0.438079655618941
"0.01,0.09",001_009,0.01,0.09,smallcut,2000,bimix,A05A3_2080_bimix.fcs,False,0.813930017821152,0.511111111111111
"0.01,0.09",001_009,0.01,0.09,smallcut,2000,segment,A05A3_3565_segment.fcs,False,1.0,0.778762807826239
"0.01,0.09",001_009,0.01,0.09,smallcut,2000,bimix,A05A3_7525_bimix.fcs,False,0.876799828441885,0.721680911680912
"0.01,0.09",001_009,0.01,0.09,smallcut,2000,bimix,A05A3_9010_bimix.fcs,False,0.999015990159902,0.427851851851852
"0.01,0.09",001_009,0.01,0.09,smallcut,2000,segment,A05A3_9010_segment.fcs,False,0.999568087863269,0.327923728813559
"0.01,0.09",001_009,0.01,0.09,smallcut,2000,trimix,A1A05A3_501535_trimix.fcs,False,0.502238974007538,0.577320261437908
"0.01,0.09",001_009,0.01,0.09,smallcut,2000,segment,A1A05_4555_segment.fcs,False,0.553796338559014,0.625
"0.01,0.09",001_009,0.01,0.09,smallcut,2000,trimix,A1A3A05_106525_trimix.fcs,False,0.658933581848992,0.529334975369458
"0.01,0.09",001_009,0.01,0.09,smallcut,2000,trimix,A1A3A05_252055_trimix.fcs,False,0.601169099879907,0.948107344632768
"0.01,0.09",001_009,0.01,0.09,smallcut,2000,segment,A1A3_3070_segment.fcs,False,1.0,0.918987874870228
"0.01,0.09",001_009,0.01,0.09,smallcut,2000,segment,A1A3_5545_segment.fcs,False,0.996001082251082,0.97698239152952
"0.01,0.09",001_009,0.01,0.09,smallcut,2000,bimix,A1A3_6040_bimix.fcs,False,0.617642412817009,0.619815340909091
"0.01,0.09",001_009,0.01,0.09,smallcut,2000,bimix,A1A3_7525_bimix.fcs,False,0.784380294727132,0.529348958333333
"0.01,0.09",001_009,0.01,0.09,smallcut,2000,trimix,A3A05A1_454510_trimix.fcs,False,0.901177575212237,0.114536585365854
"0.01,0.09",001_009,0.01,0.09,smallcut,2000,segment,A3A05_1585_segment.fcs,False,1.0,0.710129449838188
"0.01,0.09",001_009,0.01,0.09,smallcut,2000,trimix,A3A1A05_106525_trimix.fcs,False,0.659678432374284,0.44577806122449
"0.01,0.09",001_009,0.01,0.09,smallcut,2000,trimix,A3A1A05_305020_trimix.fcs,False,0.504806763285024,0.593133429940921
"0.01,0.09",001_009,0.01,0.09,smallcut,2000,trimix,A3A1A05_502525_trimix.fcs,False,0.489474675444191,0.334689075630252
"0.01,0.09",001_009,0.01,0.09,smallcut,2000,segment,A3A1_1090_segment.fcs,False,1.0,0.426839416058394
"0.01,0.09",001_009,0.01,0.09,smallcut,2000,segment,B05B1_4060_segment.fcs,False,0.948160351455244,0.981651376146789
"0.01,0.09",001_009,0.01,0.09,smallcut,2000,bimix,B05B1_6040_bimix.fcs,False,0.610698809887092,0.562314814814815
"0.01,0.09",001_009,0.01,0.09,smallcut,2000,bimix,B05B1_6535_bimix.fcs,False,0.677495956223974,0.622685185185185
"0.01,0.09",001_009,0.01,0.09,smallcut,2000,bimix,B05B1_7525_bimix.fcs,False,0.807808996662695,0.700057471264368
"0.01,0.09",001_009,0.01,0.09,smallcut,2000,segment,B05B1_8515_segment.fcs,False,1.0,0.740501805252644
"0.01,0.09",001_009,0.01,0.09,smallcut,2000,segment,B05B3_1090_segment.fcs,False,1.0,0.251371094398116
"0.01,0.09",001_009,0.01,0.09,smallcut,2000,segment,B05B3_2080_segment.fcs,False,1.0,0.622173913043478
"0.01,0.09",001_009,0.01,0.09,smallcut,2000,segment,B05B3_4060_segment.fcs,False,1.0,0.927070063694267
"0.01,0.09",001_009,0.01,0.09,smallcut,2000,bimix,B05B3_6040_bimix.fcs,False,0.618324650397587,0.803274741150975
"0.01,0.09",001_009,0.01,0.09,smallcut,2000,bimix,B05B3_7525_bimix.fcs,False,0.780513852344838,0.625523809523809
"0.01,0.09",001_009,0.01,0.09,smallcut,2000,bimix,B05B3_9010_bimix.fcs,False,1.0,0.465714285714286
"0.01,0.09",001_009,0.01,0.09,smallcut,2000,trimix,B1B05B3_103060_trimix.fcs,False,0.613565164801935,0.641182795698925
"0.01,0.09",001_009,0.01,0.09,smallcut,2000,trimix,B1B05B3_205030_trimix.fcs,False,0.515632195414956,0.818673469387755
"0.01,0.09",001_009,0.01,0.09,smallcut,2000,trimix,B1B05B3_355510_trimix.fcs,False,0.574383715550856,0.706454545454545
"0.01,0.09",001_009,0.01,0.09,smallcut,2000,segment,B1B05_7525_segment.fcs,False,1.0,0.832886453718816
"0.01,0.09",001_009,0.01,0.09,smallcut,2000,trimix,B1B3B05_101080_trimix.fcs,False,0.901735695019034,0.682369477911647
"0.01,0.09",001_009,0.01,0.09,smallcut,2000,trimix,B1B3B05_302545_trimix.fcs,False,0.478758377067329,0.938262108262108
"0.01,0.09",001_009,0.01,0.09,smallcut,2000,trimix,B1B3B05_504010_trimix.fcs,False,0.500877917414722,0.516369443705084
"0.01,0.09",001_009,0.01,0.09,smallcut,2000,trimix,B1B3B05_651025_trimix.fcs,False,0.667020512820513,0.522587376108503
"0.01,0.09",001_009,0.01,0.09,smallcut,2000,bimix,B1B3_1585_bimix.fcs,False,0.859232538566852,0.277375
"0.01,0.09",001_009,0.01,0.09,smallcut,2000,bimix,B1B3_5545_bimix.fcs,False,0.551826142407015,0.482333965844402
"0.01,0.09",001_009,0.01,0.09,smallcut,2000,segment,B1B3_6040_segment.fcs,False,1.0,0.934426600601129
"0.01,0.09",001_009,0.01,0.09,smallcut,2000,bimix,B1B3_8020_bimix.fcs,False,0.819646004480956,0.420060230885059
"0.01,0.09",001_009,0.01,0.09,smallcut,2000,segment,B1B3_8515_segment.fcs,False,1.0,0.604018106662244
"0.01,0.09",001_009,0.01,0.09,smallcut,2000,segment,B3B05_9010_segment.fcs,False,1.0,0.331150856348354
"0.01,0.09",001_009,0.01,0.09,smallcut,2000,segment,B3B1_4060_segment.fcs,False,1.0,0.926784948797333
"0.01,0.09",001_009,0.01,0.09,smallcut,2000,segment,B3B1_8020_segment.fcs,False,1.0,0.583530387886331
"0.01,0.09",001_009,0.01,0.09,smallcut,2000,segment,C05C1_1090_segment.fcs,False,1.0,0.586914765906362
"0.01,0.09",001_009,0.01,0.09,smallcut,2000,segment,C05C1_1585_segment.fcs,False,1.0,0.559406329757406
"0.01,0.09",001_009,0.01,0.09,smallcut,2000,bimix,C05C1_8515_bimix.fcs,False,0.894094634873323,0.412777777777778
"0.01,0.09",001_009,0.01,0.09,smallcut,2000,segment,C05C3_1585_segment.fcs,False,1.0,0.389339146959599
"0.01,0.09",001_009,0.01,0.09,smallcut,2000,segment,C05C3_3565_segment.fcs,False,1.0,0.886874057315234
"0.01,0.09",001_009,0.01,0.09,smallcut,2000,bimix,C05C3_7030_bimix.fcs,False,0.719165097261414,0.680740740740741
"0.01,0.09",001_009,0.01,0.09,smallcut,2000,bimix,C05C3_8515_bimix.fcs,False,0.987689969604863,0.56259110787172
"0.01,0.09",001_009,0.01,0.09,smallcut,2000,segment,C05C3_9010_segment.fcs,False,0.998625981904441,0.440878136200717
"0.01,0.09",001_009,0.01,0.09,smallcut,2000,segment,C1C05_3070_segment.fcs,False,0.720465137324103,0.481481481481481
"0.01,0.09",001_009,0.01,0.09,smallcut,2000,bimix,C1C05_4060_bimix.fcs,False,0.640315757204169,0.680671008655412
"0.01,0.09",001_009,0.01,0.09,smallcut,2000,bimix,C1C05_6040_bimix.fcs,False,0.600622724677485,0.407302325581395
"0.01,0.09",001_009,0.01,0.09,smallcut,2000,segment,C1C05_9010_segment.fcs,False,1.0,0.704128660585694
"0.01,0.09",001_009,0.01,0.09,smallcut,2000,trimix,C1C3C05_106030_trimix.fcs,False,0.627526741012109,0.766826923076923
"0.01,0.09",001_009,0.01,0.09,smallcut,2000,trimix,C1C3C05_352045_trimix.fcs,False,0.463205363726648,0.769605734767025
"0.01,0.09",001_009,0.01,0.09,smallcut,2000,trimix,C1C3C05_353530_trimix.fcs,False,0.698571428571429,0.257335609201008
"0.01,0.09",001_009,0.01,0.09,smallcut,2000,trimix,C1C3C05_801010_trimix.fcs,False,0.82313841171358,0.440392156862745
"0.01,0.09",001_009,0.01,0.09,smallcut,2000,bimix,C1C3_1090_bimix.fcs,False,0.91706442831216,0.317983500431151
"0.01,0.09",001_009,0.01,0.09,smallcut,2000,segment,C1C3_2575_segment.fcs,False,1.0,0.724232004759072
"0.01,0.09",001_009,0.01,0.09,smallcut,2000,segment,C1C3_4555_segment.fcs,False,0.616322498401713,0.955882352941177
"0.01,0.09",001_009,0.01,0.09,smallcut,2000,segment,C1C3_7525_segment.fcs,False,1.0,0.75374585040524
"0.01,0.09",001_009,0.01,0.09,smallcut,2000,bimix,C3C05_4060_bimix.fcs,False,0.621464320006866,0.822857142857143
"0.01,0.09",001_009,0.01,0.09,smallcut,2000,segment,C3C05_4555_segment.fcs,False,0.98027989821883,0.949044585987261
"0.01,0.09",001_009,0.01,0.09,smallcut,2000,trimix,C3C1C05_101080_trimix.fcs,False,0.932231950524633,0.679182389937107
"0.01,0.09",001_009,0.01,0.09,smallcut,2000,trimix,C3C1C05_107020_trimix.fcs,False,0.716580743270403,0.546807432432432
"0.01,0.09",001_009,0.01,0.09,smallcut,2000,trimix,C3C1C05_204040_trimix.fcs,False,0.799745087823757,0.193772727272727
"0.01,0.09",001_009,0.01,0.09,smallcut,2000,trimix,C3C1C05_301555_trimix.fcs,False,0.561643438143781,0.798840579710145
"0.01,0.09",001_009,0.01,0.09,smallcut,2000,bimix,C3C1_3565_bimix.fcs,False,0.646472428154606,0.283638392857143
"0.01,0.09",001_009,0.01,0.09,smallcut,2000,bimix,C3C1_8020_bimix.fcs,False,0.815006993006993,0.435024475447493
"0.01,0.2",001_02,0.01,0.2,largecut,5000,trimix,A05A1A3_157510_trimix.fcs,False,0.997212130500239,0.67512015503876
"0.01,0.2",001_02,0.01,0.2,largecut,5000,trimix,A05A1A3_306010_trimix.fcs,False,0.768392156862745,0.855355249204666
"0.01,0.2",001_02,0.01,0.2,largecut,5000,trimix,A05A1A3_601030_trimix.fcs,False,0.790701278574196,0.93969298245614
"0.01,0.2",001_02,0.01,0.2,largecut,5000,bimix,A05A1_2080_bimix.fcs,False,0.988266424274736,0.630374625374625
"0.01,0.2",001_02,0.01,0.2,largecut,5000,bimix,A05A1_2575_bimix.fcs,False,0.978851208062207,0.884746103569633
"0.01,0.2",001_02,0.01,0.2,largecut,5000,bimix,A05A1_3070_bimix.fcs,False,0.871582589656622,0.853193277310924
"0.01,0.2",001_02,0.01,0.2,largecut,5000,bimix,A05A1_4060_bimix.fcs,False,0.599346618752042,0.39537037037037
"0.01,0.2",001_02,0.01,0.2,largecut,5000,segment,A05A1_4555_segment.fcs,False,0.549339173778416,0.434782608695652
"0.01,0.2",001_02,0.01,0.2,largecut,5000,trimix,A05A3A1_454510_trimix.fcs,False,0.961208788615392,0.717452380952381
"0.01,0.2",001_02,0.01,0.2,largecut,5000,bimix,A05A3_1090_bimix.fcs,False,1.0,0.330828729281768
"0.01,0.2",001_02,0.01,0.2,largecut,5000,bimix,A05A3_2575_bimix.fcs,False,1.0,0.655895542073332
"0.01,0.2",001_02,0.01,0.2,largecut,5000,segment,A05A3_4060_segment.fcs,False,1.0,0.833628318584071
"0.01,0.2",001_02,0.01,0.2,largecut,5000,bimix,A05A3_6040_bimix.fcs,False,0.628973439649749,0.884615384615385
"0.01,0.2",001_02,0.01,0.2,largecut,5000,bimix,A05A3_8020_bimix.fcs,False,1.0,0.698573333333333
"0.01,0.2",001_02,0.01,0.2,largecut,5000,segment,A05A3_8515_segment.fcs,False,0.998271331445547,0.566575520833333
"0.01,0.2",001_02,0.01,0.2,largecut,5000,segment,A1A05_4060_segment.fcs,False,0.954180875278266,0.88659793814433
"0.01,0.2",001_02,0.01,0.2,largecut,5000,segment,A1A05_5545_segment.fcs,False,0.987601691001457,0.971949152542373
"0.01,0.2",001_02,0.01,0.2,largecut,5000,trimix,A1A3A05_551035_trimix.fcs,False,0.613742718446602,0.876211806457197
"0.01,0.2",001_02,0.01,0.2,largecut,5000,trimix,A1A3A05_651025_trimix.fcs,False,0.75351348342749,0.668018108651911
"0.01,0.2",001_02,0.01,0.2,largecut,5000,trimix,A1A3A05_651520_trimix.fcs,False,0.897730673316708,0.913140598011165
"0.01,0.2",001_02,0.01,0.2,largecut,5000,bimix,A1A3_1090_bimix.fcs,False,1.0,0.311251033342519
"0.01,0.2",001_02,0.01,0.2,largecut,5000,bimix,A1A3_1585_bimix.fcs,False,1.0,0.413160127253446
"0.01,0.2",001_02,0.01,0.2,largecut,5000,segment,A1A3_7525_segment.fcs,False,1.0,0.628050177569023
"0.01,0.2",001_02,0.01,0.2,largecut,5000,segment,A1A3_8020_segment.fcs,False,1.0,0.519911486940372
"0.01,0.2",001_02,0.01,0.2,largecut,5000,bimix,A1A3_9010_bimix.fcs,False,1.0,0.546704545454545
"0.01,0.2",001_02,0.01,0.2,largecut,5000,segment,A3A05_1090_segment.fcs,False,1.0,0.296272264631043
"0.01,0.2",001_02,0.01,0.2,largecut,5000,segment,A3A05_7030_segment.fcs,False,1.0,0.768795944419175
"0.01,0.2",001_02,0.01,0.2,largecut,5000,trimix,A3A1A05_103555_trimix.fcs,False,0.658417844278193,0.879089912280702
"0.01,0.2",001_02,0.01,0.2,largecut,5000,segment,A3A1_1090_segment.fcs,False,1.0,0.329337250442254
"0.01,0.2",001_02,0.01,0.2,largecut,5000,segment,A3A1_2575_segment.fcs,False,1.0,0.815562798783138
"0.01,0.2",001_02,0.01,0.2,largecut,5000,bimix,B05B1_3070_bimix.fcs,False,0.839334314086061,0.789470284237726
"0.01,0.2",001_02,0.01,0.2,largecut,5000,segment,B05B1_3565_segment.fcs,False,1.0,0.889506604506604
"0.01,0.2",001_02,0.01,0.2,largecut,5000,segment,B05B1_6535_segment.fcs,False,0.931324345033934,0.947674418604651
"0.01,0.2",001_02,0.01,0.2,largecut,5000,bimix,B05B1_7030_bimix.fcs,False,0.73924375917768,0.695925925925926
"0.01,0.2",001_02,0.01,0.2,largecut,5000,trimix,B05B3B1_151570_trimix.fcs,False,0.981988472622478,0.741618310767247
"0.01,0.2",001_02,0.01,0.2,largecut,5000,trimix,B05B3B1_751510_trimix.fcs,False,0.976267921146953,0.865474841272743
"0.01,0.2",001_02,0.01,0.2,largecut,5000,segment,B05B3_5545_segment.fcs,False,0.99406899601946,0.977916703910321
"0.01,0.2",001_02,0.01,0.2,largecut,5000,bimix,B05B3_7030_bimix.fcs,False,0.982054924242424,0.975396825396825
"0.01,0.2",001_02,0.01,0.2,largecut,5000,segment,B1B05_2575_segment.fcs,False,0.995672556797692,0.864661654135338
"0.01,0.2",001_02,0.01,0.2,largecut,5000,bimix,B1B05_4555_bimix.fcs,False,0.59087312472306,0.867493261455526
"0.01,0.2",001_02,0.01,0.2,largecut,5000,bimix,B1B05_7525_bimix.fcs,False,0.914613528341744,0.704347165991903
"0.01,0.2",001_02,0.01,0.2,largecut,5000,bimix,B1B3_2080_bimix.fcs,False,0.917333658057352,0.583276036400404
"0.01,0.2",001_02,0.01,0.2,largecut,5000,segment,B1B3_7030_segment.fcs,False,1.0,0.846011880935597
"0.01,0.2",001_02,0.01,0.2,largecut,5000,trimix,B3B05B1_652510_trimix.fcs,False,0.8663079952549,0.937658279220779
"0.01,0.2",001_02,0.01,0.2,largecut,5000,trimix,B3B05B1_801010_trimix.fcs,False,0.938662835777703,0.54877782895747
"0.01,0.2",001_02,0.01,0.2,largecut,5000,segment,B3B05_2080_segment.fcs,False,1.0,0.606458333333333
"0.01,0.2",001_02,0.01,0.2,largecut,5000,bimix,B3B05_3565_bimix.fcs,False,0.868537216500076,0.93325
"0.01,0.2",001_02,0.01,0.2,largecut,5000,segment,B3B05_6040_segment.fcs,False,1.0,0.973578595317726
"0.01,0.2",001_02,0.01,0.2,largecut,5000,bimix,B3B05_6535_bimix.fcs,False,0.982236503856041,0.966015252621544
"0.01,0.2",001_02,0.01,0.2,largecut,5000,bimix,B3B05_7525_bimix.fcs,False,1.0,0.707117442119048
"0.01,0.2",001_02,0.01,0.2,largecut,5000,segment,B3B05_8020_segment.fcs,False,1.0,0.827167630057803
"0.01,0.2",001_02,0.01,0.2,largecut,5000,trimix,B3B1B05_204535_trimix.fcs,False,0.479213483146067,0.892978723404255
"0.01,0.2",001_02,0.01,0.2,largecut,5000,trimix,B3B1B05_253540_trimix.fcs,False,0.414139487191716,0.943333333333333
"0.01,0.2",001_02,0.01,0.2,largecut,5000,trimix,B3B1B05_503515_trimix.fcs,False,0.505546127738352,0.571329365079365
"0.01,0.2",001_02,0.01,0.2,largecut,5000,trimix,B3B1B05_651025_trimix.fcs,False,0.847611129866319,0.962857142857143
"0.01,0.2",001_02,0.01,0.2,largecut,5000,segment,B3B1_1090_segment.fcs,False,1.0,0.341151515151515
"0.01,0.2",001_02,0.01,0.2,largecut,5000,bimix,B3B1_1585_bimix.fcs,False,0.99994630071599,0.559912569732163
"0.01,0.2",001_02,0.01,0.2,largecut,5000,bimix,B3B1_2575_bimix.fcs,False,0.836477977203904,0.667888540031397
"0.01,0.2",001_02,0.01,0.2,largecut,5000,segment,B3B1_5545_segment.fcs,False,1.0,0.991414596035938
"0.01,0.2",001_02,0.01,0.2,largecut,5000,bimix,B3B1_6040_bimix.fcs,False,0.599075043630017,0.350128668929251
"0.01,0.2",001_02,0.01,0.2,largecut,5000,segment,B3B1_8020_segment.fcs,False,1.0,0.558617950754567
"0.01,0.2",001_02,0.01,0.2,largecut,5000,bimix,C05C1_7030_bimix.fcs,False,0.871060948081264,0.9483407458091
"0.01,0.2",001_02,0.01,0.2,largecut,5000,bimix,C05C1_7525_bimix.fcs,False,0.949140618042568,0.8560027100271
"0.01,0.2",001_02,0.01,0.2,largecut,5000,bimix,C05C3_8515_bimix.fcs,False,1.0,0.59625
"0.01,0.2",001_02,0.01,0.2,largecut,5000,segment,C1C05_1585_segment.fcs,False,1.0,0.5404296875
"0.01,0.2",001_02,0.01,0.2,largecut,5000,bimix,C1C05_2080_bimix.fcs,False,0.988986784140969,0.840298507462687
"0.01,0.2",001_02,0.01,0.2,largecut,5000,bimix,C1C05_3070_bimix.fcs,False,0.75229354443571,0.609437229437229
"0.01,0.2",001_02,0.01,0.2,largecut,5000,segment,C1C05_4060_segment.fcs,False,0.994051820168539,0.991071428571429
"0.01,0.2",001_02,0.01,0.2,largecut,5000,segment,C1C05_5545_segment.fcs,False,0.561364678120331,0.655172413793103
"0.01,0.2",001_02,0.01,0.2,largecut,5000,trimix,C1C3C05_107515_trimix.fcs,False,0.924481391367036,0.672473464613666
"0.01,0.2",001_02,0.01,0.2,largecut,5000,trimix,C1C3C05_205525_trimix.fcs,False,0.729538812785388,0.945326278659612
"0.01,0.2",001_02,0.01,0.2,largecut,5000,trimix,C1C3C05_302545_trimix.fcs,False,0.45616048862679,0.68
"0.01,0.2",001_02,0.01,0.2,largecut,5000,trimix,C1C3C05_452035_trimix.fcs,False,0.462620566439706,0.952156862745098
"0.01,0.2",001_02,0.01,0.2,largecut,5000,bimix,C1C3_1090_bimix.fcs,False,1.0,0.351831032215648
"0.01,0.2",001_02,0.01,0.2,largecut,5000,bimix,C1C3_3070_bimix.fcs,False,0.731156306213655,0.864174573055028
"0.01,0.2",001_02,0.01,0.2,largecut,5000,trimix,C3C05C1_101080_trimix.fcs,False,0.990374898094891,0.653291592128801
"0.01,0.2",001_02,0.01,0.2,largecut,5000,trimix,C3C05C1_651025_trimix.fcs,False,0.677512131392311,0.974863144965747
"0.01,0.2",001_02,0.01,0.2,largecut,5000,segment,C3C05_1090_segment.fcs,False,1.0,0.383734567901235
"0.01,0.2",001_02,0.01,0.2,largecut,5000,segment,C3C05_1585_segment.fcs,False,1.0,0.5404296875
"0.01,0.2",001_02,0.01,0.2,largecut,5000,segment,C3C05_2575_segment.fcs,False,1.0,0.56006006006006
"0.01,0.2",001_02,0.01,0.2,largecut,5000,bimix,C3C05_6535_bimix.fcs,False,0.971348207927842,0.971018148628877
"0.01,0.2",001_02,0.01,0.2,largecut,5000,bimix,C3C05_9010_bimix.fcs,False,1.0,0.35688752542599
"0.01,0.2",001_02,0.01,0.2,largecut,5000,segment,C3C05_9010_segment.fcs,False,1.0,0.250978408225061
"0.01,0.2",001_02,0.01,0.2,largecut,5000,trimix,C3C1C05_104545_trimix.fcs,False,0.963415551938348,0.611927083333333
"0.01,0.2",001_02,0.01,0.2,largecut,5000,trimix,C3C1C05_403525_trimix.fcs,False,0.40657153708426,0.916666666666667
"0.01,0.2",001_02,0.01,0.2,largecut,5000,segment,C3C1_1585_segment.fcs,False,1.0,0.770385215757864
"0.01,0.2",001_02,0.01,0.2,largecut,5000,segment,C3C1_3070_segment.fcs,False,1.0,0.863809184241305
"0.01,0.2",001_02,0.01,0.2,largecut,5000,bimix,C3C1_4060_bimix.fcs,False,0.610661272964691,0.8
"0.01,0.2",001_02,0.01,0.2,largecut,5000,segment,C3C1_4555_segment.fcs,False,0.546354840457596,0.222222222222222
"0.01,0.2",001_02,0.01,0.2,largecut,5000,segment,C3C1_9010_segment.fcs,False,1.0,0.246058609683689
"0.01,0.2",001_02,0.01,0.2,smallcut,2000,trimix,A05A1A3_405010_trimix.fcs,False,0.506020661066392,0.623566433566434
"0.01,0.2",001_02,0.01,0.2,smallcut,2000,segment,A05A1_1090_segment.fcs,False,1.0,0.346746119733925
"0.01,0.2",001_02,0.01,0.2,smallcut,2000,segment,A05A1_1585_segment.fcs,False,1.0,0.544721407624633
"0.01,0.2",001_02,0.01,0.2,smallcut,2000,bimix,A05A1_3565_bimix.fcs,False,0.659392185238784,0.462869565217391
"0.01,0.2",001_02,0.01,0.2,smallcut,2000,bimix,A05A1_4555_bimix.fcs,False,0.540475612941747,0.34125
"0.01,0.2",001_02,0.01,0.2,smallcut,2000,bimix,A05A1_5545_bimix.fcs,False,0.556623145543293,0.527555555555556
"0.01,0.2",001_02,0.01,0.2,smallcut,2000,bimix,A05A1_7030_bimix.fcs,False,0.73513247073321,0.675854827065695
"0.01,0.2",001_02,0.01,0.2,smallcut,2000,segment,A05A1_9010_segment.fcs,False,0.998602131749083,0.57620253164557
"0.01,0.2",001_02,0.01,0.2,smallcut,2000,bimix,A05A3_1585_bimix.fcs,False,0.87172454617206,0.391186024054078
"0.01,0.2",001_02,0.01,0.2,smallcut,2000,bimix,A05A3_2080_bimix.fcs,False,0.818377166156983,0.470595286255825
"0.01,0.2",001_02,0.01,0.2,smallcut,2000,segment,A05A3_3565_segment.fcs,False,1.0,0.756034608556072
"0.01,0.2",001_02,0.01,0.2,smallcut,2000,bimix,A05A3_7525_bimix.fcs,False,0.880655104773173,0.701209677419355
"0.01,0.2",001_02,0.01,0.2,smallcut,2000,bimix,A05A3_9010_bimix.fcs,False,0.998978288633461,0.381254125412541
"0.01,0.2",001_02,0.01,0.2,smallcut,2000,segment,A05A3_9010_segment.fcs,False,0.999563237037499,0.319793388429752
"0.01,0.2",001_02,0.01,0.2,smallcut,2000,trimix,A1A05A3_501535_trimix.fcs,False,0.502694601922603,0.574391534391534
"0.01,0.2",001_02,0.01,0.2,smallcut,2000,segment,A1A05_4555_segment.fcs,False,0.636375793873473,0.915254237288136
"0.01,0.2",001_02,0.01,0.2,smallcut,2000,trimix,A1A3A05_106525_trimix.fcs,False,0.655332355649535,0.444805194805195
"0.01,0.2",001_02,0.01,0.2,smallcut,2000,trimix,A1A3A05_252055_trimix.fcs,False,0.603525329229161,0.952267759562841
"0.01,0.2",001_02,0.01,0.2,smallcut,2000,segment,A1A3_3070_segment.fcs,False,1.0,0.914212454450384
"0.01,0.2",001_02,0.01,0.2,smallcut,2000,segment,A1A3_5545_segment.fcs,False,0.996001082251082,0.97698239152952
"0.01,0.2",001_02,0.01,0.2,smallcut,2000,bimix,A1A3_6040_bimix.fcs,False,0.622947994160995,0.632853773584906
"0.01,0.2",001_02,0.01,0.2,smallcut,2000,bimix,A1A3_7525_bimix.fcs,False,0.788060380307539,0.559270833333333
"0.01,0.2",001_02,0.01,0.2,smallcut,2000,trimix,A3A05A1_454510_trimix.fcs,False,0.899004438047259,0.0903076923076923
"0.01,0.2",001_02,0.01,0.2,smallcut,2000,segment,A3A05_1585_segment.fcs,False,1.0,0.717091503267974
"0.01,0.2",001_02,0.01,0.2,smallcut,2000,trimix,A3A1A05_106525_trimix.fcs,False,0.663612205503396,0.461536796536797
"0.01,0.2",001_02,0.01,0.2,smallcut,2000,trimix,A3A1A05_305020_trimix.fcs,False,0.507426095820591,0.613238792039262
"0.01,0.2",001_02,0.01,0.2,smallcut,2000,trimix,A3A1A05_502525_trimix.fcs,False,0.489241087126182,0.336013071895425
"0.01,0.2",001_02,0.01,0.2,smallcut,2000,segment,A3A1_1090_segment.fcs,False,1.0,0.301782507276593
"0.01,0.2",001_02,0.01,0.2,smallcut,2000,segment,B05B1_4060_segment.fcs,False,0.997450753186559,0.978902953586498
"0.01,0.2",001_02,0.01,0.2,smallcut,2000,bimix,B05B1_6040_bimix.fcs,False,0.611012465795075,0.577549019607843
"0.01,0.2",001_02,0.01,0.2,smallcut,2000,bimix,B05B1_6535_bimix.fcs,False,0.687770306179927,0.66521164021164
"0.01,0.2",001_02,0.01,0.2,smallcut,2000,bimix,B05B1_7525_bimix.fcs,False,0.813125744603704,0.741350574712644
"0.01,0.2",001_02,0.01,0.2,smallcut,2000,segment,B05B1_8515_segment.fcs,False,1.0,0.543334722913277
"0.01,0.2",001_02,0.01,0.2,smallcut,2000,segment,B05B3_1090_segment.fcs,False,1.0,0.345912293925755
"0.01,0.2",001_02,0.01,0.2,smallcut,2000,segment,B05B3_2080_segment.fcs,False,1.0,0.622173913043478
"0.01,0.2",001_02,0.01,0.2,smallcut,2000,segment,B05B3_4060_segment.fcs,False,1.0,0.949755301794454
"0.01,0.2",001_02,0.01,0.2,smallcut,2000,bimix,B05B3_6040_bimix.fcs,False,0.626410256410256,0.755489928820233
"0.01,0.2",001_02,0.01,0.2,smallcut,2000,bimix,B05B3_7525_bimix.fcs,False,0.794048780487805,0.574043062200957
"0.01,0.2",001_02,0.01,0.2,smallcut,2000,bimix,B05B3_9010_bimix.fcs,False,1.0,0.455698924731183
"0.01,0.2",001_02,0.01,0.2,smallcut,2000,trimix,B1B05B3_103060_trimix.fcs,False,0.613350915296308,0.55937037037037
"0.01,0.2",001_02,0.01,0.2,smallcut,2000,trimix,B1B05B3_205030_trimix.fcs,False,0.517316170881265,0.778938775510204
"0.01,0.2",001_02,0.01,0.2,smallcut,2000,trimix,B1B05B3_355510_trimix.fcs,False,0.582248166885229,0.701643518518518
"0.01,0.2",001_02,0.01,0.2,smallcut,2000,segment,B1B05_7525_segment.fcs,False,1.0,0.81390977443609
"0.01,0.2",001_02,0.01,0.2,smallcut,2000,trimix,B1B3B05_101080_trimix.fcs,False,0.903842442281876,0.658484848484848
"0.01,0.2",001_02,0.01,0.2,smallcut,2000,trimix,B1B3B05_302545_trimix.fcs,False,0.480322770553906,0.909393939393939
"0.01,0.2",001_02,0.01,0.2,smallcut,2000,trimix,B1B3B05_504010_trimix.fcs,False,0.502335443037975,0.540694412356843
"0.01,0.2",001_02,0.01,0.2,smallcut,2000,trimix,B1B3B05_651025_trimix.fcs,False,0.670117647058823,0.517408376963351
"0.01,0.2",001_02,0.01,0.2,smallcut,2000,bimix,B1B3_1585_bimix.fcs,False,0.857938814433828,0.242218085106383
"0.01,0.2",001_02,0.01,0.2,smallcut,2000,bimix,B1B3_5545_bimix.fcs,False,0.551099072381225,0.465818759936407
"0.01,0.2",001_02,0.01,0.2,smallcut,2000,segment,B1B3_6040_segment.fcs,False,0.596547780797101,0.333113962926401
"0.01,0.2",001_02,0.01,0.2,smallcut,2000,bimix,B1B3_8020_bimix.fcs,False,0.819275665968273,0.410905518257737
"0.01,0.2",001_02,0.01,0.2,smallcut,2000,segment,B1B3_8515_segment.fcs,False,1.0,0.499418524932331
"0.01,0.2",001_02,0.01,0.2,smallcut,2000,segment,B3B05_9010_segment.fcs,False,1.0,0.298173334092073
"0.01,0.2",001_02,0.01,0.2,smallcut,2000,segment,B3B1_4060_segment.fcs,False,1.0,0.938179845708775
"0.01,0.2",001_02,0.01,0.2,smallcut,2000,segment,B3B1_8020_segment.fcs,False,1.0,0.538194031119803
"0.01,0.2",001_02,0.01,0.2,smallcut,2000,segment,C05C1_1090_segment.fcs,False,1.0,0.516989777934438
"0.01,0.2",001_02,0.01,0.2,smallcut,2000,segment,C05C1_1585_segment.fcs,False,1.0,0.555910276908334
"0.01,0.2",001_02,0.01,0.2,smallcut,2000,bimix,C05C1_8515_bimix.fcs,False,0.889271917587724,0.371590909090909
"0.01,0.2",001_02,0.01,0.2,smallcut,2000,segment,C05C3_1585_segment.fcs,False,1.0,0.401913540374369
"0.01,0.2",001_02,0.01,0.2,smallcut,2000,segment,C05C3_3565_segment.fcs,False,1.0,0.946855877616747
"0.01,0.2",001_02,0.01,0.2,smallcut,2000,bimix,C05C3_7030_bimix.fcs,False,0.717143267531397,0.654615384615385
"0.01,0.2",001_02,0.01,0.2,smallcut,2000,bimix,C05C3_8515_bimix.fcs,False,0.987781155015198,0.56286443148688
"0.01,0.2",001_02,0.01,0.2,smallcut,2000,segment,C05C3_9010_segment.fcs,False,0.99843625527395,0.310618686868687
"0.01,0.2",001_02,0.01,0.2,smallcut,2000,segment,C1C05_3070_segment.fcs,False,0.771419197063862,0.625
"0.01,0.2",001_02,0.01,0.2,smallcut,2000,bimix,C1C05_4060_bimix.fcs,False,0.639021222679759,0.614576045893382
"0.01,0.2",001_02,0.01,0.2,smallcut,2000,bimix,C1C05_6040_bimix.fcs,False,0.598023531695734,0.379153846153846
"0.01,0.2",001_02,0.01,0.2,smallcut,2000,segment,C1C05_9010_segment.fcs,False,1.0,0.473587342589603
"0.01,0.2",001_02,0.01,0.2,smallcut,2000,trimix,C1C3C05_106030_trimix.fcs,False,0.627293965445047,0.754183864915572
"0.01,0.2",001_02,0.01,0.2,smallcut,2000,trimix,C1C3C05_352045_trimix.fcs,False,0.464923086103498,0.798494623655914
"0.01,0.2",001_02,0.01,0.2,smallcut,2000,trimix,C1C3C05_353530_trimix.fcs,False,0.700265533722783,0.307753426471562
"0.01,0.2",001_02,0.01,0.2,smallcut,2000,trimix,C1C3C05_801010_trimix.fcs,False,0.825866102033758,0.452378917378917
"0.01,0.2",001_02,0.01,0.2,smallcut,2000,bimix,C1C3_1090_bimix.fcs,False,0.918255576018007,0.293873983430873
"0.01,0.2",001_02,0.01,0.2,smallcut,2000,segment,C1C3_2575_segment.fcs,False,1.0,0.843565687361419
"0.01,0.2",001_02,0.01,0.2,smallcut,2000,segment,C1C3_4555_segment.fcs,False,0.617060793518478,0.970149253731343
"0.01,0.2",001_02,0.01,0.2,smallcut,2000,segment,C1C3_7525_segment.fcs,False,1.0,0.685572058103476
"0.01,0.2",001_02,0.01,0.2,smallcut,2000,bimix,C3C05_4060_bimix.fcs,False,0.621359847085468,0.837802197802198
"0.01,0.2",001_02,0.01,0.2,smallcut,2000,segment,C3C05_4555_segment.fcs,False,0.898320596521416,0.936395759717314
"0.01,0.2",001_02,0.01,0.2,smallcut,2000,trimix,C3C1C05_101080_trimix.fcs,False,0.930952628478359,0.68031746031746
"0.01,0.2",001_02,0.01,0.2,smallcut,2000,trimix,C3C1C05_107020_trimix.fcs,False,0.718241475405496,0.514877717391304
"0.01,0.2",001_02,0.01,0.2,smallcut,2000,trimix,C3C1C05_204040_trimix.fcs,False,0.794446120202096,0.0984137931034483
"0.01,0.2",001_02,0.01,0.2,smallcut,2000,trimix,C3C1C05_301555_trimix.fcs,False,0.563937843100799,0.756236559139785
"0.01,0.2",001_02,0.01,0.2,smallcut,2000,bimix,C3C1_3565_bimix.fcs,False,0.649401674197178,0.34265625
"0.01,0.2",001_02,0.01,0.2,smallcut,2000,bimix,C3C1_8020_bimix.fcs,False,0.81704185520362,0.4254191746159
"0.02,0.05",002_005,0.02,0.05,largecut,5000,trimix,A05A1A3_157510_trimix.fcs,False,0.995635254979284,0.71893864013267
"0.02,0.05",002_005,0.02,0.05,largecut,5000,trimix,A05A1A3_306010_trimix.fcs,False,0.81238038277512,0.940761421319797
"0.02,0.05",002_005,0.02,0.05,largecut,5000,trimix,A05A1A3_601030_trimix.fcs,False,0.820272982737856,0.947604790419162
"0.02,0.05",002_005,0.02,0.05,largecut,5000,bimix,A05A1_2080_bimix.fcs,False,0.992847426670158,0.681610845295056
"0.02,0.05",002_005,0.02,0.05,largecut,5000,bimix,A05A1_2575_bimix.fcs,False,0.987033573452343,0.857749287749288
"0.02,0.05",002_005,0.02,0.05,largecut,5000,bimix,A05A1_3070_bimix.fcs,False,0.897431678760061,0.863767976989454
"0.02,0.05",002_005,0.02,0.05,largecut,5000,bimix,A05A1_4060_bimix.fcs,False,0.603469797947741,0.431968810916179
"0.02,0.05",002_005,0.02,0.05,largecut,5000,segment,A05A1_4555_segment.fcs,False,0.563031732744844,0.703703703703704
"0.02,0.05",002_005,0.02,0.05,largecut,5000,trimix,A05A3A1_454510_trimix.fcs,False,0.950511500011652,0.692158469945355
"0.02,0.05",002_005,0.02,0.05,largecut,5000,bimix,A05A3_1090_bimix.fcs,False,1.0,0.336404494382022
"0.02,0.05",002_005,0.02,0.05,largecut,5000,bimix,A05A3_2575_bimix.fcs,False,1.0,0.65296743697479
"0.02,0.05",002_005,0.02,0.05,largecut,5000,segment,A05A3_4060_segment.fcs,False,1.0,0.827525622254758
"0.02,0.05",002_005,0.02,0.05,largecut,5000,bimix,A05A3_6040_bimix.fcs,False,0.621563584735015,0.859462365591398
"0.02,0.05",002_005,0.02,0.05,largecut,5000,bimix,A05A3_8020_bimix.fcs,False,1.0,0.6930291005291
"0.02,0.05",002_005,0.02,0.05,largecut,5000,segment,A05A3_8515_segment.fcs,False,0.998455953272924,0.853196078431373
"0.02,0.05",002_005,0.02,0.05,largecut,5000,segment,A1A05_4060_segment.fcs,False,0.590646201197954,0.178571428571429
"0.02,0.05",002_005,0.02,0.05,largecut,5000,segment,A1A05_5545_segment.fcs,False,0.96507616307724,0.982558823529412
"0.02,0.05",002_005,0.02,0.05,largecut,5000,trimix,A1A3A05_551035_trimix.fcs,False,0.603367989918084,0.897968898762298
"0.02,0.05",002_005,0.02,0.05,largecut,5000,trimix,A1A3A05_651025_trimix.fcs,False,0.757951390619248,0.707899786780384
"0.02,0.05",002_005,0.02,0.05,largecut,5000,trimix,A1A3A05_651520_trimix.fcs,False,0.887858190709046,0.927685418703999
"0.02,0.05",002_005,0.02,0.05,largecut,5000,bimix,A1A3_1090_bimix.fcs,False,1.0,0.337778110047847
"0.02,0.05",002_005,0.02,0.05,largecut,5000,bimix,A1A3_1585_bimix.fcs,False,1.0,0.41902559690256
"0.02,0.05",002_005,0.02,0.05,largecut,5000,segment,A1A3_7525_segment.fcs,False,1.0,0.671309618563644
"0.02,0.05",002_005,0.02,0.05,largecut,5000,segment,A1A3_8020_segment.fcs,False,1.0,0.57766167625236
"0.02,0.05",002_005,0.02,0.05,largecut,5000,bimix,A1A3_9010_bimix.fcs,False,1.0,0.611368523949169
"0.02,0.05",002_005,0.02,0.05,largecut,5000,segment,A3A05_1090_segment.fcs,False,1.0,0.485145833333333
"0.02,0.05",002_005,0.02,0.05,largecut,5000,segment,A3A05_7030_segment.fcs,False,1.0,0.789651560592588
"0.02,0.05",002_005,0.02,0.05,largecut,5000,trimix,A3A1A05_103555_trimix.fcs,False,0.641148414601652,0.895481770833333
"0.02,0.05",002_005,0.02,0.05,largecut,5000,segment,A3A1_1090_segment.fcs,False,1.0,0.812376623376623
"0.02,0.05",002_005,0.02,0.05,largecut,5000,segment,A3A1_2575_segment.fcs,False,1.0,0.880211069418386
"0.02,0.05",002_005,0.02,0.05,largecut,5000,bimix,B05B1_3070_bimix.fcs,False,0.840856523310444,0.836845730027548
"0.02,0.05",002_005,0.02,0.05,largecut,5000,segment,B05B1_3565_segment.fcs,False,1.0,0.77956758597208
"0.02,0.05",002_005,0.02,0.05,largecut,5000,segment,B05B1_6535_segment.fcs,False,0.649618712886363,0.333333333333333
"0.02,0.05",002_005,0.02,0.05,largecut,5000,bimix,B05B1_7030_bimix.fcs,False,0.733803326102675,0.710087719298246
"0.02,0.05",002_005,0.02,0.05,largecut,5000,trimix,B05B3B1_151570_trimix.fcs,False,0.976304945054945,0.791637569832402
"0.02,0.05",002_005,0.02,0.05,largecut,5000,trimix,B05B3B1_751510_trimix.fcs,False,0.973860815602837,0.884018127267478
"0.02,0.05",002_005,0.02,0.05,largecut,5000,segment,B05B3_5545_segment.fcs,False,0.994105494505494,0.985168627409436
"0.02,0.05",002_005,0.02,0.05,largecut,5000,bimix,B05B3_7030_bimix.fcs,False,0.984431709646609,0.961777777777778
"0.02,0.05",002_005,0.02,0.05,largecut,5000,segment,B1B05_2575_segment.fcs,False,0.995711222301644,0.884615384615385
"0.02,0.05",002_005,0.02,0.05,largecut,5000,bimix,B1B05_4555_bimix.fcs,False,0.584180840796588,0.8775
"0.02,0.05",002_005,0.02,0.05,largecut,5000,bimix,B1B05_7525_bimix.fcs,False,0.929283545482081,0.731786600496278
"0.02,0.05",002_005,0.02,0.05,largecut,5000,bimix,B1B3_2080_bimix.fcs,False,0.905123252483326,0.598094157685763
"0.02,0.05",002_005,0.02,0.05,largecut,5000,segment,B1B3_7030_segment.fcs,False,1.0,0.88096318346299
"0.02,0.05",002_005,0.02,0.05,largecut,5000,trimix,B3B05B1_652510_trimix.fcs,False,0.862290018632202,0.953221476510067
"0.02,0.05",002_005,0.02,0.05,largecut,5000,trimix,B3B05B1_801010_trimix.fcs,False,0.932013186115055,0.540544090056285
"0.02,0.05",002_005,0.02,0.05,largecut,5000,segment,B3B05_2080_segment.fcs,False,1.0,0.882121212121212
"0.02,0.05",002_005,0.02,0.05,largecut,5000,bimix,B3B05_3565_bimix.fcs,False,0.868698091285008,0.928695652173913
"0.02,0.05",002_005,0.02,0.05,largecut,5000,segment,B3B05_6040_segment.fcs,False,1.0,0.942071197411003
"0.02,0.05",002_005,0.02,0.05,largecut,5000,bimix,B3B05_6535_bimix.fcs,False,0.980644329896907,0.958586337760911
"0.02,0.05",002_005,0.02,0.05,largecut,5000,bimix,B3B05_7525_bimix.fcs,False,1.0,0.728724758727814
"0.02,0.05",002_005,0.02,0.05,largecut,5000,segment,B3B05_8020_segment.fcs,False,1.0,0.696350364963504
"0.02,0.05",002_005,0.02,0.05,largecut,5000,trimix,B3B1B05_204535_trimix.fcs,False,0.47609245214879,0.871111111111111
"0.02,0.05",002_005,0.02,0.05,largecut,5000,trimix,B3B1B05_253540_trimix.fcs,False,0.409422033190173,0.851322751322751
"0.02,0.05",002_005,0.02,0.05,largecut,5000,trimix,B3B1B05_503515_trimix.fcs,False,0.50090618336887,0.514166666666667
"0.02,0.05",002_005,0.02,0.05,largecut,5000,trimix,B3B1B05_651025_trimix.fcs,False,0.84588725972256,0.952045675413022
"0.02,0.05",002_005,0.02,0.05,largecut,5000,segment,B3B1_1090_segment.fcs,False,1.0,0.481111111111111
"0.02,0.05",002_005,0.02,0.05,largecut,5000,bimix,B3B1_1585_bimix.fcs,False,0.999948630136986,0.639146464082225
"0.02,0.05",002_005,0.02,0.05,largecut,5000,bimix,B3B1_2575_bimix.fcs,False,0.905698755404528,0.800549450549451
"0.02,0.05",002_005,0.02,0.05,largecut,5000,segment,B3B1_5545_segment.fcs,False,1.0,0.991414596035938
"0.02,0.05",002_005,0.02,0.05,largecut,5000,bimix,B3B1_6040_bimix.fcs,False,0.596991304347826,0.201164443221932
"0.02,0.05",002_005,0.02,0.05,largecut,5000,segment,B3B1_8020_segment.fcs,False,1.0,0.607617173438287
"0.02,0.05",002_005,0.02,0.05,largecut,5000,bimix,C05C1_7030_bimix.fcs,False,0.903604651162791,0.974060960591133
"0.02,0.05",002_005,0.02,0.05,largecut,5000,bimix,C05C1_7525_bimix.fcs,False,0.887773070853061,0.825920138888889
"0.02,0.05",002_005,0.02,0.05,largecut,5000,bimix,C05C3_8515_bimix.fcs,False,1.0,0.705765306122449
"0.02,0.05",002_005,0.02,0.05,largecut,5000,segment,C1C05_1585_segment.fcs,False,1.0,0.898376623376623
"0.02,0.05",002_005,0.02,0.05,largecut,5000,bimix,C1C05_2080_bimix.fcs,False,0.969426751592357,0.882051282051282
"0.02,0.05",002_005,0.02,0.05,largecut,5000,bimix,C1C05_3070_bimix.fcs,False,0.732305492090622,0.580484848484848
"0.02,0.05",002_005,0.02,0.05,largecut,5000,segment,C1C05_4060_segment.fcs,False,0.997036854911869,1.0
"0.02,0.05",002_005,0.02,0.05,largecut,5000,segment,C1C05_5545_segment.fcs,False,0.618925004356479,0.941176470588235
"0.02,0.05",002_005,0.02,0.05,largecut,5000,trimix,C1C3C05_107515_trimix.fcs,False,0.924606823572341,0.655682174683523
"0.02,0.05",002_005,0.02,0.05,largecut,5000,trimix,C1C3C05_205525_trimix.fcs,False,0.726053727170511,0.938894514767933
"0.02,0.05",002_005,0.02,0.05,largecut,5000,trimix,C1C3C05_302545_trimix.fcs,False,0.452905039566847,0.631578947368421
"0.02,0.05",002_005,0.02,0.05,largecut,5000,trimix,C1C3C05_452035_trimix.fcs,False,0.459159405777368,0.906071428571429
"0.02,0.05",002_005,0.02,0.05,largecut,5000,bimix,C1C3_1090_bimix.fcs,False,1.0,0.358189424364123
"0.02,0.05",002_005,0.02,0.05,largecut,5000,bimix,C1C3_3070_bimix.fcs,False,0.729052399284321,0.932782805429864
"0.02,0.05",002_005,0.02,0.05,largecut,5000,trimix,C3C05C1_101080_trimix.fcs,False,0.990468005312915,0.668846153846154
"0.02,0.05",002_005,0.02,0.05,largecut,5000,trimix,C3C05C1_651025_trimix.fcs,False,0.663618254462598,0.954251012145749
"0.02,0.05",002_005,0.02,0.05,largecut,5000,segment,C3C05_1090_segment.fcs,False,1.0,0.505406504065041
"0.02,0.05",002_005,0.02,0.05,largecut,5000,segment,C3C05_1585_segment.fcs,False,1.0,0.713144329896907
"0.02,0.05",002_005,0.02,0.05,largecut,5000,segment,C3C05_2575_segment.fcs,False,1.0,0.777083333333333
"0.02,0.05",002_005,0.02,0.05,largecut,5000,bimix,C3C05_6535_bimix.fcs,False,0.965200188412624,0.973343640707297
"0.02,0.05",002_005,0.02,0.05,largecut,5000,bimix,C3C05_9010_bimix.fcs,False,1.0,0.367033607681756
"0.02,0.05",002_005,0.02,0.05,largecut,5000,segment,C3C05_9010_segment.fcs,False,1.0,0.241825337045442
"0.02,0.05",002_005,0.02,0.05,largecut,5000,trimix,C3C1C05_104545_trimix.fcs,False,0.938230638154094,0.524189814814815
"0.02,0.05",002_005,0.02,0.05,largecut,5000,trimix,C3C1C05_403525_trimix.fcs,False,0.407424578887505,0.990795454545455
"0.02,0.05",002_005,0.02,0.05,largecut,5000,segment,C3C1_1585_segment.fcs,False,1.0,0.827293519334034
"0.02,0.05",002_005,0.02,0.05,largecut,5000,segment,C3C1_3070_segment.fcs,False,1.0,0.944024238804666
"0.02,0.05",002_005,0.02,0.05,largecut,5000,bimix,C3C1_4060_bimix.fcs,False,0.608297890679378,0.827320574162679
"0.02,0.05",002_005,0.02,0.05,largecut,5000,segment,C3C1_4555_segment.fcs,False,0.568091571272636,0.814814814814815
"0.02,0.05",002_005,0.02,0.05,largecut,5000,segment,C3C1_9010_segment.fcs,False,1.0,0.253397896221982
"0.02,0.05",002_005,0.02,0.05,smallcut,2000,trimix,A05A1A3_405010_trimix.fcs,False,0.508651658534057,0.722554112554113
"0.02,0.05",002_005,0.02,0.05,smallcut,2000,segment,A05A1_1090_segment.fcs,False,1.0,0.719827387802071
"0.02,0.05",002_005,0.02,0.05,smallcut,2000,segment,A05A1_1585_segment.fcs,False,1.0,0.639634986225895
"0.02,0.05",002_005,0.02,0.05,smallcut,2000,bimix,A05A1_3565_bimix.fcs,False,0.652803083391731,0.407142857142857
"0.02,0.05",002_005,0.02,0.05,smallcut,2000,bimix,A05A1_4555_bimix.fcs,False,0.544871912504129,0.37722972972973
"0.02,0.05",002_005,0.02,0.05,smallcut,2000,bimix,A05A1_5545_bimix.fcs,False,0.558115439241892,0.607276785714286
"0.02,0.05",002_005,0.02,0.05,smallcut,2000,bimix,A05A1_7030_bimix.fcs,False,0.738831804281346,0.754078506803448
"0.02,0.05",002_005,0.02,0.05,smallcut,2000,segment,A05A1_9010_segment.fcs,False,0.99863434619324,0.650285714285714
"0.02,0.05",002_005,0.02,0.05,smallcut,2000,bimix,A05A3_1585_bimix.fcs,False,0.872334462931657,0.4575625
"0.02,0.05",002_005,0.02,0.05,smallcut,2000,bimix,A05A3_2080_bimix.fcs,False,0.811156456906754,0.47195652173913
"0.02,0.05",002_005,0.02,0.05,smallcut,2000,segment,A05A3_3565_segment.fcs,False,1.0,0.778762807826239
"0.02,0.05",002_005,0.02,0.05,smallcut,2000,bimix,A05A3_7525_bimix.fcs,False,0.869863116953598,0.731878787878788
"0.02,0.05",002_005,0.02,0.05,smallcut,2000,bimix,A05A3_9010_bimix.fcs,False,0.999005986671185,0.41405017921147
"0.02,0.05",002_005,0.02,0.05,smallcut,2000,segment,A05A3_9010_segment.fcs,False,0.999615109693737,0.455235294117647
"0.02,0.05",002_005,0.02,0.05,smallcut,2000,trimix,A1A05A3_501535_trimix.fcs,False,0.500866183833179,0.541452991452991
"0.02,0.05",002_005,0.02,0.05,smallcut,2000,segment,A1A05_4555_segment.fcs,False,0.55080928986556,0.5
"0.02,0.05",002_005,0.02,0.05,smallcut,2000,trimix,A1A3A05_106525_trimix.fcs,False,0.652063445567462,0.406552795031056
"0.02,0.05",002_005,0.02,0.05,smallcut,2000,trimix,A1A3A05_252055_trimix.fcs,False,0.601078540221764,0.966461988304094
"0.02,0.05",002_005,0.02,0.05,smallcut,2000,segment,A1A3_3070_segment.fcs,False,1.0,0.820421385810799
"0.02,0.05",002_005,0.02,0.05,smallcut,2000,segment,A1A3_5545_segment.fcs,False,0.99601402373247,0.980744791466092
"0.02,0.05",002_005,0.02,0.05,smallcut,2000,bimix,A1A3_6040_bimix.fcs,False,0.617499443038553,0.648253205128205
"0.02,0.05",002_005,0.02,0.05,smallcut,2000,bimix,A1A3_7525_bimix.fcs,False,0.783850828429038,0.52994708994709
"0.02,0.05",002_005,0.02,0.05,smallcut,2000,trimix,A3A05A1_454510_trimix.fcs,False,0.899221470208521,0.0901463414634146
"0.02,0.05",002_005,0.02,0.05,smallcut,2000,segment,A3A05_1585_segment.fcs,False,1.0,0.812703703703704
"0.02,0.05",002_005,0.02,0.05,smallcut,2000,trimix,A3A1A05_106525_trimix.fcs,False,0.663292520862113,0.486124338624339
"0.02,0.05",002_005,0.02,0.05,smallcut,2000,trimix,A3A1A05_305020_trimix.fcs,False,0.506487226277372,0.608740536820372
"0.02,0.05",002_005,0.02,0.05,smallcut,2000,trimix,A3A1A05_502525_trimix.fcs,False,0.488844588815647,0.348088235294118
"0.02,0.05",002_005,0.02,0.05,smallcut,2000,segment,A3A1_1090_segment.fcs,False,1.0,0.414730496453901
"0.02,0.05",002_005,0.02,0.05,smallcut,2000,segment,B05B1_4060_segment.fcs,False,1.0,0.954426229508197
"0.02,0.05",002_005,0.02,0.05,smallcut,2000,bimix,B05B1_6040_bimix.fcs,False,0.608787420622921,0.556236559139785
"0.02,0.05",002_005,0.02,0.05,smallcut,2000,bimix,B05B1_6535_bimix.fcs,False,0.67682242002072,0.633267973856209
"0.02,0.05",002_005,0.02,0.05,smallcut,2000,bimix,B05B1_7525_bimix.fcs,False,0.803357593119043,0.7405
"0.02,0.05",002_005,0.02,0.05,smallcut,2000,segment,B05B1_8515_segment.fcs,False,1.0,0.802255624168536
"0.02,0.05",002_005,0.02,0.05,smallcut,2000,segment,B05B3_1090_segment.fcs,False,1.0,0.427017374517375
"0.02,0.05",002_005,0.02,0.05,smallcut,2000,segment,B05B3_2080_segment.fcs,False,1.0,0.646779661016949
"0.02,0.05",002_005,0.02,0.05,smallcut,2000,segment,B05B3_4060_segment.fcs,False,1.0,0.942071197411003
"0.02,0.05",002_005,0.02,0.05,smallcut,2000,bimix,B05B3_6040_bimix.fcs,False,0.617346153846154,0.765653881700554
"0.02,0.05",002_005,0.02,0.05,smallcut,2000,bimix,B05B3_7525_bimix.fcs,False,0.780513852344838,0.625523809523809
"0.02,0.05",002_005,0.02,0.05,smallcut,2000,bimix,B05B3_9010_bimix.fcs,False,1.0,0.487126436781609
"0.02,0.05",002_005,0.02,0.05,smallcut,2000,trimix,B1B05B3_103060_trimix.fcs,False,0.613565164801935,0.641182795698925
"0.02,0.05",002_005,0.02,0.05,smallcut,2000,trimix,B1B05B3_205030_trimix.fcs,False,0.516345770151636,0.86010989010989
"0.02,0.05",002_005,0.02,0.05,smallcut,2000,trimix,B1B05B3_355510_trimix.fcs,False,0.571921163864568,0.680484848484848
"0.02,0.05",002_005,0.02,0.05,smallcut,2000,segment,B1B05_7525_segment.fcs,False,1.0,0.832886453718816
"0.02,0.05",002_005,0.02,0.05,smallcut,2000,trimix,B1B3B05_101080_trimix.fcs,False,0.901233832285633,0.666313725490196
"0.02,0.05",002_005,0.02,0.05,smallcut,2000,trimix,B1B3B05_302545_trimix.fcs,False,0.474249501900313,0.929183006535948
"0.02,0.05",002_005,0.02,0.05,smallcut,2000,trimix,B1B3B05_504010_trimix.fcs,False,0.505984629294756,0.607297270536981
"0.02,0.05",002_005,0.02,0.05,smallcut,2000,trimix,B1B3B05_651025_trimix.fcs,False,0.666747321991178,0.559670781893004
"0.02,0.05",002_005,0.02,0.05,smallcut,2000,bimix,B1B3_1585_bimix.fcs,False,0.859042635545852,0.332142857142857
"0.02,0.05",002_005,0.02,0.05,smallcut,2000,bimix,B1B3_5545_bimix.fcs,False,0.552574783141306,0.503159041394336
"0.02,0.05",002_005,0.02,0.05,smallcut,2000,segment,B1B3_6040_segment.fcs,False,1.0,0.930681263073512
"0.02,0.05",002_005,0.02,0.05,smallcut,2000,bimix,B1B3_8020_bimix.fcs,False,0.816876100998238,0.43915123777824
"0.02,0.05",002_005,0.02,0.05,smallcut,2000,segment,B1B3_8515_segment.fcs,False,1.0,0.616514014531731
"0.02,0.05",002_005,0.02,0.05,smallcut,2000,segment,B3B05_9010_segment.fcs,False,1.0,0.31712158808933
"0.02,0.05",002_005,0.02,0.05,smallcut,2000,segment,B3B1_4060_segment.fcs,False,1.0,0.953816176470588
"0.02,0.05",002_005,0.02,0.05,smallcut,2000,segment,B3B1_8020_segment.fcs,False,1.0,0.620421965742851
"0.02,0.05",002_005,0.02,0.05,smallcut,2000,segment,C05C1_1090_segment.fcs,False,1.0,0.731521197007481
"0.02,0.05",002_005,0.02,0.05,smallcut,2000,segment,C05C1_1585_segment.fcs,False,1.0,0.573841613220581
"0.02,0.05",002_005,0.02,0.05,smallcut,2000,bimix,C05C1_8515_bimix.fcs,False,0.903587863869863,0.457923076923077
"0.02,0.05",002_005,0.02,0.05,smallcut,2000,segment,C05C3_1585_segment.fcs,False,1.0,0.40947043687478
"0.02,0.05",002_005,0.02,0.05,smallcut,2000,segment,C05C3_3565_segment.fcs,False,1.0,0.863438791767928
"0.02,0.05",002_005,0.02,0.05,smallcut,2000,bimix,C05C3_7030_bimix.fcs,False,0.713012058628818,0.637142857142857
"0.02,0.05",002_005,0.02,0.05,smallcut,2000,bimix,C05C3_8515_bimix.fcs,False,0.992094801223242,0.565631710808876
"0.02,0.05",002_005,0.02,0.05,smallcut,2000,segment,C05C3_9010_segment.fcs,False,0.998655266028975,0.476763565891473
"0.02,0.05",002_005,0.02,0.05,smallcut,2000,segment,C1C05_3070_segment.fcs,False,0.705253727522877,0.368421052631579
"0.02,0.05",002_005,0.02,0.05,smallcut,2000,bimix,C1C05_4060_bimix.fcs,False,0.631456921820191,0.66125313283208
"0.02,0.05",002_005,0.02,0.05,smallcut,2000,bimix,C1C05_6040_bimix.fcs,False,0.599090443367246,0.389
"0.02,0.05",002_005,0.02,0.05,smallcut,2000,segment,C1C05_9010_segment.fcs,False,1.0,0.686978922716628
"0.02,0.05",002_005,0.02,0.05,smallcut,2000,trimix,C1C3C05_106030_trimix.fcs,False,0.624662770105768,0.767863247863248
"0.02,0.05",002_005,0.02,0.05,smallcut,2000,trimix,C1C3C05_352045_trimix.fcs,False,0.463366818771436,0.854299516908213
"0.02,0.05",002_005,0.02,0.05,smallcut,2000,trimix,C1C3C05_353530_trimix.fcs,False,0.698571428571429,0.257335609201008
"0.02,0.05",002_005,0.02,0.05,smallcut,2000,trimix,C1C3C05_801010_trimix.fcs,False,0.819894528919099,0.461932457786116
"0.02,0.05",002_005,0.02,0.05,smallcut,2000,bimix,C1C3_1090_bimix.fcs,False,0.916042021094758,0.322423611111111
"0.02,0.05",002_005,0.02,0.05,smallcut,2000,segment,C1C3_2575_segment.fcs,False,1.0,0.731367295446353
"0.02,0.05",002_005,0.02,0.05,smallcut,2000,segment,C1C3_4555_segment.fcs,False,0.975567656777763,0.988416988416988
"0.02,0.05",002_005,0.02,0.05,smallcut,2000,segment,C1C3_7525_segment.fcs,False,1.0,0.851826815831277
"0.02,0.05",002_005,0.02,0.05,smallcut,2000,bimix,C3C05_4060_bimix.fcs,False,0.61940469041457,0.873506493506493
"0.02,0.05",002_005,0.02,0.05,smallcut,2000,segment,C3C05_4555_segment.fcs,False,0.959208805774983,0.947712418300654
"0.02,0.05",002_005,0.02,0.05,smallcut,2000,trimix,C3C1C05_101080_trimix.fcs,False,0.934859093600864,0.682866043613707
"0.02,0.05",002_005,0.02,0.05,smallcut,2000,trimix,C3C1C05_107020_trimix.fcs,False,0.71735977199822,0.558429054054054
"0.02,0.05",002_005,0.02,0.05,smallcut,2000,trimix,C3C1C05_204040_trimix.fcs,False,0.797408423550348,0.1301
"0.02,0.05",002_005,0.02,0.05,smallcut,2000,trimix,C3C1C05_301555_trimix.fcs,False,0.559658845751872,0.844901960784314
"0.02,0.05",002_005,0.02,0.05,smallcut,2000,bimix,C3C1_3565_bimix.fcs,False,0.645614050771677,0.242755681818182
"0.02,0.05",002_005,0.02,0.05,smallcut,2000,bimix,C3C1_8020_bimix.fcs,False,0.816330935251799,0.512302962103155
"0.02,0.09",002_009,0.02,0.09,largecut,5000,trimix,A05A1A3_157510_trimix.fcs,False,0.998132046080597,0.706185275080906
"0.02,0.09",002_009,0.02,0.09,largecut,5000,trimix,A05A1A3_306010_trimix.fcs,False,0.787146226415094,0.901685985247629
"0.02,0.09",002_009,0.02,0.09,largecut,5000,trimix,A05A1A3_601030_trimix.fcs,False,0.822400642312324,0.952894211576846
"0.02,0.09",002_009,0.02,0.09,largecut,5000,bimix,A05A1_2080_bimix.fcs,False,0.995949765815329,0.65873031995937
"0.02,0.09",002_009,0.02,0.09,largecut,5000,bimix,A05A1_2575_bimix.fcs,False,0.983842930595964,0.876109750122489
"0.02,0.09",002_009,0.02,0.09,largecut,5000,bimix,A05A1_3070_bimix.fcs,False,0.894834091161513,0.851342857142857
"0.02,0.09",002_009,0.02,0.09,largecut,5000,bimix,A05A1_4060_bimix.fcs,False,0.602659857431642,0.423148148148148
"0.02,0.09",002_009,0.02,0.09,largecut,5000,segment,A05A1_4555_segment.fcs,False,0.564104910033547,0.714285714285714
"0.02,0.09",002_009,0.02,0.09,largecut,5000,trimix,A05A3A1_454510_trimix.fcs,False,0.952846351163721,0.65031862745098
"0.02,0.09",002_009,0.02,0.09,largecut,5000,bimix,A05A3_1090_bimix.fcs,False,1.0,0.332666666666667
"0.02,0.09",002_009,0.02,0.09,largecut,5000,bimix,A05A3_2575_bimix.fcs,False,1.0,0.664839572192513
"0.02,0.09",002_009,0.02,0.09,largecut,5000,segment,A05A3_4060_segment.fcs,False,1.0,0.833628318584071
"0.02,0.09",002_009,0.02,0.09,largecut,5000,bimix,A05A3_6040_bimix.fcs,False,0.623255624513153,0.823425925925926
"0.02,0.09",002_009,0.02,0.09,largecut,5000,bimix,A05A3_8020_bimix.fcs,False,1.0,0.709932249322493
"0.02,0.09",002_009,0.02,0.09,largecut,5000,segment,A05A3_8515_segment.fcs,False,0.998387884498191,0.710996732026144
"0.02,0.09",002_009,0.02,0.09,largecut,5000,segment,A1A05_4060_segment.fcs,False,0.588612335140736,0.219512195121951
"0.02,0.09",002_009,0.02,0.09,largecut,5000,segment,A1A05_5545_segment.fcs,False,0.999435415090033,0.969638888888889
"0.02,0.09",002_009,0.02,0.09,largecut,5000,trimix,A1A3A05_551035_trimix.fcs,False,0.606060317460317,0.889137570874366
"0.02,0.09",002_009,0.02,0.09,largecut,5000,trimix,A1A3A05_651025_trimix.fcs,False,0.76483670499837,0.716366459627329
"0.02,0.09",002_009,0.02,0.09,largecut,5000,trimix,A1A3A05_651520_trimix.fcs,False,0.888547385620915,0.924530752488419
"0.02,0.09",002_009,0.02,0.09,largecut,5000,bimix,A1A3_1090_bimix.fcs,False,1.0,0.321345661450925
"0.02,0.09",002_009,0.02,0.09,largecut,5000,bimix,A1A3_1585_bimix.fcs,False,1.0,0.415096952908587
"0.02,0.09",002_009,0.02,0.09,largecut,5000,segment,A1A3_7525_segment.fcs,False,1.0,0.625363600068442
"0.02,0.09",002_009,0.02,0.09,largecut,5000,segment,A1A3_8020_segment.fcs,False,1.0,0.531461808781355
"0.02,0.09",002_009,0.02,0.09,largecut,5000,bimix,A1A3_9010_bimix.fcs,False,1.0,0.586157450796626
"0.02,0.09",002_009,0.02,0.09,largecut,5000,segment,A3A05_1090_segment.fcs,False,1.0,0.356070336391437
"0.02,0.09",002_009,0.02,0.09,largecut,5000,segment,A3A05_7030_segment.fcs,False,1.0,0.648839671591148
"0.02,0.09",002_009,0.02,0.09,largecut,5000,trimix,A3A1A05_103555_trimix.fcs,False,0.64463421122639,0.916902887139108
"0.02,0.09",002_009,0.02,0.09,largecut,5000,segment,A3A1_1090_segment.fcs,False,1.0,0.748241626794258
"0.02,0.09",002_009,0.02,0.09,largecut,5000,segment,A3A1_2575_segment.fcs,False,1.0,0.844179037336932
"0.02,0.09",002_009,0.02,0.09,largecut,5000,bimix,B05B1_3070_bimix.fcs,False,0.84016333938294,0.823238482384824
"0.02,0.09",002_009,0.02,0.09,largecut,5000,segment,B05B1_3565_segment.fcs,False,1.0,0.889506604506604
"0.02,0.09",002_009,0.02,0.09,largecut,5000,segment,B05B1_6535_segment.fcs,False,0.653500416340743,0.555555555555556
"0.02,0.09",002_009,0.02,0.09,largecut,5000,bimix,B05B1_7030_bimix.fcs,False,0.742347314201619,0.717028985507246
"0.02,0.09",002_009,0.02,0.09,largecut,5000,trimix,B05B3B1_151570_trimix.fcs,False,0.981342537014806,0.774729912221472
"0.02,0.09",002_009,0.02,0.09,largecut,5000,trimix,B05B3B1_751510_trimix.fcs,False,0.971724137931035,0.884415436572686
"0.02,0.09",002_009,0.02,0.09,largecut,5000,segment,B05B3_5545_segment.fcs,False,0.994105494505494,0.985168627409436
"0.02,0.09",002_009,0.02,0.09,largecut,5000,bimix,B05B3_7030_bimix.fcs,False,0.983046800382044,0.958555555555556
"0.02,0.09",002_009,0.02,0.09,largecut,5000,segment,B1B05_2575_segment.fcs,False,0.995659512900892,0.858208955223881
"0.02,0.09",002_009,0.02,0.09,largecut,5000,bimix,B1B05_4555_bimix.fcs,False,0.584180840796588,0.8775
"0.02,0.09",002_009,0.02,0.09,largecut,5000,bimix,B1B05_7525_bimix.fcs,False,0.918908536096889,0.728988125967992
"0.02,0.09",002_009,0.02,0.09,largecut,5000,bimix,B1B3_2080_bimix.fcs,False,0.90720356918608,0.59776
"0.02,0.09",002_009,0.02,0.09,largecut,5000,segment,B1B3_7030_segment.fcs,False,1.0,0.83360965581272
"0.02,0.09",002_009,0.02,0.09,largecut,5000,trimix,B3B05B1_652510_trimix.fcs,False,0.862290018632202,0.953221476510067
"0.02,0.09",002_009,0.02,0.09,largecut,5000,trimix,B3B05B1_801010_trimix.fcs,False,0.932013186115055,0.540544090056285
"0.02,0.09",002_009,0.02,0.09,largecut,5000,segment,B3B05_2080_segment.fcs,False,1.0,0.816168224299065
"0.02,0.09",002_009,0.02,0.09,largecut,5000,bimix,B3B05_3565_bimix.fcs,False,0.904802845768631,0.935505617977528
"0.02,0.09",002_009,0.02,0.09,largecut,5000,segment,B3B05_6040_segment.fcs,False,1.0,0.930775379696243
"0.02,0.09",002_009,0.02,0.09,largecut,5000,bimix,B3B05_6535_bimix.fcs,False,0.980644329896907,0.958586337760911
"0.02,0.09",002_009,0.02,0.09,largecut,5000,bimix,B3B05_7525_bimix.fcs,False,1.0,0.721377076453833
"0.02,0.09",002_009,0.02,0.09,largecut,5000,segment,B3B05_8020_segment.fcs,False,1.0,0.614163090128755
"0.02,0.09",002_009,0.02,0.09,largecut,5000,trimix,B3B1B05_204535_trimix.fcs,False,0.476009372746936,0.877954545454545
"0.02,0.09",002_009,0.02,0.09,largecut,5000,trimix,B3B1B05_253540_trimix.fcs,False,0.411564930553482,0.868564814814815
"0.02,0.09",002_009,0.02,0.09,largecut,5000,trimix,B3B1B05_503515_trimix.fcs,False,0.503667687595712,0.552521929824561
"0.02,0.09",002_009,0.02,0.09,largecut,5000,trimix,B3B1B05_651025_trimix.fcs,False,0.84588725972256,0.952045675413022
"0.02,0.09",002_009,0.02,0.09,largecut,5000,segment,B3B1_1090_segment.fcs,False,1.0,0.461393442622951
"0.02,0.09",002_009,0.02,0.09,largecut,5000,bimix,B3B1_1585_bimix.fcs,False,0.999947552447552,0.598994869647157
"0.02,0.09",002_009,0.02,0.09,largecut,5000,bimix,B3B1_2575_bimix.fcs,False,0.89065662282778,0.762926829268293
"0.02,0.09",002_009,0.02,0.09,largecut,5000,segment,B3B1_5545_segment.fcs,False,1.0,0.991414596035938
"0.02,0.09",002_009,0.02,0.09,largecut,5000,bimix,B3B1_6040_bimix.fcs,False,0.596991304347826,0.201164443221932
"0.02,0.09",002_009,0.02,0.09,largecut,5000,segment,B3B1_8020_segment.fcs,False,1.0,0.627028901161495
"0.02,0.09",002_009,0.02,0.09,largecut,5000,bimix,C05C1_7030_bimix.fcs,False,0.927577565632458,0.976830826000568
"0.02,0.09",002_009,0.02,0.09,largecut,5000,bimix,C05C1_7525_bimix.fcs,False,0.97057544638727,0.830097323600973
"0.02,0.09",002_009,0.02,0.09,largecut,5000,bimix,C05C3_8515_bimix.fcs,False,1.0,0.698636363636364
"0.02,0.09",002_009,0.02,0.09,largecut,5000,segment,C1C05_1585_segment.fcs,False,1.0,0.854012345679012
"0.02,0.09",002_009,0.02,0.09,largecut,5000,bimix,C1C05_2080_bimix.fcs,False,0.982683982683983,0.86984126984127
"0.02,0.09",002_009,0.02,0.09,largecut,5000,bimix,C1C05_3070_bimix.fcs,False,0.741069437315256,0.611720430107527
"0.02,0.09",002_009,0.02,0.09,largecut,5000,segment,C1C05_4060_segment.fcs,False,0.997036854911869,1.0
"0.02,0.09",002_009,0.02,0.09,largecut,5000,segment,C1C05_5545_segment.fcs,False,0.993038777032066,0.968577064748704
"0.02,0.09",002_009,0.02,0.09,largecut,5000,trimix,C1C3C05_107515_trimix.fcs,False,0.922416529830323,0.6505926792664
"0.02,0.09",002_009,0.02,0.09,largecut,5000,trimix,C1C3C05_205525_trimix.fcs,False,0.724592370753547,0.943290598290598
"0.02,0.09",002_009,0.02,0.09,largecut,5000,trimix,C1C3C05_302545_trimix.fcs,False,0.45718940508724,0.708333333333333
"0.02,0.09",002_009,0.02,0.09,largecut,5000,trimix,C1C3C05_452035_trimix.fcs,False,0.462548515472668,0.926944444444444
"0.02,0.09",002_009,0.02,0.09,largecut,5000,bimix,C1C3_1090_bimix.fcs,False,1.0,0.349761437908497
"0.02,0.09",002_009,0.02,0.09,largecut,5000,bimix,C1C3_3070_bimix.fcs,False,0.729052399284321,0.932782805429864
"0.02,0.09",002_009,0.02,0.09,largecut,5000,trimix,C3C05C1_101080_trimix.fcs,False,0.990513886677602,0.676904541241891
"0.02,0.09",002_009,0.02,0.09,largecut,5000,trimix,C3C05C1_651025_trimix.fcs,False,0.663618254462598,0.954251012145749
"0.02,0.09",002_009,0.02,0.09,largecut,5000,segment,C3C05_1090_segment.fcs,False,1.0,0.450471014492754
"0.02,0.09",002_009,0.02,0.09,largecut,5000,segment,C3C05_1585_segment.fcs,False,1.0,0.581302521008403
"0.02,0.09",002_009,0.02,0.09,largecut,5000,segment,C3C05_2575_segment.fcs,False,1.0,0.679417122040073
"0.02,0.09",002_009,0.02,0.09,largecut,5000,bimix,C3C05_6535_bimix.fcs,False,0.965200188412624,0.973343640707297
"0.02,0.09",002_009,0.02,0.09,largecut,5000,bimix,C3C05_9010_bimix.fcs,False,1.0,0.356044577511643
"0.02,0.09",002_009,0.02,0.09,largecut,5000,segment,C3C05_9010_segment.fcs,False,1.0,0.362164796093215
"0.02,0.09",002_009,0.02,0.09,largecut,5000,trimix,C3C1C05_104545_trimix.fcs,False,0.944164384590196,0.590046296296296
"0.02,0.09",002_009,0.02,0.09,largecut,5000,trimix,C3C1C05_403525_trimix.fcs,False,0.407424578887505,0.990795454545455
"0.02,0.09",002_009,0.02,0.09,largecut,5000,segment,C3C1_1585_segment.fcs,False,1.0,0.819724396148865
"0.02,0.09",002_009,0.02,0.09,largecut,5000,segment,C3C1_3070_segment.fcs,False,1.0,0.895128124557581
"0.02,0.09",002_009,0.02,0.09,largecut,5000,bimix,C3C1_4060_bimix.fcs,False,0.60760691243769,0.758377192982456
"0.02,0.09",002_009,0.02,0.09,largecut,5000,segment,C3C1_4555_segment.fcs,False,0.913360829294805,0.970212765957447
"0.02,0.09",002_009,0.02,0.09,largecut,5000,segment,C3C1_9010_segment.fcs,False,1.0,0.25448225937016
"0.02,0.09",002_009,0.02,0.09,smallcut,2000,trimix,A05A1A3_405010_trimix.fcs,False,0.508651658534057,0.722554112554113
"0.02,0.09",002_009,0.02,0.09,smallcut,2000,segment,A05A1_1090_segment.fcs,False,1.0,0.653636363636364
"0.02,0.09",002_009,0.02,0.09,smallcut,2000,segment,A05A1_1585_segment.fcs,False,1.0,0.607423152387181
"0.02,0.09",002_009,0.02,0.09,smallcut,2000,bimix,A05A1_3565_bimix.fcs,False,0.653220219158713,0.405212121212121
"0.02,0.09",002_009,0.02,0.09,smallcut,2000,bimix,A05A1_4555_bimix.fcs,False,0.543515975804357,0.371104651162791
"0.02,0.09",002_009,0.02,0.09,smallcut,2000,bimix,A05A1_5545_bimix.fcs,False,0.560890473621244,0.6328125
"0.02,0.09",002_009,0.02,0.09,smallcut,2000,bimix,A05A1_7030_bimix.fcs,False,0.739411764705882,0.750366185394434
"0.02,0.09",002_009,0.02,0.09,smallcut,2000,segment,A05A1_9010_segment.fcs,False,0.998641304347826,0.669411764705882
"0.02,0.09",002_009,0.02,0.09,smallcut,2000,bimix,A05A3_1585_bimix.fcs,False,0.871381254861291,0.438079655618941
"0.02,0.09",002_009,0.02,0.09,smallcut,2000,bimix,A05A3_2080_bimix.fcs,False,0.81223167298435,0.473266666666667
"0.02,0.09",002_009,0.02,0.09,smallcut,2000,segment,A05A3_3565_segment.fcs,False,1.0,0.790647175522039
"0.02,0.09",002_009,0.02,0.09,smallcut,2000,bimix,A05A3_7525_bimix.fcs,False,0.874789864596387,0.719281609195402
"0.02,0.09",002_009,0.02,0.09,smallcut,2000,bimix,A05A3_9010_bimix.fcs,False,0.999015990159902,0.427851851851852
"0.02,0.09",002_009,0.02,0.09,smallcut,2000,segment,A05A3_9010_segment.fcs,False,0.999568087863269,0.327923728813559
"0.02,0.09",002_009,0.02,0.09,smallcut,2000,trimix,A1A05A3_501535_trimix.fcs,False,0.501403422743098,0.546604938271605
"0.02,0.09",002_009,0.02,0.09,smallcut,2000,segment,A1A05_4555_segment.fcs,False,0.553796338559014,0.625
"0.02,0.09",002_009,0.02,0.09,smallcut,2000,trimix,A1A3A05_106525_trimix.fcs,False,0.658933581848992,0.529334975369458
"0.02,0.09",002_009,0.02,0.09,smallcut,2000,trimix,A1A3A05_252055_trimix.fcs,False,0.594970859049447,0.942232704402516
"0.02,0.09",002_009,0.02,0.09,smallcut,2000,segment,A1A3_3070_segment.fcs,False,1.0,0.904808971861681
"0.02,0.09",002_009,0.02,0.09,smallcut,2000,segment,A1A3_5545_segment.fcs,False,0.996001082251082,0.97698239152952
"0.02,0.09",002_009,0.02,0.09,smallcut,2000,bimix,A1A3_6040_bimix.fcs,False,0.618139392504202,0.620513888888889
"0.02,0.09",002_009,0.02,0.09,smallcut,2000,bimix,A1A3_7525_bimix.fcs,False,0.785802244864495,0.531010101010101
"0.02,0.09",002_009,0.02,0.09,smallcut,2000,trimix,A3A05A1_454510_trimix.fcs,False,0.900789442677035,0.109209302325581
"0.02,0.09",002_009,0.02,0.09,smallcut,2000,segment,A3A05_1585_segment.fcs,False,1.0,0.710129449838188
"0.02,0.09",002_009,0.02,0.09,smallcut,2000,trimix,A3A1A05_106525_trimix.fcs,False,0.662119532105933,0.464889162561576
"0.02,0.09",002_009,0.02,0.09,smallcut,2000,trimix,A3A1A05_305020_trimix.fcs,False,0.504932323232323,0.589158221014871
"0.02,0.09",002_009,0.02,0.09,smallcut,2000,trimix,A3A1A05_502525_trimix.fcs,False,0.490190182019701,0.354785373608903
"0.02,0.09",002_009,0.02,0.09,smallcut,2000,segment,A3A1_1090_segment.fcs,False,1.0,0.426839416058394
"0.02,0.09",002_009,0.02,0.09,smallcut,2000,segment,B05B1_4060_segment.fcs,False,0.963840539023021,0.973451327433628
"0.02,0.09",002_009,0.02,0.09,smallcut,2000,bimix,B05B1_6040_bimix.fcs,False,0.610698809887092,0.562314814814815
"0.02,0.09",002_009,0.02,0.09,smallcut,2000,bimix,B05B1_6535_bimix.fcs,False,0.677495956223974,0.622685185185185
"0.02,0.09",002_009,0.02,0.09,smallcut,2000,bimix,B05B1_7525_bimix.fcs,False,0.807808996662695,0.700057471264368
"0.02,0.09",002_009,0.02,0.09,smallcut,2000,segment,B05B1_8515_segment.fcs,False,1.0,0.740501805252644
"0.02,0.09",002_009,0.02,0.09,smallcut,2000,segment,B05B3_1090_segment.fcs,False,1.0,0.253502935061899
"0.02,0.09",002_009,0.02,0.09,smallcut,2000,segment,B05B3_2080_segment.fcs,False,1.0,0.661734104046243
"0.02,0.09",002_009,0.02,0.09,smallcut,2000,segment,B05B3_4060_segment.fcs,False,1.0,0.927070063694267
"0.02,0.09",002_009,0.02,0.09,smallcut,2000,bimix,B05B3_6040_bimix.fcs,False,0.616853839801817,0.740839440373085
"0.02,0.09",002_009,0.02,0.09,smallcut,2000,bimix,B05B3_7525_bimix.fcs,False,0.780513852344838,0.625523809523809
"0.02,0.09",002_009,0.02,0.09,smallcut,2000,bimix,B05B3_9010_bimix.fcs,False,1.0,0.465714285714286
"0.02,0.09",002_009,0.02,0.09,smallcut,2000,trimix,B1B05B3_103060_trimix.fcs,False,0.613565164801935,0.641182795698925
"0.02,0.09",002_009,0.02,0.09,smallcut,2000,trimix,B1B05B3_205030_trimix.fcs,False,0.515632195414956,0.818673469387755
"0.02,0.09",002_009,0.02,0.09,smallcut,2000,trimix,B1B05B3_355510_trimix.fcs,False,0.574379039221142,0.711604938271605
"0.02,0.09",002_009,0.02,0.09,smallcut,2000,segment,B1B05_7525_segment.fcs,False,1.0,0.832886453718816
"0.02,0.09",002_009,0.02,0.09,smallcut,2000,trimix,B1B3B05_101080_trimix.fcs,False,0.901735695019034,0.682369477911647
"0.02,0.09",002_009,0.02,0.09,smallcut,2000,trimix,B1B3B05_302545_trimix.fcs,False,0.478758377067329,0.938262108262108
"0.02,0.09",002_009,0.02,0.09,smallcut,2000,trimix,B1B3B05_504010_trimix.fcs,False,0.500877917414722,0.516369443705084
"0.02,0.09",002_009,0.02,0.09,smallcut,2000,trimix,B1B3B05_651025_trimix.fcs,False,0.667659628918746,0.533014099494546
"0.02,0.09",002_009,0.02,0.09,smallcut,2000,bimix,B1B3_1585_bimix.fcs,False,0.859553038609535,0.285365384615385
"0.02,0.09",002_009,0.02,0.09,smallcut,2000,bimix,B1B3_5545_bimix.fcs,False,0.552395943218347,0.495821501014199
"0.02,0.09",002_009,0.02,0.09,smallcut,2000,segment,B1B3_6040_segment.fcs,False,1.0,0.934426600601129
"0.02,0.09",002_009,0.02,0.09,smallcut,2000,bimix,B1B3_8020_bimix.fcs,False,0.819646004480956,0.420060230885059
"0.02,0.09",002_009,0.02,0.09,smallcut,2000,segment,B1B3_8515_segment.fcs,False,1.0,0.595965166380831
"0.02,0.09",002_009,0.02,0.09,smallcut,2000,segment,B3B05_9010_segment.fcs,False,1.0,0.320516271103499
"0.02,0.09",002_009,0.02,0.09,smallcut,2000,segment,B3B1_4060_segment.fcs,False,1.0,0.930552367288379
"0.02,0.09",002_009,0.02,0.09,smallcut,2000,segment,B3B1_8020_segment.fcs,False,1.0,0.583530387886331
"0.02,0.09",002_009,0.02,0.09,smallcut,2000,segment,C05C1_1090_segment.fcs,False,1.0,0.586914765906362
"0.02,0.09",002_009,0.02,0.09,smallcut,2000,segment,C05C1_1585_segment.fcs,False,1.0,0.566532033352263
"0.02,0.09",002_009,0.02,0.09,smallcut,2000,bimix,C05C1_8515_bimix.fcs,False,0.894094634873323,0.412777777777778
"0.02,0.09",002_009,0.02,0.09,smallcut,2000,segment,C05C3_1585_segment.fcs,False,1.0,0.389339146959599
"0.02,0.09",002_009,0.02,0.09,smallcut,2000,segment,C05C3_3565_segment.fcs,False,1.0,0.882885757400581
"0.02,0.09",002_009,0.02,0.09,smallcut,2000,bimix,C05C3_7030_bimix.fcs,False,0.71712367618917,0.669066666666667
"0.02,0.09",002_009,0.02,0.09,smallcut,2000,bimix,C05C3_8515_bimix.fcs,False,0.987689969604863,0.56259110787172
"0.02,0.09",002_009,0.02,0.09,smallcut,2000,segment,C05C3_9010_segment.fcs,False,0.998625981904441,0.440878136200717
"0.02,0.09",002_009,0.02,0.09,smallcut,2000,segment,C1C05_3070_segment.fcs,False,0.717468536946342,0.461538461538462
"0.02,0.09",002_009,0.02,0.09,smallcut,2000,bimix,C1C05_4060_bimix.fcs,False,0.640315757204169,0.680671008655412
"0.02,0.09",002_009,0.02,0.09,smallcut,2000,bimix,C1C05_6040_bimix.fcs,False,0.596542064922601,0.361469387755102
"0.02,0.09",002_009,0.02,0.09,smallcut,2000,segment,C1C05_9010_segment.fcs,False,1.0,0.704128660585694
"0.02,0.09",002_009,0.02,0.09,smallcut,2000,trimix,C1C3C05_106030_trimix.fcs,False,0.627526741012109,0.766826923076923
"0.02,0.09",002_009,0.02,0.09,smallcut,2000,trimix,C1C3C05_352045_trimix.fcs,False,0.463205363726648,0.769605734767025
"0.02,0.09",002_009,0.02,0.09,smallcut,2000,trimix,C1C3C05_353530_trimix.fcs,False,0.698571428571429,0.257335609201008
"0.02,0.09",002_009,0.02,0.09,smallcut,2000,trimix,C1C3C05_801010_trimix.fcs,False,0.821954166504652,0.44936170212766
"0.02,0.09",002_009,0.02,0.09,smallcut,2000,bimix,C1C3_1090_bimix.fcs,False,0.916364777978702,0.320004318546809
"0.02,0.09",002_009,0.02,0.09,smallcut,2000,segment,C1C3_2575_segment.fcs,False,1.0,0.724232004759072
"0.02,0.09",002_009,0.02,0.09,smallcut,2000,segment,C1C3_4555_segment.fcs,False,0.975567656777763,0.988416988416988
"0.02,0.09",002_009,0.02,0.09,smallcut,2000,segment,C1C3_7525_segment.fcs,False,1.0,0.757711502615597
"0.02,0.09",002_009,0.02,0.09,smallcut,2000,bimix,C3C05_4060_bimix.fcs,False,0.621464320006866,0.822857142857143
"0.02,0.09",002_009,0.02,0.09,smallcut,2000,segment,C3C05_4555_segment.fcs,False,0.98027989821883,0.949044585987261
"0.02,0.09",002_009,0.02,0.09,smallcut,2000,trimix,C3C1C05_101080_trimix.fcs,False,0.932231950524633,0.679182389937107
"0.02,0.09",002_009,0.02,0.09,smallcut,2000,trimix,C3C1C05_107020_trimix.fcs,False,0.717804741400373,0.550560897435897
"0.02,0.09",002_009,0.02,0.09,smallcut,2000,trimix,C3C1C05_204040_trimix.fcs,False,0.7999554267885,0.198857142857143
"0.02,0.09",002_009,0.02,0.09,smallcut,2000,trimix,C3C1C05_301555_trimix.fcs,False,0.56001851619685,0.77968253968254
"0.02,0.09",002_009,0.02,0.09,smallcut,2000,bimix,C3C1_3565_bimix.fcs,False,0.646472428154606,0.283638392857143
"0.02,0.09",002_009,0.02,0.09,smallcut,2000,bimix,C3C1_8020_bimix.fcs,False,0.815006993006993,0.435024475447493
"0.02,0.2",002_02,0.02,0.2,largecut,5000,trimix,A05A1A3_157510_trimix.fcs,False,0.995494364593327,0.678435054773083
"0.02,0.2",002_02,0.02,0.2,largecut,5000,trimix,A05A1A3_306010_trimix.fcs,False,0.788861985472155,0.861083743842365
"0.02,0.2",002_02,0.02,0.2,largecut,5000,trimix,A05A1A3_601030_trimix.fcs,False,0.793966523939276,0.939285714285714
"0.02,0.2",002_02,0.02,0.2,largecut,5000,bimix,A05A1_2080_bimix.fcs,False,0.98835423963063,0.627193243914555
"0.02,0.2",002_02,0.02,0.2,largecut,5000,bimix,A05A1_2575_bimix.fcs,False,0.979736970287384,0.898685685175751
"0.02,0.2",002_02,0.02,0.2,largecut,5000,bimix,A05A1_3070_bimix.fcs,False,0.897431678760061,0.863767976989454
"0.02,0.2",002_02,0.02,0.2,largecut,5000,bimix,A05A1_4060_bimix.fcs,False,0.599346618752042,0.39537037037037
"0.02,0.2",002_02,0.02,0.2,largecut,5000,segment,A05A1_4555_segment.fcs,False,0.549339173778416,0.434782608695652
"0.02,0.2",002_02,0.02,0.2,largecut,5000,trimix,A05A3A1_454510_trimix.fcs,False,0.960987824270762,0.678671171171171
"0.02,0.2",002_02,0.02,0.2,largecut,5000,bimix,A05A3_1090_bimix.fcs,False,1.0,0.329010989010989
"0.02,0.2",002_02,0.02,0.2,largecut,5000,bimix,A05A3_2575_bimix.fcs,False,1.0,0.658850026497085
"0.02,0.2",002_02,0.02,0.2,largecut,5000,segment,A05A3_4060_segment.fcs,False,1.0,0.833628318584071
"0.02,0.2",002_02,0.02,0.2,largecut,5000,bimix,A05A3_6040_bimix.fcs,False,0.62800982550034,0.881578947368421
"0.02,0.2",002_02,0.02,0.2,largecut,5000,bimix,A05A3_8020_bimix.fcs,False,1.0,0.698573333333333
"0.02,0.2",002_02,0.02,0.2,largecut,5000,segment,A05A3_8515_segment.fcs,False,0.998271331445547,0.566575520833333
"0.02,0.2",002_02,0.02,0.2,largecut,5000,segment,A1A05_4060_segment.fcs,False,0.954065981828668,0.883561643835616
"0.02,0.2",002_02,0.02,0.2,largecut,5000,segment,A1A05_5545_segment.fcs,False,0.987601691001457,0.971949152542373
"0.02,0.2",002_02,0.02,0.2,largecut,5000,trimix,A1A3A05_551035_trimix.fcs,False,0.613742718446602,0.876211806457197
"0.02,0.2",002_02,0.02,0.2,largecut,5000,trimix,A1A3A05_651025_trimix.fcs,False,0.756983263192344,0.672628968253968
"0.02,0.2",002_02,0.02,0.2,largecut,5000,trimix,A1A3A05_651520_trimix.fcs,False,0.893711934156379,0.922514376762048
"0.02,0.2",002_02,0.02,0.2,largecut,5000,bimix,A1A3_1090_bimix.fcs,False,1.0,0.309629934210526
"0.02,0.2",002_02,0.02,0.2,largecut,5000,bimix,A1A3_1585_bimix.fcs,False,1.0,0.415096952908587
"0.02,0.2",002_02,0.02,0.2,largecut,5000,segment,A1A3_7525_segment.fcs,False,1.0,0.628050177569023
"0.02,0.2",002_02,0.02,0.2,largecut,5000,segment,A1A3_8020_segment.fcs,False,1.0,0.519911486940372
"0.02,0.2",002_02,0.02,0.2,largecut,5000,bimix,A1A3_9010_bimix.fcs,False,1.0,0.53638936535163
"0.02,0.2",002_02,0.02,0.2,largecut,5000,segment,A3A05_1090_segment.fcs,False,1.0,0.296272264631043
"0.02,0.2",002_02,0.02,0.2,largecut,5000,segment,A3A05_7030_segment.fcs,False,1.0,0.775624324604385
"0.02,0.2",002_02,0.02,0.2,largecut,5000,trimix,A3A1A05_103555_trimix.fcs,False,0.658417844278193,0.879089912280702
"0.02,0.2",002_02,0.02,0.2,largecut,5000,segment,A3A1_1090_segment.fcs,False,1.0,0.329337250442254
"0.02,0.2",002_02,0.02,0.2,largecut,5000,segment,A3A1_2575_segment.fcs,False,1.0,0.815562798783138
"0.02,0.2",002_02,0.02,0.2,largecut,5000,bimix,B05B1_3070_bimix.fcs,False,0.839334314086061,0.789470284237726
"0.02,0.2",002_02,0.02,0.2,largecut,5000,segment,B05B1_3565_segment.fcs,False,1.0,0.889506604506604
"0.02,0.2",002_02,0.02,0.2,largecut,5000,segment,B05B1_6535_segment.fcs,False,0.934240930097158,0.95906432748538
"0.02,0.2",002_02,0.02,0.2,largecut,5000,bimix,B05B1_7030_bimix.fcs,False,0.73924375917768,0.695925925925926
"0.02,0.2",002_02,0.02,0.2,largecut,5000,trimix,B05B3B1_151570_trimix.fcs,False,0.980603448275862,0.742713730569948
"0.02,0.2",002_02,0.02,0.2,largecut,5000,trimix,B05B3B1_751510_trimix.fcs,False,0.976267921146953,0.865474841272743
"0.02,0.2",002_02,0.02,0.2,largecut,5000,segment,B05B3_5545_segment.fcs,False,0.99406899601946,0.977916703910321
"0.02,0.2",002_02,0.02,0.2,largecut,5000,bimix,B05B3_7030_bimix.fcs,False,0.982054924242424,0.975396825396825
"0.02,0.2",002_02,0.02,0.2,largecut,5000,segment,B1B05_2575_segment.fcs,False,0.995672556797692,0.864661654135338
"0.02,0.2",002_02,0.02,0.2,largecut,5000,bimix,B1B05_4555_bimix.fcs,False,0.588699335687857,0.862296918767507
"0.02,0.2",002_02,0.02,0.2,largecut,5000,bimix,B1B05_7525_bimix.fcs,False,0.918994958949339,0.708186813186813
"0.02,0.2",002_02,0.02,0.2,largecut,5000,bimix,B1B3_2080_bimix.fcs,False,0.906801601324901,0.588346456692913
"0.02,0.2",002_02,0.02,0.2,largecut,5000,segment,B1B3_7030_segment.fcs,False,1.0,0.846011880935597
"0.02,0.2",002_02,0.02,0.2,largecut,5000,trimix,B3B05B1_652510_trimix.fcs,False,0.864248307118578,0.942541118421053
"0.02,0.2",002_02,0.02,0.2,largecut,5000,trimix,B3B05B1_801010_trimix.fcs,False,0.932173540713898,0.543860311467673
"0.02,0.2",002_02,0.02,0.2,largecut,5000,segment,B3B05_2080_segment.fcs,False,1.0,0.606458333333333
"0.02,0.2",002_02,0.02,0.2,largecut,5000,bimix,B3B05_3565_bimix.fcs,False,0.843588457753462,0.940137931034483
"0.02,0.2",002_02,0.02,0.2,largecut,5000,segment,B3B05_6040_segment.fcs,False,1.0,0.965505804311774
"0.02,0.2",002_02,0.02,0.2,largecut,5000,bimix,B3B05_6535_bimix.fcs,False,0.980644329896907,0.958586337760911
"0.02,0.2",002_02,0.02,0.2,largecut,5000,bimix,B3B05_7525_bimix.fcs,False,1.0,0.721377076453833
"0.02,0.2",002_02,0.02,0.2,largecut,5000,segment,B3B05_8020_segment.fcs,False,1.0,0.776662143826323
"0.02,0.2",002_02,0.02,0.2,largecut,5000,trimix,B3B1B05_204535_trimix.fcs,False,0.479213483146067,0.892978723404255
"0.02,0.2",002_02,0.02,0.2,largecut,5000,trimix,B3B1B05_253540_trimix.fcs,False,0.413520832457684,0.877654320987654
"0.02,0.2",002_02,0.02,0.2,largecut,5000,trimix,B3B1B05_503515_trimix.fcs,False,0.505546127738352,0.571329365079365
"0.02,0.2",002_02,0.02,0.2,largecut,5000,trimix,B3B1B05_651025_trimix.fcs,False,0.846566493204764,0.965177339901478
"0.02,0.2",002_02,0.02,0.2,largecut,5000,segment,B3B1_1090_segment.fcs,False,1.0,0.341151515151515
"0.02,0.2",002_02,0.02,0.2,largecut,5000,bimix,B3B1_1585_bimix.fcs,False,0.99994630071599,0.559912569732163
"0.02,0.2",002_02,0.02,0.2,largecut,5000,bimix,B3B1_2575_bimix.fcs,False,0.837605251333346,0.668174048174048
"0.02,0.2",002_02,0.02,0.2,largecut,5000,segment,B3B1_5545_segment.fcs,False,1.0,0.991414596035938
"0.02,0.2",002_02,0.02,0.2,largecut,5000,bimix,B3B1_6040_bimix.fcs,False,0.599075043630017,0.350128668929251
"0.02,0.2",002_02,0.02,0.2,largecut,5000,segment,B3B1_8020_segment.fcs,False,1.0,0.553368011539975
"0.02,0.2",002_02,0.02,0.2,largecut,5000,bimix,C05C1_7030_bimix.fcs,False,0.814314345991561,0.930924115456238
"0.02,0.2",002_02,0.02,0.2,largecut,5000,bimix,C05C1_7525_bimix.fcs,False,0.949140618042568,0.8560027100271
"0.02,0.2",002_02,0.02,0.2,largecut,5000,bimix,C05C3_8515_bimix.fcs,False,1.0,0.59625
"0.02,0.2",002_02,0.02,0.2,largecut,5000,segment,C1C05_1585_segment.fcs,False,1.0,0.5404296875
"0.02,0.2",002_02,0.02,0.2,largecut,5000,bimix,C1C05_2080_bimix.fcs,False,0.988986784140969,0.840298507462687
"0.02,0.2",002_02,0.02,0.2,largecut,5000,bimix,C1C05_3070_bimix.fcs,False,0.75229354443571,0.609437229437229
"0.02,0.2",002_02,0.02,0.2,largecut,5000,segment,C1C05_4060_segment.fcs,False,0.994051820168539,0.991071428571429
"0.02,0.2",002_02,0.02,0.2,largecut,5000,segment,C1C05_5545_segment.fcs,False,0.572842910361085,0.777777777777778
"0.02,0.2",002_02,0.02,0.2,largecut,5000,trimix,C1C3C05_107515_trimix.fcs,False,0.924664688960805,0.676459096137467
"0.02,0.2",002_02,0.02,0.2,largecut,5000,trimix,C1C3C05_205525_trimix.fcs,False,0.725766135155657,0.939105814739689
"0.02,0.2",002_02,0.02,0.2,largecut,5000,trimix,C1C3C05_302545_trimix.fcs,False,0.457896405919662,0.703703703703704
"0.02,0.2",002_02,0.02,0.2,largecut,5000,trimix,C1C3C05_452035_trimix.fcs,False,0.462620566439706,0.952156862745098
"0.02,0.2",002_02,0.02,0.2,largecut,5000,bimix,C1C3_1090_bimix.fcs,False,1.0,0.349761437908497
"0.02,0.2",002_02,0.02,0.2,largecut,5000,bimix,C1C3_3070_bimix.fcs,False,0.731575005534682,0.871764705882353
"0.02,0.2",002_02,0.02,0.2,largecut,5000,trimix,C3C05C1_101080_trimix.fcs,False,0.990374898094891,0.653291592128801
"0.02,0.2",002_02,0.02,0.2,largecut,5000,trimix,C3C05C1_651025_trimix.fcs,False,0.676366092221705,0.975067021170967
"0.02,0.2",002_02,0.02,0.2,largecut,5000,segment,C3C05_1090_segment.fcs,False,1.0,0.383734567901235
"0.02,0.2",002_02,0.02,0.2,largecut,5000,segment,C3C05_1585_segment.fcs,False,1.0,0.5404296875
"0.02,0.2",002_02,0.02,0.2,largecut,5000,segment,C3C05_2575_segment.fcs,False,1.0,0.56006006006006
"0.02,0.2",002_02,0.02,0.2,largecut,5000,bimix,C3C05_6535_bimix.fcs,False,0.965200188412624,0.973343640707297
"0.02,0.2",002_02,0.02,0.2,largecut,5000,bimix,C3C05_9010_bimix.fcs,False,1.0,0.359042571035593
"0.02,0.2",002_02,0.02,0.2,largecut,5000,segment,C3C05_9010_segment.fcs,False,1.0,0.248885012805794
"0.02,0.2",002_02,0.02,0.2,largecut,5000,trimix,C3C1C05_104545_trimix.fcs,False,0.963415551938348,0.611927083333333
"0.02,0.2",002_02,0.02,0.2,largecut,5000,trimix,C3C1C05_403525_trimix.fcs,False,0.40657153708426,0.916666666666667
"0.02,0.2",002_02,0.02,0.2,largecut,5000,segment,C3C1_1585_segment.fcs,False,1.0,0.757360782375738
"0.02,0.2",002_02,0.02,0.2,largecut,5000,segment,C3C1_3070_segment.fcs,False,1.0,0.863809184241305
"0.02,0.2",002_02,0.02,0.2,largecut,5000,bimix,C3C1_4060_bimix.fcs,False,0.609454341763982,0.711795665634675
"0.02,0.2",002_02,0.02,0.2,largecut,5000,segment,C3C1_4555_segment.fcs,False,0.546354840457596,0.222222222222222
"0.02,0.2",002_02,0.02,0.2,largecut,5000,segment,C3C1_9010_segment.fcs,False,1.0,0.249151305598648
"0.02,0.2",002_02,0.02,0.2,smallcut,2000,trimix,A05A1A3_405010_trimix.fcs,False,0.507954159123376,0.694834710743802
"0.02,0.2",002_02,0.02,0.2,smallcut,2000,segment,A05A1_1090_segment.fcs,False,1.0,0.346746119733925
"0.02,0.2",002_02,0.02,0.2,smallcut,2000,segment,A05A1_1585_segment.fcs,False,1.0,0.544721407624633
"0.02,0.2",002_02,0.02,0.2,smallcut,2000,bimix,A05A1_3565_bimix.fcs,False,0.660046695402299,0.483190476190476
"0.02,0.2",002_02,0.02,0.2,smallcut,2000,bimix,A05A1_4555_bimix.fcs,False,0.540475612941747,0.34125
"0.02,0.2",002_02,0.02,0.2,smallcut,2000,bimix,A05A1_5545_bimix.fcs,False,0.556623145543293,0.527555555555556
"0.02,0.2",002_02,0.02,0.2,smallcut,2000,bimix,A05A1_7030_bimix.fcs,False,0.73513247073321,0.675854827065695
"0.02,0.2",002_02,0.02,0.2,smallcut,2000,segment,A05A1_9010_segment.fcs,False,0.998602131749083,0.57620253164557
"0.02,0.2",002_02,0.02,0.2,smallcut,2000,bimix,A05A3_1585_bimix.fcs,False,0.87172454617206,0.391186024054078
"0.02,0.2",002_02,0.02,0.2,smallcut,2000,bimix,A05A3_2080_bimix.fcs,False,0.817708205443012,0.446510569937874
"0.02,0.2",002_02,0.02,0.2,smallcut,2000,segment,A05A3_3565_segment.fcs,False,1.0,0.772953601710719
"0.02,0.2",002_02,0.02,0.2,smallcut,2000,bimix,A05A3_7525_bimix.fcs,False,0.87860337972167,0.698780487804878
"0.02,0.2",002_02,0.02,0.2,smallcut,2000,bimix,A05A3_9010_bimix.fcs,False,0.998978288633461,0.381254125412541
"0.02,0.2",002_02,0.02,0.2,smallcut,2000,segment,A05A3_9010_segment.fcs,False,0.999563237037499,0.319793388429752
"0.02,0.2",002_02,0.02,0.2,smallcut,2000,trimix,A1A05A3_501535_trimix.fcs,False,0.502694601922603,0.574391534391534
"0.02,0.2",002_02,0.02,0.2,smallcut,2000,segment,A1A05_4555_segment.fcs,False,0.636375793873473,0.915254237288136
"0.02,0.2",002_02,0.02,0.2,smallcut,2000,trimix,A1A3A05_106525_trimix.fcs,False,0.655940796931407,0.458705357142857
"0.02,0.2",002_02,0.02,0.2,smallcut,2000,trimix,A1A3A05_252055_trimix.fcs,False,0.597281335766528,0.947060606060606
"0.02,0.2",002_02,0.02,0.2,smallcut,2000,segment,A1A3_3070_segment.fcs,False,1.0,0.900179401738374
"0.02,0.2",002_02,0.02,0.2,smallcut,2000,segment,A1A3_5545_segment.fcs,False,0.996001082251082,0.97698239152952
"0.02,0.2",002_02,0.02,0.2,smallcut,2000,bimix,A1A3_6040_bimix.fcs,False,0.623463352461279,0.633194444444444
"0.02,0.2",002_02,0.02,0.2,smallcut,2000,bimix,A1A3_7525_bimix.fcs,False,0.790288585989975,0.555759803921569
"0.02,0.2",002_02,0.02,0.2,smallcut,2000,trimix,A3A05A1_454510_trimix.fcs,False,0.898599012484445,0.086962962962963
"0.02,0.2",002_02,0.02,0.2,smallcut,2000,segment,A3A05_1585_segment.fcs,False,1.0,0.717091503267974
"0.02,0.2",002_02,0.02,0.2,smallcut,2000,trimix,A3A1A05_106525_trimix.fcs,False,0.666586180206501,0.485530303030303
"0.02,0.2",002_02,0.02,0.2,smallcut,2000,trimix,A3A1A05_305020_trimix.fcs,False,0.507543643458616,0.602993507728248
"0.02,0.2",002_02,0.02,0.2,smallcut,2000,trimix,A3A1A05_502525_trimix.fcs,False,0.489957047927283,0.355510835913313
"0.02,0.2",002_02,0.02,0.2,smallcut,2000,segment,A3A1_1090_segment.fcs,False,1.0,0.301782507276593
"0.02,0.2",002_02,0.02,0.2,smallcut,2000,segment,B05B1_4060_segment.fcs,False,0.997435897435897,0.97071129707113
"0.02,0.2",002_02,0.02,0.2,smallcut,2000,bimix,B05B1_6040_bimix.fcs,False,0.611012465795075,0.577549019607843
"0.02,0.2",002_02,0.02,0.2,smallcut,2000,bimix,B05B1_6535_bimix.fcs,False,0.689086079961228,0.670442708333333
"0.02,0.2",002_02,0.02,0.2,smallcut,2000,bimix,B05B1_7525_bimix.fcs,False,0.813125744603704,0.741350574712644
"0.02,0.2",002_02,0.02,0.2,smallcut,2000,segment,B05B1_8515_segment.fcs,False,1.0,0.543334722913277
"0.02,0.2",002_02,0.02,0.2,smallcut,2000,segment,B05B3_1090_segment.fcs,False,1.0,0.347925455443458
"0.02,0.2",002_02,0.02,0.2,smallcut,2000,segment,B05B3_2080_segment.fcs,False,1.0,0.661734104046243
"0.02,0.2",002_02,0.02,0.2,smallcut,2000,segment,B05B3_4060_segment.fcs,False,1.0,0.942071197411003
"0.02,0.2",002_02,0.02,0.2,smallcut,2000,bimix,B05B3_6040_bimix.fcs,False,0.624930693069307,0.717460089170142
"0.02,0.2",002_02,0.02,0.2,smallcut,2000,bimix,B05B3_7525_bimix.fcs,False,0.794048780487805,0.574043062200957
"0.02,0.2",002_02,0.02,0.2,smallcut,2000,bimix,B05B3_9010_bimix.fcs,False,1.0,0.455698924731183
"0.02,0.2",002_02,0.02,0.2,smallcut,2000,trimix,B1B05B3_103060_trimix.fcs,False,0.613350915296308,0.55937037037037
"0.02,0.2",002_02,0.02,0.2,smallcut,2000,trimix,B1B05B3_205030_trimix.fcs,False,0.517316170881265,0.778938775510204
"0.02,0.2",002_02,0.02,0.2,smallcut,2000,trimix,B1B05B3_355510_trimix.fcs,False,0.583978079136925,0.711073059360731
"0.02,0.2",002_02,0.02,0.2,smallcut,2000,segment,B1B05_7525_segment.fcs,False,1.0,0.81390977443609
"0.02,0.2",002_02,0.02,0.2,smallcut,2000,trimix,B1B3B05_101080_trimix.fcs,False,0.903842442281876,0.658484848484848
"0.02,0.2",002_02,0.02,0.2,smallcut,2000,trimix,B1B3B05_302545_trimix.fcs,False,0.480322770553906,0.909393939393939
"0.02,0.2",002_02,0.02,0.2,smallcut,2000,trimix,B1B3B05_504010_trimix.fcs,False,0.502335443037975,0.540694412356843
"0.02,0.2",002_02,0.02,0.2,smallcut,2000,trimix,B1B3B05_651025_trimix.fcs,False,0.67140625,0.534912043301759
"0.02,0.2",002_02,0.02,0.2,smallcut,2000,bimix,B1B3_1585_bimix.fcs,False,0.858265876116783,0.248228260869565
"0.02,0.2",002_02,0.02,0.2,smallcut,2000,bimix,B1B3_5545_bimix.fcs,False,0.551677566405857,0.476050420168067
"0.02,0.2",002_02,0.02,0.2,smallcut,2000,segment,B1B3_6040_segment.fcs,False,0.594394178700361,0.282765129173057
"0.02,0.2",002_02,0.02,0.2,smallcut,2000,bimix,B1B3_8020_bimix.fcs,False,0.819275665968273,0.410905518257737
"0.02,0.2",002_02,0.02,0.2,smallcut,2000,segment,B1B3_8515_segment.fcs,False,1.0,0.493900448489049
"0.02,0.2",002_02,0.02,0.2,smallcut,2000,segment,B3B05_9010_segment.fcs,False,1.0,0.292350610946828
"0.02,0.2",002_02,0.02,0.2,smallcut,2000,segment,B3B1_4060_segment.fcs,False,1.0,0.938179845708775
"0.02,0.2",002_02,0.02,0.2,smallcut,2000,segment,B3B1_8020_segment.fcs,False,1.0,0.538194031119803
"0.02,0.2",002_02,0.02,0.2,smallcut,2000,segment,C05C1_1090_segment.fcs,False,1.0,0.516989777934438
"0.02,0.2",002_02,0.02,0.2,smallcut,2000,segment,C05C1_1585_segment.fcs,False,1.0,0.562946633405937
"0.02,0.2",002_02,0.02,0.2,smallcut,2000,bimix,C05C1_8515_bimix.fcs,False,0.889271917587724,0.371590909090909
"0.02,0.2",002_02,0.02,0.2,smallcut,2000,segment,C05C3_1585_segment.fcs,False,1.0,0.400067698818503
"0.02,0.2",002_02,0.02,0.2,smallcut,2000,segment,C05C3_3565_segment.fcs,False,1.0,0.937802534310481
"0.02,0.2",002_02,0.02,0.2,smallcut,2000,bimix,C05C3_7030_bimix.fcs,False,0.717672212283468,0.6808
"0.02,0.2",002_02,0.02,0.2,smallcut,2000,bimix,C05C3_8515_bimix.fcs,False,0.987781155015198,0.56286443148688
"0.02,0.2",002_02,0.02,0.2,smallcut,2000,segment,C05C3_9010_segment.fcs,False,0.99843625527395,0.310618686868687
"0.02,0.2",002_02,0.02,0.2,smallcut,2000,segment,C1C05_3070_segment.fcs,False,0.77318909576197,0.628865979381443
"0.02,0.2",002_02,0.02,0.2,smallcut,2000,bimix,C1C05_4060_bimix.fcs,False,0.639021222679759,0.614576045893382
"0.02,0.2",002_02,0.02,0.2,smallcut,2000,bimix,C1C05_6040_bimix.fcs,False,0.594609414305176,0.349368421052632
"0.02,0.2",002_02,0.02,0.2,smallcut,2000,segment,C1C05_9010_segment.fcs,False,1.0,0.473587342589603
"0.02,0.2",002_02,0.02,0.2,smallcut,2000,trimix,C1C3C05_106030_trimix.fcs,False,0.627293965445047,0.754183864915572
"0.02,0.2",002_02,0.02,0.2,smallcut,2000,trimix,C1C3C05_352045_trimix.fcs,False,0.464923086103498,0.798494623655914
"0.02,0.2",002_02,0.02,0.2,smallcut,2000,trimix,C1C3C05_353530_trimix.fcs,False,0.700265533722783,0.307753426471562
"0.02,0.2",002_02,0.02,0.2,smallcut,2000,trimix,C1C3C05_801010_trimix.fcs,False,0.82265616095042,0.45150641025641
"0.02,0.2",002_02,0.02,0.2,smallcut,2000,bimix,C1C3_1090_bimix.fcs,False,0.918255576018007,0.293873983430873
"0.02,0.2",002_02,0.02,0.2,smallcut,2000,segment,C1C3_2575_segment.fcs,False,1.0,0.76137210756723
"0.02,0.2",002_02,0.02,0.2,smallcut,2000,segment,C1C3_4555_segment.fcs,False,0.975641991429973,0.992248062015504
"0.02,0.2",002_02,0.02,0.2,smallcut,2000,segment,C1C3_7525_segment.fcs,False,1.0,0.685572058103476
"0.02,0.2",002_02,0.02,0.2,smallcut,2000,bimix,C3C05_4060_bimix.fcs,False,0.621359847085468,0.837802197802198
"0.02,0.2",002_02,0.02,0.2,smallcut,2000,segment,C3C05_4555_segment.fcs,False,0.898320596521416,0.936395759717314
"0.02,0.2",002_02,0.02,0.2,smallcut,2000,trimix,C3C1C05_101080_trimix.fcs,False,0.930952628478359,0.68031746031746
"0.02,0.2",002_02,0.02,0.2,smallcut,2000,trimix,C3C1C05_107020_trimix.fcs,False,0.720525213783927,0.541834239130435
"0.02,0.2",002_02,0.02,0.2,smallcut,2000,trimix,C3C1C05_204040_trimix.fcs,False,0.794669200662351,0.0988214285714286
"0.02,0.2",002_02,0.02,0.2,smallcut,2000,trimix,C3C1C05_301555_trimix.fcs,False,0.565598225589589,0.771010101010101
"0.02,0.2",002_02,0.02,0.2,smallcut,2000,bimix,C3C1_3565_bimix.fcs,False,0.649401674197178,0.34265625
"0.02,0.2",002_02,0.02,0.2,smallcut,2000,bimix,C3C1_8020_bimix.fcs,False,0.81704185520362,0.4254191746159
"0.02,0.34",002_034,0.02,0.34,largecut,5000,trimix,A05A1A3_157510_trimix.fcs,False,0.996833964096878,0.656244343891403
"0.02,0.34",002_034,0.02,0.34,largecut,5000,trimix,A05A1A3_306010_trimix.fcs,False,0.791747967479675,0.856631171345595
"0.02,0.34",002_034,0.02,0.34,largecut,5000,trimix,A05A1A3_601030_trimix.fcs,False,0.788674139930421,0.938741721854305
"0.02,0.34",002_034,0.02,0.34,largecut,5000,bimix,A05A1_2080_bimix.fcs,False,0.986977909843073,0.64123595505618
"0.02,0.34",002_034,0.02,0.34,largecut,5000,bimix,A05A1_2575_bimix.fcs,False,0.976904222185363,0.841884615384615
"0.02,0.34",002_034,0.02,0.34,largecut,5000,bimix,A05A1_3070_bimix.fcs,False,0.906171695618505,0.873035714285714
"0.02,0.34",002_034,0.02,0.34,largecut,5000,bimix,A05A1_4060_bimix.fcs,False,0.59737532808399,0.382022471910112
"0.02,0.34",002_034,0.02,0.34,largecut,5000,segment,A05A1_4555_segment.fcs,False,0.559002350087181,0.64
"0.02,0.34",002_034,0.02,0.34,largecut,5000,trimix,A05A3A1_454510_trimix.fcs,False,0.96411283670728,0.757053140096618
"0.02,0.34",002_034,0.02,0.34,largecut,5000,bimix,A05A3_1090_bimix.fcs,False,1.0,0.352235294117647
"0.02,0.34",002_034,0.02,0.34,largecut,5000,bimix,A05A3_2575_bimix.fcs,False,1.0,0.638710506036476
"0.02,0.34",002_034,0.02,0.34,largecut,5000,segment,A05A3_4060_segment.fcs,False,1.0,0.789937106918239
"0.02,0.34",002_034,0.02,0.34,largecut,5000,bimix,A05A3_6040_bimix.fcs,False,0.63016028317206,0.891083333333333
"0.02,0.34",002_034,0.02,0.34,largecut,5000,bimix,A05A3_8020_bimix.fcs,False,0.999817570141598,0.692579365079365
"0.02,0.34",002_034,0.02,0.34,largecut,5000,segment,A05A3_8515_segment.fcs,False,0.998313537366677,0.609425770308123
"0.02,0.34",002_034,0.02,0.34,largecut,5000,segment,A1A05_4060_segment.fcs,False,0.586806212571405,0.179487179487179
"0.02,0.34",002_034,0.02,0.34,largecut,5000,segment,A1A05_5545_segment.fcs,False,0.588787619928414,0.853970588235294
"0.02,0.34",002_034,0.02,0.34,largecut,5000,trimix,A1A3A05_551035_trimix.fcs,False,0.609103682170543,0.851168552135403
"0.02,0.34",002_034,0.02,0.34,largecut,5000,trimix,A1A3A05_651025_trimix.fcs,False,0.75434905626711,0.62755424954792
"0.02,0.34",002_034,0.02,0.34,largecut,5000,trimix,A1A3A05_651520_trimix.fcs,False,0.888701064701065,0.920125832919238
"0.02,0.34",002_034,0.02,0.34,largecut,5000,bimix,A1A3_1090_bimix.fcs,False,1.0,0.344538020186738
"0.02,0.34",002_034,0.02,0.34,largecut,5000,bimix,A1A3_1585_bimix.fcs,False,1.0,0.413160127253446
"0.02,0.34",002_034,0.02,0.34,largecut,5000,segment,A1A3_7525_segment.fcs,False,1.0,0.662187462253895
"0.02,0.34",002_034,0.02,0.34,largecut,5000,segment,A1A3_8020_segment.fcs,False,1.0,0.484137322000221
"0.02,0.34",002_034,0.02,0.34,largecut,5000,bimix,A1A3_9010_bimix.fcs,False,1.0,0.494411067193676
"0.02,0.34",002_034,0.02,0.34,largecut,5000,segment,A3A05_1090_segment.fcs,False,1.0,0.331723646723647
"0.02,0.34",002_034,0.02,0.34,largecut,5000,segment,A3A05_7030_segment.fcs,False,1.0,0.782575089988499
"0.02,0.34",002_034,0.02,0.34,largecut,5000,trimix,A3A1A05_103555_trimix.fcs,False,0.661152022315202,0.875779914529915
"0.02,0.34",002_034,0.02,0.34,largecut,5000,segment,A3A1_1090_segment.fcs,False,1.0,0.467385456827759
"0.02,0.34",002_034,0.02,0.34,largecut,5000,segment,A3A1_2575_segment.fcs,False,1.0,0.829624226348364
"0.02,0.34",002_034,0.02,0.34,largecut,5000,bimix,B05B1_3070_bimix.fcs,False,0.852828397873956,0.768626309662398
"0.02,0.34",002_034,0.02,0.34,largecut,5000,segment,B05B1_3565_segment.fcs,False,1.0,0.889506604506604
"0.02,0.34",002_034,0.02,0.34,largecut,5000,segment,B05B1_6535_segment.fcs,False,0.982506410011098,0.962962962962963
"0.02,0.34",002_034,0.02,0.34,largecut,5000,bimix,B05B1_7030_bimix.fcs,False,0.755893393393393,0.751212121212121
"0.02,0.34",002_034,0.02,0.34,largecut,5000,trimix,B05B3B1_151570_trimix.fcs,False,0.974765974765975,0.743269862114248
"0.02,0.34",002_034,0.02,0.34,largecut,5000,trimix,B05B3B1_751510_trimix.fcs,False,0.974862637362637,0.815424999136532
"0.02,0.34",002_034,0.02,0.34,largecut,5000,segment,B05B3_5545_segment.fcs,False,0.994105494505494,0.985168627409436
"0.02,0.34",002_034,0.02,0.34,largecut,5000,bimix,B05B3_7030_bimix.fcs,False,0.9838081671415,0.973085585585586
"0.02,0.34",002_034,0.02,0.34,largecut,5000,segment,B1B05_2575_segment.fcs,False,1.0,0.777510683760684
"0.02,0.34",002_034,0.02,0.34,largecut,5000,bimix,B1B05_4555_bimix.fcs,False,0.589437274735496,0.84462962962963
"0.02,0.34",002_034,0.02,0.34,largecut,5000,bimix,B1B05_7525_bimix.fcs,False,0.908827839923431,0.658519230769231
"0.02,0.34",002_034,0.02,0.34,largecut,5000,bimix,B1B3_2080_bimix.fcs,False,0.904935907179409,0.571396811508975
"0.02,0.34",002_034,0.02,0.34,largecut,5000,segment,B1B3_7030_segment.fcs,False,1.0,0.806038454139541
"0.02,0.34",002_034,0.02,0.34,largecut,5000,trimix,B3B05B1_652510_trimix.fcs,False,0.866514807060423,0.933028225806452
"0.02,0.34",002_034,0.02,0.34,largecut,5000,trimix,B3B05B1_801010_trimix.fcs,False,0.934023959544475,0.5457301438399
"0.02,0.34",002_034,0.02,0.34,largecut,5000,segment,B3B05_2080_segment.fcs,False,1.0,0.610699300699301
"0.02,0.34",002_034,0.02,0.34,largecut,5000,bimix,B3B05_3565_bimix.fcs,False,0.833032426609413,0.918321678321678
"0.02,0.34",002_034,0.02,0.34,largecut,5000,segment,B3B05_6040_segment.fcs,False,1.0,0.965505804311774
"0.02,0.34",002_034,0.02,0.34,largecut,5000,bimix,B3B05_6535_bimix.fcs,False,0.980644329896907,0.958586337760911
"0.02,0.34",002_034,0.02,0.34,largecut,5000,bimix,B3B05_7525_bimix.fcs,False,1.0,0.728724758727814
"0.02,0.34",002_034,0.02,0.34,largecut,5000,segment,B3B05_8020_segment.fcs,False,1.0,0.544106463878327
"0.02,0.34",002_034,0.02,0.34,largecut,5000,trimix,B3B1B05_204535_trimix.fcs,False,0.478597449908925,0.865261044176707
"0.02,0.34",002_034,0.02,0.34,largecut,5000,trimix,B3B1B05_253540_trimix.fcs,False,0.412303636207718,0.873822222222222
"0.02,0.34",002_034,0.02,0.34,largecut,5000,trimix,B3B1B05_503515_trimix.fcs,False,0.50745259558595,0.586865942028985
"0.02,0.34",002_034,0.02,0.34,largecut,5000,trimix,B3B1B05_651025_trimix.fcs,False,0.846566493204764,0.965177339901478
"0.02,0.34",002_034,0.02,0.34,largecut,5000,segment,B3B1_1090_segment.fcs,False,1.0,0.250177777777778
"0.02,0.34",002_034,0.02,0.34,largecut,5000,bimix,B3B1_1585_bimix.fcs,False,0.999946555819477,0.567315638118534
"0.02,0.34",002_034,0.02,0.34,largecut,5000,bimix,B3B1_2575_bimix.fcs,False,0.834222995556604,0.637730015082956
"0.02,0.34",002_034,0.02,0.34,largecut,5000,segment,B3B1_5545_segment.fcs,False,1.0,0.991414596035938
"0.02,0.34",002_034,0.02,0.34,largecut,5000,bimix,B3B1_6040_bimix.fcs,False,0.59684,0.268411389269373
"0.02,0.34",002_034,0.02,0.34,largecut,5000,segment,B3B1_8020_segment.fcs,False,1.0,0.519210893281929
"0.02,0.34",002_034,0.02,0.34,largecut,5000,bimix,C05C1_7030_bimix.fcs,False,0.79180612244898,0.943721395881007
"0.02,0.34",002_034,0.02,0.34,largecut,5000,bimix,C05C1_7525_bimix.fcs,False,0.89580398295504,0.740233918128655
"0.02,0.34",002_034,0.02,0.34,largecut,5000,bimix,C05C3_8515_bimix.fcs,False,1.0,0.55332
"0.02,0.34",002_034,0.02,0.34,largecut,5000,segment,C1C05_1585_segment.fcs,False,1.0,0.52405303030303
"0.02,0.34",002_034,0.02,0.34,largecut,5000,bimix,C1C05_2080_bimix.fcs,False,0.981057268722467,0.813432835820896
"0.02,0.34",002_034,0.02,0.34,largecut,5000,bimix,C1C05_3070_bimix.fcs,False,0.797906885758998,0.690411172661309
"0.02,0.34",002_034,0.02,0.34,largecut,5000,segment,C1C05_4060_segment.fcs,False,0.900272624355983,0.989417989417989
"0.02,0.34",002_034,0.02,0.34,largecut,5000,segment,C1C05_5545_segment.fcs,False,0.577747208354949,0.933333333333333
"0.02,0.34",002_034,0.02,0.34,largecut,5000,trimix,C1C3C05_107515_trimix.fcs,False,0.925514001806685,0.671456711703503
"0.02,0.34",002_034,0.02,0.34,largecut,5000,trimix,C1C3C05_205525_trimix.fcs,False,0.727423135464231,0.939489375997313
"0.02,0.34",002_034,0.02,0.34,largecut,5000,trimix,C1C3C05_302545_trimix.fcs,False,0.462213379221338,0.725246913580247
"0.02,0.34",002_034,0.02,0.34,largecut,5000,trimix,C1C3C05_452035_trimix.fcs,False,0.466797178700934,0.924444444444444
"0.02,0.34",002_034,0.02,0.34,largecut,5000,bimix,C1C3_1090_bimix.fcs,False,1.0,0.35688752542599
"0.02,0.34",002_034,0.02,0.34,largecut,5000,bimix,C1C3_3070_bimix.fcs,False,0.73963925268081,0.862549019607843
"0.02,0.34",002_034,0.02,0.34,largecut,5000,trimix,C3C05C1_101080_trimix.fcs,False,0.990374898094891,0.653291592128801
"0.02,0.34",002_034,0.02,0.34,largecut,5000,trimix,C3C05C1_651025_trimix.fcs,False,0.673127099664054,0.875353387757695
"0.02,0.34",002_034,0.02,0.34,largecut,5000,segment,C3C05_1090_segment.fcs,False,1.0,0.293924349881797
"0.02,0.34",002_034,0.02,0.34,largecut,5000,segment,C3C05_1585_segment.fcs,False,1.0,0.658809523809524
"0.02,0.34",002_034,0.02,0.34,largecut,5000,segment,C3C05_2575_segment.fcs,False,1.0,0.735700197238659
"0.02,0.34",002_034,0.02,0.34,largecut,5000,bimix,C3C05_6535_bimix.fcs,False,0.965200188412624,0.973343640707297
"0.02,0.34",002_034,0.02,0.34,largecut,5000,bimix,C3C05_9010_bimix.fcs,False,1.0,0.367929457870673
"0.02,0.34",002_034,0.02,0.34,largecut,5000,segment,C3C05_9010_segment.fcs,False,1.0,0.31950725605301
"0.02,0.34",002_034,0.02,0.34,largecut,5000,trimix,C3C1C05_104545_trimix.fcs,False,0.976134397870925,0.578308551998997
"0.02,0.34",002_034,0.02,0.34,largecut,5000,trimix,C3C1C05_403525_trimix.fcs,False,0.40727865644872,0.923076923076923
"0.02,0.34",002_034,0.02,0.34,largecut,5000,segment,C3C1_1585_segment.fcs,False,1.0,0.499695394014278
"0.02,0.34",002_034,0.02,0.34,largecut,5000,segment,C3C1_3070_segment.fcs,False,1.0,0.82688995215311
"0.02,0.34",002_034,0.02,0.34,largecut,5000,bimix,C3C1_4060_bimix.fcs,False,0.605519272932956,0.606701754385965
"0.02,0.34",002_034,0.02,0.34,largecut,5000,segment,C3C1_4555_segment.fcs,False,0.544735956660051,0.181818181818182
"0.02,0.34",002_034,0.02,0.34,largecut,5000,segment,C3C1_9010_segment.fcs,False,1.0,0.2523227349283
"0.02,0.34",002_034,0.02,0.34,smallcut,2000,trimix,A05A1A3_405010_trimix.fcs,False,0.507044340260452,0.620293255131965
"0.02,0.34",002_034,0.02,0.34,smallcut,2000,segment,A05A1_1090_segment.fcs,False,1.0,0.451320346320346
"0.02,0.34",002_034,0.02,0.34,smallcut,2000,segment,A05A1_1585_segment.fcs,False,1.0,0.512074764293985
"0.02,0.34",002_034,0.02,0.34,smallcut,2000,bimix,A05A1_3565_bimix.fcs,False,0.655687973997833,0.42
"0.02,0.34",002_034,0.02,0.34,smallcut,2000,bimix,A05A1_4555_bimix.fcs,False,0.540992362082656,0.362028301886792
"0.02,0.34",002_034,0.02,0.34,smallcut,2000,bimix,A05A1_5545_bimix.fcs,False,0.564312559876194,0.580892857142857
"0.02,0.34",002_034,0.02,0.34,smallcut,2000,bimix,A05A1_7030_bimix.fcs,False,0.735967233774417,0.604342517385996
"0.02,0.34",002_034,0.02,0.34,smallcut,2000,segment,A05A1_9010_segment.fcs,False,0.99858732120784,0.548433734939759
"0.02,0.34",002_034,0.02,0.34,smallcut,2000,bimix,A05A3_1585_bimix.fcs,False,0.868416005291005,0.341486780801147
"0.02,0.34",002_034,0.02,0.34,smallcut,2000,bimix,A05A3_2080_bimix.fcs,False,0.814460905349794,0.385999656724891
"0.02,0.34",002_034,0.02,0.34,smallcut,2000,segment,A05A3_3565_segment.fcs,False,1.0,0.721802656326189
"0.02,0.34",002_034,0.02,0.34,smallcut,2000,bimix,A05A3_7525_bimix.fcs,False,0.875023740187389,0.652010178117048
"0.02,0.34",002_034,0.02,0.34,smallcut,2000,bimix,A05A3_9010_bimix.fcs,False,0.998981835010992,0.385066666666667
"0.02,0.34",002_034,0.02,0.34,smallcut,2000,segment,A05A3_9010_segment.fcs,False,0.999535408508661,0.282445255474453
"0.02,0.34",002_034,0.02,0.34,smallcut,2000,trimix,A1A05A3_501535_trimix.fcs,False,0.505417310279536,0.613477366255144
"0.02,0.34",002_034,0.02,0.34,smallcut,2000,segment,A1A05_4555_segment.fcs,False,0.551223723145383,0.5
"0.02,0.34",002_034,0.02,0.34,smallcut,2000,trimix,A1A3A05_106525_trimix.fcs,False,0.659340939934914,0.486904761904762
"0.02,0.34",002_034,0.02,0.34,smallcut,2000,trimix,A1A3A05_252055_trimix.fcs,False,0.603463995354239,0.952222070285792
"0.02,0.34",002_034,0.02,0.34,smallcut,2000,segment,A1A3_3070_segment.fcs,False,1.0,0.848106090278573
"0.02,0.34",002_034,0.02,0.34,smallcut,2000,segment,A1A3_5545_segment.fcs,False,0.995988056460369,0.973248748423587
"0.02,0.34",002_034,0.02,0.34,smallcut,2000,bimix,A1A3_6040_bimix.fcs,False,0.627299757171318,0.6028125
"0.02,0.34",002_034,0.02,0.34,smallcut,2000,bimix,A1A3_7525_bimix.fcs,False,0.795969696248738,0.48968085106383
"0.02,0.34",002_034,0.02,0.34,smallcut,2000,trimix,A3A05A1_454510_trimix.fcs,False,0.896515721743353,0.0702068965517241
"0.02,0.34",002_034,0.02,0.34,smallcut,2000,segment,A3A05_1585_segment.fcs,False,1.0,0.696603174603175
"0.02,0.34",002_034,0.02,0.34,smallcut,2000,trimix,A3A1A05_106525_trimix.fcs,False,0.670418583362561,0.503289738430584
"0.02,0.34",002_034,0.02,0.34,smallcut,2000,trimix,A3A1A05_305020_trimix.fcs,False,0.514646658152405,0.629829540185113
"0.02,0.34",002_034,0.02,0.34,smallcut,2000,trimix,A3A1A05_502525_trimix.fcs,False,0.496098345588235,0.472526050093845
"0.02,0.34",002_034,0.02,0.34,smallcut,2000,segment,A3A1_1090_segment.fcs,False,1.0,0.242872925423222
"0.02,0.34",002_034,0.02,0.34,smallcut,2000,segment,B05B1_4060_segment.fcs,False,0.988661601402688,0.954166666666667
"0.02,0.34",002_034,0.02,0.34,smallcut,2000,bimix,B05B1_6040_bimix.fcs,False,0.603667390629848,0.443777777777778
"0.02,0.34",002_034,0.02,0.34,smallcut,2000,bimix,B05B1_6535_bimix.fcs,False,0.696202079272255,0.672598186628078
"0.02,0.34",002_034,0.02,0.34,smallcut,2000,bimix,B05B1_7525_bimix.fcs,False,0.814955513345996,0.626244444444444
"0.02,0.34",002_034,0.02,0.34,smallcut,2000,segment,B05B1_8515_segment.fcs,False,1.0,0.612525203523187
"0.02,0.34",002_034,0.02,0.34,smallcut,2000,segment,B05B3_1090_segment.fcs,False,1.0,0.336186116354639
"0.02,0.34",002_034,0.02,0.34,smallcut,2000,segment,B05B3_2080_segment.fcs,False,1.0,0.650454545454546
"0.02,0.34",002_034,0.02,0.34,smallcut,2000,segment,B05B3_4060_segment.fcs,False,1.0,0.934510433386838
"0.02,0.34",002_034,0.02,0.34,smallcut,2000,bimix,B05B3_6040_bimix.fcs,False,0.627062696822216,0.695801574409596
"0.02,0.34",002_034,0.02,0.34,smallcut,2000,bimix,B05B3_7525_bimix.fcs,False,0.795008130081301,0.5811004784689
"0.02,0.34",002_034,0.02,0.34,smallcut,2000,bimix,B05B3_9010_bimix.fcs,False,1.0,0.476179775280899
"0.02,0.34",002_034,0.02,0.34,smallcut,2000,trimix,B1B05B3_103060_trimix.fcs,False,0.617844827586207,0.554819944598338
"0.02,0.34",002_034,0.02,0.34,smallcut,2000,trimix,B1B05B3_205030_trimix.fcs,False,0.519935920256319,0.802702702702703
"0.02,0.34",002_034,0.02,0.34,smallcut,2000,trimix,B1B05B3_355510_trimix.fcs,False,0.578349389156242,0.693838383838384
"0.02,0.34",002_034,0.02,0.34,smallcut,2000,segment,B1B05_7525_segment.fcs,False,1.0,0.809299954689624
"0.02,0.34",002_034,0.02,0.34,smallcut,2000,trimix,B1B3B05_101080_trimix.fcs,False,0.903491975674169,0.638461538461538
"0.02,0.34",002_034,0.02,0.34,smallcut,2000,trimix,B1B3B05_302545_trimix.fcs,False,0.482360347397091,0.915434782608696
"0.02,0.34",002_034,0.02,0.34,smallcut,2000,trimix,B1B3B05_504010_trimix.fcs,False,0.511181818181818,0.682933421424067
"0.02,0.34",002_034,0.02,0.34,smallcut,2000,trimix,B1B3B05_651025_trimix.fcs,False,0.67018496340652,0.493820117893136
"0.02,0.34",002_034,0.02,0.34,smallcut,2000,bimix,B1B3_1585_bimix.fcs,False,0.858594696969697,0.230603797551521
"0.02,0.34",002_034,0.02,0.34,smallcut,2000,bimix,B1B3_5545_bimix.fcs,False,0.551156676956803,0.463196930946292
"0.02,0.34",002_034,0.02,0.34,smallcut,2000,segment,B1B3_6040_segment.fcs,False,0.592924592391304,0.262915432708128
"0.02,0.34",002_034,0.02,0.34,smallcut,2000,bimix,B1B3_8020_bimix.fcs,False,0.82121973643886,0.380618233989827
"0.02,0.34",002_034,0.02,0.34,smallcut,2000,segment,B1B3_8515_segment.fcs,False,1.0,0.357590368455309
"0.02,0.34",002_034,0.02,0.34,smallcut,2000,segment,B3B05_9010_segment.fcs,False,1.0,0.381826131312395
"0.02,0.34",002_034,0.02,0.34,smallcut,2000,segment,B3B1_4060_segment.fcs,False,1.0,0.926784948797333
"0.02,0.34",002_034,0.02,0.34,smallcut,2000,segment,B3B1_8020_segment.fcs,False,1.0,0.543158707684387
"0.02,0.34",002_034,0.02,0.34,smallcut,2000,segment,C05C1_1090_segment.fcs,False,1.0,0.430243473159284
"0.02,0.34",002_034,0.02,0.34,smallcut,2000,segment,C05C1_1585_segment.fcs,False,1.0,0.523211756113581
"0.02,0.34",002_034,0.02,0.34,smallcut,2000,bimix,C05C1_8515_bimix.fcs,False,0.893879920389208,0.355974025974026
"0.02,0.34",002_034,0.02,0.34,smallcut,2000,segment,C05C3_1585_segment.fcs,False,1.0,0.405656797712307
"0.02,0.34",002_034,0.02,0.34,smallcut,2000,segment,C05C3_3565_segment.fcs,False,1.0,0.937802534310481
"0.02,0.34",002_034,0.02,0.34,smallcut,2000,bimix,C05C3_7030_bimix.fcs,False,0.718931833798786,0.625161290322581
"0.02,0.34",002_034,0.02,0.34,smallcut,2000,bimix,C05C3_8515_bimix.fcs,False,0.987614678899083,0.552523264137437
"0.02,0.34",002_034,0.02,0.34,smallcut,2000,segment,C05C3_9010_segment.fcs,False,0.998323474519976,0.271534216335541
"0.02,0.34",002_034,0.02,0.34,smallcut,2000,segment,C1C05_3070_segment.fcs,False,0.973862960066498,0.778350515463918
"0.02,0.34",002_034,0.02,0.34,smallcut,2000,bimix,C1C05_4060_bimix.fcs,False,0.631641929499072,0.605808877031288
"0.02,0.34",002_034,0.02,0.34,smallcut,2000,bimix,C1C05_6040_bimix.fcs,False,0.607667597029859,0.45208
"0.02,0.34",002_034,0.02,0.34,smallcut,2000,segment,C1C05_9010_segment.fcs,False,1.0,0.34797153024911
"0.02,0.34",002_034,0.02,0.34,smallcut,2000,trimix,C1C3C05_106030_trimix.fcs,False,0.620037371844018,0.629464882943144
"0.02,0.34",002_034,0.02,0.34,smallcut,2000,trimix,C1C3C05_352045_trimix.fcs,False,0.468154075030648,0.763255813953488
"0.02,0.34",002_034,0.02,0.34,smallcut,2000,trimix,C1C3C05_353530_trimix.fcs,False,0.698254704479194,0.255467610914393
"0.02,0.34",002_034,0.02,0.34,smallcut,2000,trimix,C1C3C05_801010_trimix.fcs,False,0.827330690759468,0.381568825910931
"0.02,0.34",002_034,0.02,0.34,smallcut,2000,bimix,C1C3_1090_bimix.fcs,False,0.918337471549762,0.272378740318176
"0.02,0.34",002_034,0.02,0.34,smallcut,2000,segment,C1C3_2575_segment.fcs,False,1.0,0.738644581968208
"0.02,0.34",002_034,0.02,0.34,smallcut,2000,segment,C1C3_4555_segment.fcs,False,0.97549286703457,0.984615384615385
"0.02,0.34",002_034,0.02,0.34,smallcut,2000,segment,C1C3_7525_segment.fcs,False,1.0,0.642736917270223
"0.02,0.34",002_034,0.02,0.34,smallcut,2000,bimix,C3C05_4060_bimix.fcs,False,0.619341894060995,0.802363170215138
"0.02,0.34",002_034,0.02,0.34,smallcut,2000,segment,C3C05_4555_segment.fcs,False,0.547278107735522,0.4
"0.02,0.34",002_034,0.02,0.34,smallcut,2000,trimix,C3C1C05_101080_trimix.fcs,False,0.931363352095059,0.676037735849057
"0.02,0.34",002_034,0.02,0.34,smallcut,2000,trimix,C3C1C05_107020_trimix.fcs,False,0.71860993957217,0.5002
"0.02,0.34",002_034,0.02,0.34,smallcut,2000,trimix,C3C1C05_204040_trimix.fcs,False,0.802082355701549,0.2221875
"0.02,0.34",002_034,0.02,0.34,smallcut,2000,trimix,C3C1C05_301555_trimix.fcs,False,0.575502559494361,0.773782051282051
"0.02,0.34",002_034,0.02,0.34,smallcut,2000,bimix,C3C1_3565_bimix.fcs,False,0.648717840770354,0.33091796875
"0.02,0.34",002_034,0.02,0.34,smallcut,2000,bimix,C3C1_8020_bimix.fcs,False,0.820238950414048,0.346046938650107
"0.05,0.09",005_009,0.05,0.09,largecut,5000,trimix,A05A1A3_157510_trimix.fcs,False,0.998132046080597,0.706185275080906
"0.05,0.09",005_009,0.05,0.09,largecut,5000,trimix,A05A1A3_306010_trimix.fcs,False,0.792755344418052,0.903516028955533
"0.05,0.09",005_009,0.05,0.09,largecut,5000,trimix,A05A1A3_601030_trimix.fcs,False,0.834340547162107,0.949712643678161
"0.05,0.09",005_009,0.05,0.09,largecut,5000,bimix,A05A1_2080_bimix.fcs,False,0.996021355385814,0.658897917724733
"0.05,0.09",005_009,0.05,0.09,largecut,5000,bimix,A05A1_2575_bimix.fcs,False,0.988238569917024,0.855630014157622
"0.05,0.09",005_009,0.05,0.09,largecut,5000,bimix,A05A1_3070_bimix.fcs,False,0.823842135666206,0.811377551020408
"0.05,0.09",005_009,0.05,0.09,largecut,5000,bimix,A05A1_4060_bimix.fcs,False,0.602659857431642,0.423148148148148
"0.05,0.09",005_009,0.05,0.09,largecut,5000,segment,A05A1_4555_segment.fcs,False,0.567917047880451,0.785714285714286
"0.05,0.09",005_009,0.05,0.09,largecut,5000,trimix,A05A3A1_454510_trimix.fcs,False,0.953111178714343,0.690963541666667
"0.05,0.09",005_009,0.05,0.09,largecut,5000,bimix,A05A3_1090_bimix.fcs,False,1.0,0.338305084745763
"0.05,0.09",005_009,0.05,0.09,largecut,5000,bimix,A05A3_2575_bimix.fcs,False,0.998949743270577,0.704674623472577
"0.05,0.09",005_009,0.05,0.09,largecut,5000,segment,A05A3_4060_segment.fcs,False,1.0,0.839821693907875
"0.05,0.09",005_009,0.05,0.09,largecut,5000,bimix,A05A3_6040_bimix.fcs,False,0.623255624513153,0.823425925925926
"0.05,0.09",005_009,0.05,0.09,largecut,5000,bimix,A05A3_8020_bimix.fcs,False,1.0,0.676912144702842
"0.05,0.09",005_009,0.05,0.09,largecut,5000,segment,A05A3_8515_segment.fcs,False,0.998396202482661,0.725216666666667
"0.05,0.09",005_009,0.05,0.09,largecut,5000,segment,A1A05_4060_segment.fcs,False,0.589244464476872,0.225
"0.05,0.09",005_009,0.05,0.09,largecut,5000,segment,A1A05_5545_segment.fcs,False,0.999435415090033,0.969638888888889
"0.05,0.09",005_009,0.05,0.09,largecut,5000,trimix,A1A3A05_551035_trimix.fcs,False,0.60376027830487,0.88572746847124
"0.05,0.09",005_009,0.05,0.09,largecut,5000,trimix,A1A3A05_651025_trimix.fcs,False,0.766045096559827,0.713275510204082
"0.05,0.09",005_009,0.05,0.09,largecut,5000,trimix,A1A3A05_651520_trimix.fcs,False,0.827042424242424,0.916933961577469
"0.05,0.09",005_009,0.05,0.09,largecut,5000,bimix,A1A3_1090_bimix.fcs,False,1.0,0.321345661450925
"0.05,0.09",005_009,0.05,0.09,largecut,5000,bimix,A1A3_1585_bimix.fcs,False,0.99210184976314,0.4557206988595
"0.05,0.09",005_009,0.05,0.09,largecut,5000,segment,A1A3_7525_segment.fcs,False,1.0,0.630759937870333
"0.05,0.09",005_009,0.05,0.09,largecut,5000,segment,A1A3_8020_segment.fcs,False,1.0,0.531461808781355
"0.05,0.09",005_009,0.05,0.09,largecut,5000,bimix,A1A3_9010_bimix.fcs,False,1.0,0.592263257575758
"0.05,0.09",005_009,0.05,0.09,largecut,5000,segment,A3A05_1090_segment.fcs,False,1.0,0.356070336391437
"0.05,0.09",005_009,0.05,0.09,largecut,5000,segment,A3A05_7030_segment.fcs,False,1.0,0.63700716083304
"0.05,0.09",005_009,0.05,0.09,largecut,5000,trimix,A3A1A05_103555_trimix.fcs,False,0.6429243517776,0.89574358974359
"0.05,0.09",005_009,0.05,0.09,largecut,5000,segment,A3A1_1090_segment.fcs,False,1.0,0.729055944055944
"0.05,0.09",005_009,0.05,0.09,largecut,5000,segment,A3A1_2575_segment.fcs,False,1.0,0.844179037336932
"0.05,0.09",005_009,0.05,0.09,largecut,5000,bimix,B05B1_3070_bimix.fcs,False,0.766843325604505,0.725738396624473
"0.05,0.09",005_009,0.05,0.09,largecut,5000,segment,B05B1_3565_segment.fcs,False,1.0,0.773771544440689
"0.05,0.09",005_009,0.05,0.09,largecut,5000,segment,B05B1_6535_segment.fcs,False,0.649715500492039,0.333333333333333
"0.05,0.09",005_009,0.05,0.09,largecut,5000,bimix,B05B1_7030_bimix.fcs,False,0.739084249084249,0.704166666666667
"0.05,0.09",005_009,0.05,0.09,largecut,5000,trimix,B05B3B1_151570_trimix.fcs,False,0.966815881666018,0.785790219702339
"0.05,0.09",005_009,0.05,0.09,largecut,5000,trimix,B05B3B1_751510_trimix.fcs,False,0.973791111111111,0.877409387109234
"0.05,0.09",005_009,0.05,0.09,largecut,5000,segment,B05B3_5545_segment.fcs,False,0.97904329004329,0.984888471522864
"0.05,0.09",005_009,0.05,0.09,largecut,5000,bimix,B05B3_7030_bimix.fcs,False,0.96906779661017,0.956896551724138
"0.05,0.09",005_009,0.05,0.09,largecut,5000,segment,B1B05_2575_segment.fcs,False,0.992711196080774,0.870229007633588
"0.05,0.09",005_009,0.05,0.09,largecut,5000,bimix,B1B05_4555_bimix.fcs,False,0.588882477699457,0.924666666666667
"0.05,0.09",005_009,0.05,0.09,largecut,5000,bimix,B1B05_7525_bimix.fcs,False,0.91159834636287,0.712448024948025
"0.05,0.09",005_009,0.05,0.09,largecut,5000,bimix,B1B3_2080_bimix.fcs,False,0.885323845687724,0.622147051914494
"0.05,0.09",005_009,0.05,0.09,largecut,5000,segment,B1B3_7030_segment.fcs,False,1.0,0.83360965581272
"0.05,0.09",005_009,0.05,0.09,largecut,5000,trimix,B3B05B1_652510_trimix.fcs,False,0.745301619850354,0.928225308641975
"0.05,0.09",005_009,0.05,0.09,largecut,5000,trimix,B3B05B1_801010_trimix.fcs,False,0.925986383932994,0.577155067155067
"0.05,0.09",005_009,0.05,0.09,largecut,5000,segment,B3B05_2080_segment.fcs,False,1.0,0.831714285714286
"0.05,0.09",005_009,0.05,0.09,largecut,5000,bimix,B3B05_3565_bimix.fcs,False,0.892003357200512,0.933934108527132
"0.05,0.09",005_009,0.05,0.09,largecut,5000,segment,B3B05_6040_segment.fcs,False,1.0,0.930775379696243
"0.05,0.09",005_009,0.05,0.09,largecut,5000,bimix,B3B05_6535_bimix.fcs,False,0.869548532731377,0.974261874197689
"0.05,0.09",005_009,0.05,0.09,largecut,5000,bimix,B3B05_7525_bimix.fcs,False,0.998878289473684,0.741662551012451
"0.05,0.09",005_009,0.05,0.09,largecut,5000,segment,B3B05_8020_segment.fcs,False,1.0,0.620824295010846
"0.05,0.09",005_009,0.05,0.09,largecut,5000,trimix,B3B1B05_204535_trimix.fcs,False,0.477818050018122,0.876595744680851
"0.05,0.09",005_009,0.05,0.09,largecut,5000,trimix,B3B1B05_253540_trimix.fcs,False,0.410732890971365,0.935864197530864
"0.05,0.09",005_009,0.05,0.09,largecut,5000,trimix,B3B1B05_503515_trimix.fcs,False,0.501823314006713,0.527662037037037
"0.05,0.09",005_009,0.05,0.09,largecut,5000,trimix,B3B1B05_651025_trimix.fcs,False,0.748289852337595,0.952380952380952
"0.05,0.09",005_009,0.05,0.09,largecut,5000,segment,B3B1_1090_segment.fcs,False,1.0,0.457642276422764
"0.05,0.09",005_009,0.05,0.09,largecut,5000,bimix,B3B1_1585_bimix.fcs,False,0.999947552447552,0.598994869647157
"0.05,0.09",005_009,0.05,0.09,largecut,5000,bimix,B3B1_2575_bimix.fcs,False,0.910250174466555,0.768182336182336
"0.05,0.09",005_009,0.05,0.09,largecut,5000,segment,B3B1_5545_segment.fcs,False,1.0,0.995132886684055
"0.05,0.09",005_009,0.05,0.09,largecut,5000,bimix,B3B1_6040_bimix.fcs,False,0.596991304347826,0.201164443221932
"0.05,0.09",005_009,0.05,0.09,largecut,5000,segment,B3B1_8020_segment.fcs,False,1.0,0.586436281095103
"0.05,0.09",005_009,0.05,0.09,largecut,5000,bimix,C05C1_7030_bimix.fcs,False,0.938526570048309,0.976905153508772
"0.05,0.09",005_009,0.05,0.09,largecut,5000,bimix,C05C1_7525_bimix.fcs,False,0.976059931347992,0.838574879227053
"0.05,0.09",005_009,0.05,0.09,largecut,5000,bimix,C05C3_8515_bimix.fcs,False,1.0,0.69165
"0.05,0.09",005_009,0.05,0.09,largecut,5000,segment,C1C05_1585_segment.fcs,False,1.0,0.898376623376623
"0.05,0.09",005_009,0.05,0.09,largecut,5000,bimix,C1C05_2080_bimix.fcs,False,0.982758620689655,0.883870967741936
"0.05,0.09",005_009,0.05,0.09,largecut,5000,bimix,C1C05_3070_bimix.fcs,False,0.741069437315256,0.611720430107527
"0.05,0.09",005_009,0.05,0.09,largecut,5000,segment,C1C05_4060_segment.fcs,False,0.997036854911869,1.0
"0.05,0.09",005_009,0.05,0.09,largecut,5000,segment,C1C05_5545_segment.fcs,False,0.996406540319584,0.976339864699078
"0.05,0.09",005_009,0.05,0.09,largecut,5000,trimix,C1C3C05_107515_trimix.fcs,False,0.919393029393029,0.646807630645381
"0.05,0.09",005_009,0.05,0.09,largecut,5000,trimix,C1C3C05_205525_trimix.fcs,False,0.709624948803464,0.965962174940898
"0.05,0.09",005_009,0.05,0.09,largecut,5000,trimix,C1C3C05_302545_trimix.fcs,False,0.45718940508724,0.708333333333333
"0.05,0.09",005_009,0.05,0.09,largecut,5000,trimix,C1C3C05_452035_trimix.fcs,False,0.462169913652047,0.962760416666667
"0.05,0.09",005_009,0.05,0.09,largecut,5000,bimix,C1C3_1090_bimix.fcs,False,1.0,0.349761437908497
"0.05,0.09",005_009,0.05,0.09,largecut,5000,bimix,C1C3_3070_bimix.fcs,False,0.721417868577198,0.912617647058824
"0.05,0.09",005_009,0.05,0.09,largecut,5000,trimix,C3C05C1_101080_trimix.fcs,False,0.978497032349794,0.646825764596849
"0.05,0.09",005_009,0.05,0.09,largecut,5000,trimix,C3C05C1_651025_trimix.fcs,False,0.66132141505563,0.945933014354067
"0.05,0.09",005_009,0.05,0.09,largecut,5000,segment,C3C05_1090_segment.fcs,False,1.0,0.450471014492754
"0.05,0.09",005_009,0.05,0.09,largecut,5000,segment,C3C05_1585_segment.fcs,False,1.0,0.571694214876033
"0.05,0.09",005_009,0.05,0.09,largecut,5000,segment,C3C05_2575_segment.fcs,False,1.0,0.672072072072072
"0.05,0.09",005_009,0.05,0.09,largecut,5000,bimix,C3C05_6535_bimix.fcs,False,0.779486986043003,0.979254670906142
"0.05,0.09",005_009,0.05,0.09,largecut,5000,bimix,C3C05_9010_bimix.fcs,False,1.0,0.356044577511643
"0.05,0.09",005_009,0.05,0.09,largecut,5000,segment,C3C05_9010_segment.fcs,False,1.0,0.240849373735839
"0.05,0.09",005_009,0.05,0.09,largecut,5000,trimix,C3C1C05_104545_trimix.fcs,False,0.947019476396498,0.558539094650206
"0.05,0.09",005_009,0.05,0.09,largecut,5000,trimix,C3C1C05_403525_trimix.fcs,False,0.407424578887505,0.990795454545455
"0.05,0.09",005_009,0.05,0.09,largecut,5000,segment,C3C1_1585_segment.fcs,False,1.0,0.819724396148865
"0.05,0.09",005_009,0.05,0.09,largecut,5000,segment,C3C1_3070_segment.fcs,False,1.0,0.895128124557581
"0.05,0.09",005_009,0.05,0.09,largecut,5000,bimix,C3C1_4060_bimix.fcs,False,0.605470762985106,0.710052631578947
"0.05,0.09",005_009,0.05,0.09,largecut,5000,segment,C3C1_4555_segment.fcs,False,0.908504073137435,0.978354978354978
"0.05,0.09",005_009,0.05,0.09,largecut,5000,segment,C3C1_9010_segment.fcs,False,1.0,0.2523227349283
"0.05,0.09",005_009,0.05,0.09,smallcut,2000,trimix,A05A1A3_405010_trimix.fcs,False,0.508651658534057,0.722554112554113
"0.05,0.09",005_009,0.05,0.09,smallcut,2000,segment,A05A1_1090_segment.fcs,False,1.0,0.653636363636364
"0.05,0.09",005_009,0.05,0.09,smallcut,2000,segment,A05A1_1585_segment.fcs,False,1.0,0.598807221147647
"0.05,0.09",005_009,0.05,0.09,smallcut,2000,bimix,A05A1_3565_bimix.fcs,False,0.653220219158713,0.405212121212121
"0.05,0.09",005_009,0.05,0.09,smallcut,2000,bimix,A05A1_4555_bimix.fcs,False,0.543808000887344,0.370792682926829
"0.05,0.09",005_009,0.05,0.09,smallcut,2000,bimix,A05A1_5545_bimix.fcs,False,0.560890473621244,0.6328125
"0.05,0.09",005_009,0.05,0.09,smallcut,2000,bimix,A05A1_7030_bimix.fcs,False,0.738040293040293,0.755405110286089
"0.05,0.09",005_009,0.05,0.09,smallcut,2000,segment,A05A1_9010_segment.fcs,False,0.99863434619324,0.650285714285714
"0.05,0.09",005_009,0.05,0.09,smallcut,2000,bimix,A05A3_1585_bimix.fcs,False,0.873816270566728,0.440179453670353
"0.05,0.09",005_009,0.05,0.09,smallcut,2000,bimix,A05A3_2080_bimix.fcs,False,0.812903379669516,0.514420289855072
"0.05,0.09",005_009,0.05,0.09,smallcut,2000,segment,A05A3_3565_segment.fcs,False,1.0,0.767230421798258
"0.05,0.09",005_009,0.05,0.09,smallcut,2000,bimix,A05A3_7525_bimix.fcs,False,0.863827725111306,0.697410714285714
"0.05,0.09",005_009,0.05,0.09,smallcut,2000,bimix,A05A3_9010_bimix.fcs,False,0.998222073129822,0.425222222222222
"0.05,0.09",005_009,0.05,0.09,smallcut,2000,segment,A05A3_9010_segment.fcs,False,0.999568087863269,0.327923728813559
"0.05,0.09",005_009,0.05,0.09,smallcut,2000,trimix,A1A05A3_501535_trimix.fcs,False,0.501403422743098,0.546604938271605
"0.05,0.09",005_009,0.05,0.09,smallcut,2000,segment,A1A05_4555_segment.fcs,False,0.553796338559014,0.625
"0.05,0.09",005_009,0.05,0.09,smallcut,2000,trimix,A1A3A05_106525_trimix.fcs,False,0.658933581848992,0.529334975369458
"0.05,0.09",005_009,0.05,0.09,smallcut,2000,trimix,A1A3A05_252055_trimix.fcs,False,0.597022689063555,0.944333333333333
"0.05,0.09",005_009,0.05,0.09,smallcut,2000,segment,A1A3_3070_segment.fcs,False,1.0,0.816613287845294
"0.05,0.09",005_009,0.05,0.09,smallcut,2000,segment,A1A3_5545_segment.fcs,False,0.596825551232166,0.890250594475947
"0.05,0.09",005_009,0.05,0.09,smallcut,2000,bimix,A1A3_6040_bimix.fcs,False,0.617642412817009,0.619815340909091
"0.05,0.09",005_009,0.05,0.09,smallcut,2000,bimix,A1A3_7525_bimix.fcs,False,0.784688964683285,0.542069892473118
"0.05,0.09",005_009,0.05,0.09,smallcut,2000,trimix,A3A05A1_454510_trimix.fcs,False,0.901370504861192,0.1174
"0.05,0.09",005_009,0.05,0.09,smallcut,2000,segment,A3A05_1585_segment.fcs,False,1.0,0.671039755351682
"0.05,0.09",005_009,0.05,0.09,smallcut,2000,trimix,A3A1A05_106525_trimix.fcs,False,0.659049925666201,0.437957393483709
"0.05,0.09",005_009,0.05,0.09,smallcut,2000,trimix,A3A1A05_305020_trimix.fcs,False,0.504645454545455,0.584212725942953
"0.05,0.09",005_009,0.05,0.09,smallcut,2000,trimix,A3A1A05_502525_trimix.fcs,False,0.488844588815647,0.348088235294118
"0.05,0.09",005_009,0.05,0.09,smallcut,2000,segment,A3A1_1090_segment.fcs,False,1.0,0.406090277777778
"0.05,0.09",005_009,0.05,0.09,smallcut,2000,segment,B05B1_4060_segment.fcs,False,1.0,0.962314049586777
"0.05,0.09",005_009,0.05,0.09,smallcut,2000,bimix,B05B1_6040_bimix.fcs,False,0.610698809887092,0.562314814814815
"0.05,0.09",005_009,0.05,0.09,smallcut,2000,bimix,B05B1_6535_bimix.fcs,False,0.675030468133916,0.608878205128205
"0.05,0.09",005_009,0.05,0.09,smallcut,2000,bimix,B05B1_7525_bimix.fcs,False,0.810892990900259,0.714943502824859
"0.05,0.09",005_009,0.05,0.09,smallcut,2000,segment,B05B1_8515_segment.fcs,False,1.0,0.740501805252644
"0.05,0.09",005_009,0.05,0.09,smallcut,2000,segment,B05B3_1090_segment.fcs,False,1.0,0.253502935061899
"0.05,0.09",005_009,0.05,0.09,smallcut,2000,segment,B05B3_2080_segment.fcs,False,1.0,0.646779661016949
"0.05,0.09",005_009,0.05,0.09,smallcut,2000,segment,B05B3_4060_segment.fcs,False,1.0,0.934510433386838
"0.05,0.09",005_009,0.05,0.09,smallcut,2000,bimix,B05B3_6040_bimix.fcs,False,0.618324650397587,0.803274741150975
"0.05,0.09",005_009,0.05,0.09,smallcut,2000,bimix,B05B3_7525_bimix.fcs,False,0.771889787818654,0.579655172413793
"0.05,0.09",005_009,0.05,0.09,smallcut,2000,bimix,B05B3_9010_bimix.fcs,False,1.0,0.465714285714286
"0.05,0.09",005_009,0.05,0.09,smallcut,2000,trimix,B1B05B3_103060_trimix.fcs,False,0.613565164801935,0.641182795698925
"0.05,0.09",005_009,0.05,0.09,smallcut,2000,trimix,B1B05B3_205030_trimix.fcs,False,0.514430367118915,0.817912087912088
"0.05,0.09",005_009,0.05,0.09,smallcut,2000,trimix,B1B05B3_355510_trimix.fcs,False,0.572393147514504,0.705686274509804
"0.05,0.09",005_009,0.05,0.09,smallcut,2000,segment,B1B05_7525_segment.fcs,False,1.0,0.828059805285118
"0.05,0.09",005_009,0.05,0.09,smallcut,2000,trimix,B1B3B05_101080_trimix.fcs,False,0.893196232378573,0.668966244725738
"0.05,0.09",005_009,0.05,0.09,smallcut,2000,trimix,B1B3B05_302545_trimix.fcs,False,0.475892393724781,0.95483660130719
"0.05,0.09",005_009,0.05,0.09,smallcut,2000,trimix,B1B3B05_504010_trimix.fcs,False,0.505096188747731,0.585126474503855
"0.05,0.09",005_009,0.05,0.09,smallcut,2000,trimix,B1B3B05_651025_trimix.fcs,False,0.665841025641026,0.510589462702139
"0.05,0.09",005_009,0.05,0.09,smallcut,2000,bimix,B1B3_1585_bimix.fcs,False,0.859291095162694,0.285407894736842
"0.05,0.09",005_009,0.05,0.09,smallcut,2000,bimix,B1B3_5545_bimix.fcs,False,0.552395943218347,0.495821501014199
"0.05,0.09",005_009,0.05,0.09,smallcut,2000,segment,B1B3_6040_segment.fcs,False,1.0,0.926965829559489
"0.05,0.09",005_009,0.05,0.09,smallcut,2000,bimix,B1B3_8020_bimix.fcs,False,0.821343529764582,0.428218694885362
"0.05,0.09",005_009,0.05,0.09,smallcut,2000,segment,B1B3_8515_segment.fcs,False,1.0,0.595965166380831
"0.05,0.09",005_009,0.05,0.09,smallcut,2000,segment,B3B05_9010_segment.fcs,False,1.0,0.3329922786057
"0.05,0.09",005_009,0.05,0.09,smallcut,2000,segment,B3B1_4060_segment.fcs,False,1.0,0.926784948797333
"0.05,0.09",005_009,0.05,0.09,smallcut,2000,segment,B3B1_8020_segment.fcs,False,1.0,0.577804148885187
"0.05,0.09",005_009,0.05,0.09,smallcut,2000,segment,C05C1_1090_segment.fcs,False,1.0,0.574950999607997
"0.05,0.09",005_009,0.05,0.09,smallcut,2000,segment,C05C1_1585_segment.fcs,False,1.0,0.545679479380205
"0.05,0.09",005_009,0.05,0.09,smallcut,2000,bimix,C05C1_8515_bimix.fcs,False,0.898907399394202,0.411884057971015
"0.05,0.09",005_009,0.05,0.09,smallcut,2000,segment,C05C3_1585_segment.fcs,False,1.0,0.389339146959599
"0.05,0.09",005_009,0.05,0.09,smallcut,2000,segment,C05C3_3565_segment.fcs,False,1.0,0.867252949852507
"0.05,0.09",005_009,0.05,0.09,smallcut,2000,bimix,C05C3_7030_bimix.fcs,False,0.718467216646787,0.681794871794872
"0.05,0.09",005_009,0.05,0.09,smallcut,2000,bimix,C05C3_8515_bimix.fcs,False,0.983588588588589,0.570489788199697
"0.05,0.09",005_009,0.05,0.09,smallcut,2000,segment,C05C3_9010_segment.fcs,False,0.998621694016072,0.436187943262411
"0.05,0.09",005_009,0.05,0.09,smallcut,2000,segment,C1C05_3070_segment.fcs,False,0.715674445624637,0.458333333333333
"0.05,0.09",005_009,0.05,0.09,smallcut,2000,bimix,C1C05_4060_bimix.fcs,False,0.63797057020233,0.6642814294284
"0.05,0.09",005_009,0.05,0.09,smallcut,2000,bimix,C1C05_6040_bimix.fcs,False,0.59764927075717,0.368857142857143
"0.05,0.09",005_009,0.05,0.09,smallcut,2000,segment,C1C05_9010_segment.fcs,False,1.0,0.686978922716628
"0.05,0.09",005_009,0.05,0.09,smallcut,2000,trimix,C1C3C05_106030_trimix.fcs,False,0.629886962987394,0.777930402930403
"0.05,0.09",005_009,0.05,0.09,smallcut,2000,trimix,C1C3C05_352045_trimix.fcs,False,0.464095523203922,0.776805555555556
"0.05,0.09",005_009,0.05,0.09,smallcut,2000,trimix,C1C3C05_353530_trimix.fcs,False,0.698571428571429,0.257335609201008
"0.05,0.09",005_009,0.05,0.09,smallcut,2000,trimix,C1C3C05_801010_trimix.fcs,False,0.820008522446028,0.438239316239316
"0.05,0.09",005_009,0.05,0.09,smallcut,2000,bimix,C1C3_1090_bimix.fcs,False,0.916364777978702,0.320004318546809
"0.05,0.09",005_009,0.05,0.09,smallcut,2000,segment,C1C3_2575_segment.fcs,False,1.0,0.724232004759072
"0.05,0.09",005_009,0.05,0.09,smallcut,2000,segment,C1C3_4555_segment.fcs,False,0.573221508233031,0.896551724137931
"0.05,0.09",005_009,0.05,0.09,smallcut,2000,segment,C1C3_7525_segment.fcs,False,1.0,0.75374585040524
"0.05,0.09",005_009,0.05,0.09,smallcut,2000,bimix,C3C05_4060_bimix.fcs,False,0.621464320006866,0.822857142857143
"0.05,0.09",005_009,0.05,0.09,smallcut,2000,segment,C3C05_4555_segment.fcs,False,0.98027989821883,0.949044585987261
"0.05,0.09",005_009,0.05,0.09,smallcut,2000,trimix,C3C1C05_101080_trimix.fcs,False,0.928873530018568,0.690392156862745
"0.05,0.09",005_009,0.05,0.09,smallcut,2000,trimix,C3C1C05_107020_trimix.fcs,False,0.716580743270403,0.546807432432432
"0.05,0.09",005_009,0.05,0.09,smallcut,2000,trimix,C3C1C05_204040_trimix.fcs,False,0.800856709347939,0.224368421052632
"0.05,0.09",005_009,0.05,0.09,smallcut,2000,trimix,C3C1C05_301555_trimix.fcs,False,0.561643438143781,0.798840579710145
"0.05,0.09",005_009,0.05,0.09,smallcut,2000,bimix,C3C1_3565_bimix.fcs,False,0.647889519541444,0.304895833333333
"0.05,0.09",005_009,0.05,0.09,smallcut,2000,bimix,C3C1_8020_bimix.fcs,False,0.814486247086247,0.426826851804284
"0.05,0.2",005_02,0.05,0.2,largecut,5000,trimix,A05A1A3_157510_trimix.fcs,False,0.995457709239155,0.669012345679012
"0.05,0.2",005_02,0.05,0.2,largecut,5000,trimix,A05A1A3_306010_trimix.fcs,False,0.794634146341463,0.86350435624395
"0.05,0.2",005_02,0.05,0.2,largecut,5000,trimix,A05A1A3_601030_trimix.fcs,False,0.82867617107943,0.940847784200385
"0.05,0.2",005_02,0.05,0.2,largecut,5000,bimix,A05A1_2080_bimix.fcs,False,0.992604999108638,0.630029484029484
"0.05,0.2",005_02,0.05,0.2,largecut,5000,bimix,A05A1_2575_bimix.fcs,False,0.987064713380503,0.863076923076923
"0.05,0.2",005_02,0.05,0.2,largecut,5000,bimix,A05A1_3070_bimix.fcs,False,0.826753731687587,0.835220779220779
"0.05,0.2",005_02,0.05,0.2,largecut,5000,bimix,A05A1_4060_bimix.fcs,False,0.601705477205641,0.411711711711712
"0.05,0.2",005_02,0.05,0.2,largecut,5000,segment,A05A1_4555_segment.fcs,False,0.558835279655808,0.59375
"0.05,0.2",005_02,0.05,0.2,largecut,5000,trimix,A05A3A1_454510_trimix.fcs,False,0.960932189290044,0.669622222222222
"0.05,0.2",005_02,0.05,0.2,largecut,5000,bimix,A05A3_1090_bimix.fcs,False,1.0,0.329010989010989
"0.05,0.2",005_02,0.05,0.2,largecut,5000,bimix,A05A3_2575_bimix.fcs,False,0.998929930247305,0.681624518966465
"0.05,0.2",005_02,0.05,0.2,largecut,5000,segment,A05A3_4060_segment.fcs,False,1.0,0.839821693907875
"0.05,0.2",005_02,0.05,0.2,largecut,5000,bimix,A05A3_6040_bimix.fcs,False,0.630108557646711,0.932432432432432
"0.05,0.2",005_02,0.05,0.2,largecut,5000,bimix,A05A3_8020_bimix.fcs,False,1.0,0.656553884711779
"0.05,0.2",005_02,0.05,0.2,largecut,5000,segment,A05A3_8515_segment.fcs,False,0.998280892092565,0.575568783068783
"0.05,0.2",005_02,0.05,0.2,largecut,5000,segment,A1A05_4060_segment.fcs,False,0.954180875278266,0.88659793814433
"0.05,0.2",005_02,0.05,0.2,largecut,5000,segment,A1A05_5545_segment.fcs,False,0.99230192630314,0.972106741573034
"0.05,0.2",005_02,0.05,0.2,largecut,5000,trimix,A1A3A05_551035_trimix.fcs,False,0.614907587548638,0.877606169358284
"0.05,0.2",005_02,0.05,0.2,largecut,5000,trimix,A1A3A05_651025_trimix.fcs,False,0.759929851406201,0.672507288629738
"0.05,0.2",005_02,0.05,0.2,largecut,5000,trimix,A1A3A05_651520_trimix.fcs,False,0.834649847094801,0.919345332119938
"0.05,0.2",005_02,0.05,0.2,largecut,5000,bimix,A1A3_1090_bimix.fcs,False,1.0,0.304866396761134
"0.05,0.2",005_02,0.05,0.2,largecut,5000,bimix,A1A3_1585_bimix.fcs,False,0.992062457492632,0.450906362545018
"0.05,0.2",005_02,0.05,0.2,largecut,5000,segment,A1A3_7525_segment.fcs,False,1.0,0.628050177569023
"0.05,0.2",005_02,0.05,0.2,largecut,5000,segment,A1A3_8020_segment.fcs,False,1.0,0.506696961528093
"0.05,0.2",005_02,0.05,0.2,largecut,5000,bimix,A1A3_9010_bimix.fcs,False,1.0,0.541497835497835
"0.05,0.2",005_02,0.05,0.2,largecut,5000,segment,A3A05_1090_segment.fcs,False,1.0,0.300865633074935
"0.05,0.2",005_02,0.05,0.2,largecut,5000,segment,A3A05_7030_segment.fcs,False,1.0,0.736381459671412
"0.05,0.2",005_02,0.05,0.2,largecut,5000,trimix,A3A1A05_103555_trimix.fcs,False,0.657278287461774,0.86767316017316
"0.05,0.2",005_02,0.05,0.2,largecut,5000,segment,A3A1_1090_segment.fcs,False,1.0,0.327440901191398
"0.05,0.2",005_02,0.05,0.2,largecut,5000,segment,A3A1_2575_segment.fcs,False,1.0,0.815562798783138
"0.05,0.2",005_02,0.05,0.2,largecut,5000,bimix,B05B1_3070_bimix.fcs,False,0.762136894824708,0.673694779116466
"0.05,0.2",005_02,0.05,0.2,largecut,5000,segment,B05B1_3565_segment.fcs,False,1.0,0.770905723905724
"0.05,0.2",005_02,0.05,0.2,largecut,5000,segment,B05B1_6535_segment.fcs,False,0.934240930097158,0.95906432748538
"0.05,0.2",005_02,0.05,0.2,largecut,5000,bimix,B05B1_7030_bimix.fcs,False,0.734719183078045,0.677777777777778
"0.05,0.2",005_02,0.05,0.2,largecut,5000,trimix,B05B3B1_151570_trimix.fcs,False,0.967319936331078,0.757924335378323
"0.05,0.2",005_02,0.05,0.2,largecut,5000,trimix,B05B3B1_751510_trimix.fcs,False,0.978899371069182,0.866451324114736
"0.05,0.2",005_02,0.05,0.2,largecut,5000,segment,B05B3_5545_segment.fcs,False,0.967121342512909,0.977160134646444
"0.05,0.2",005_02,0.05,0.2,largecut,5000,bimix,B05B3_7030_bimix.fcs,False,0.968028169014085,0.960763888888889
"0.05,0.2",005_02,0.05,0.2,largecut,5000,segment,B1B05_2575_segment.fcs,False,0.992732904455564,0.876923076923077
"0.05,0.2",005_02,0.05,0.2,largecut,5000,bimix,B1B05_4555_bimix.fcs,False,0.598989222626108,0.91187969924812
"0.05,0.2",005_02,0.05,0.2,largecut,5000,bimix,B1B05_7525_bimix.fcs,False,0.913740684778782,0.701938259109312
"0.05,0.2",005_02,0.05,0.2,largecut,5000,bimix,B1B3_2080_bimix.fcs,False,0.884700791544699,0.619065069297627
"0.05,0.2",005_02,0.05,0.2,largecut,5000,segment,B1B3_7030_segment.fcs,False,1.0,0.846011880935597
"0.05,0.2",005_02,0.05,0.2,largecut,5000,trimix,B3B05B1_652510_trimix.fcs,False,0.744743409943775,0.908704819277108
"0.05,0.2",005_02,0.05,0.2,largecut,5000,trimix,B3B05B1_801010_trimix.fcs,False,0.926678143543324,0.579225536368393
"0.05,0.2",005_02,0.05,0.2,largecut,5000,segment,B3B05_2080_segment.fcs,False,1.0,0.606458333333333
"0.05,0.2",005_02,0.05,0.2,largecut,5000,bimix,B3B05_3565_bimix.fcs,False,0.858592778763514,0.936525974025974
"0.05,0.2",005_02,0.05,0.2,largecut,5000,segment,B3B05_6040_segment.fcs,False,1.0,0.942071197411003
"0.05,0.2",005_02,0.05,0.2,largecut,5000,bimix,B3B05_6535_bimix.fcs,False,0.869548532731377,0.974261874197689
"0.05,0.2",005_02,0.05,0.2,largecut,5000,bimix,B3B05_7525_bimix.fcs,False,0.998875329815303,0.737826795272944
"0.05,0.2",005_02,0.05,0.2,largecut,5000,segment,B3B05_8020_segment.fcs,False,1.0,0.687980769230769
"0.05,0.2",005_02,0.05,0.2,largecut,5000,trimix,B3B1B05_204535_trimix.fcs,False,0.484847370356749,0.894545454545455
"0.05,0.2",005_02,0.05,0.2,largecut,5000,trimix,B3B1B05_253540_trimix.fcs,False,0.411197859633131,0.93140350877193
"0.05,0.2",005_02,0.05,0.2,largecut,5000,trimix,B3B1B05_503515_trimix.fcs,False,0.505505359877489,0.578837719298246
"0.05,0.2",005_02,0.05,0.2,largecut,5000,trimix,B3B1B05_651025_trimix.fcs,False,0.748289852337595,0.952380952380952
"0.05,0.2",005_02,0.05,0.2,largecut,5000,segment,B3B1_1090_segment.fcs,False,1.0,0.343231707317073
"0.05,0.2",005_02,0.05,0.2,largecut,5000,bimix,B3B1_1585_bimix.fcs,False,0.999946172248804,0.556283019479467
"0.05,0.2",005_02,0.05,0.2,largecut,5000,bimix,B3B1_2575_bimix.fcs,False,0.897981559318228,0.737935222672065
"0.05,0.2",005_02,0.05,0.2,largecut,5000,segment,B3B1_5545_segment.fcs,False,1.0,0.995132886684055
"0.05,0.2",005_02,0.05,0.2,largecut,5000,bimix,B3B1_6040_bimix.fcs,False,0.599075043630017,0.350128668929251
"0.05,0.2",005_02,0.05,0.2,largecut,5000,segment,B3B1_8020_segment.fcs,False,1.0,0.545675553352443
"0.05,0.2",005_02,0.05,0.2,largecut,5000,bimix,C05C1_7030_bimix.fcs,False,0.907858823529412,0.95493625852357
"0.05,0.2",005_02,0.05,0.2,largecut,5000,bimix,C05C1_7525_bimix.fcs,False,0.961991154436321,0.861627604166667
"0.05,0.2",005_02,0.05,0.2,largecut,5000,bimix,C05C3_8515_bimix.fcs,False,1.0,0.59625
"0.05,0.2",005_02,0.05,0.2,largecut,5000,segment,C1C05_1585_segment.fcs,False,1.0,0.557862903225806
"0.05,0.2",005_02,0.05,0.2,largecut,5000,bimix,C1C05_2080_bimix.fcs,False,0.988938053097345,0.827941176470588
"0.05,0.2",005_02,0.05,0.2,largecut,5000,bimix,C1C05_3070_bimix.fcs,False,0.751201865692197,0.594008438818565
"0.05,0.2",005_02,0.05,0.2,largecut,5000,segment,C1C05_4060_segment.fcs,False,0.997019164342553,0.991111111111111
"0.05,0.2",005_02,0.05,0.2,largecut,5000,segment,C1C05_5545_segment.fcs,False,0.614147544180604,0.864864864864865
"0.05,0.2",005_02,0.05,0.2,largecut,5000,trimix,C1C3C05_107515_trimix.fcs,False,0.923864258347017,0.653956706432987
"0.05,0.2",005_02,0.05,0.2,largecut,5000,trimix,C1C3C05_205525_trimix.fcs,False,0.712136865342163,0.960907067334446
"0.05,0.2",005_02,0.05,0.2,largecut,5000,trimix,C1C3C05_302545_trimix.fcs,False,0.45616048862679,0.68
"0.05,0.2",005_02,0.05,0.2,largecut,5000,trimix,C1C3C05_452035_trimix.fcs,False,0.462169913652047,0.962760416666667
"0.05,0.2",005_02,0.05,0.2,largecut,5000,bimix,C1C3_1090_bimix.fcs,False,1.0,0.341720945083014
"0.05,0.2",005_02,0.05,0.2,largecut,5000,bimix,C1C3_3070_bimix.fcs,False,0.72640453905073,0.85276688453159
"0.05,0.2",005_02,0.05,0.2,largecut,5000,trimix,C3C05C1_101080_trimix.fcs,False,0.985302923597799,0.637594486438417
"0.05,0.2",005_02,0.05,0.2,largecut,5000,trimix,C3C05C1_651025_trimix.fcs,False,0.676366092221705,0.975067021170967
"0.05,0.2",005_02,0.05,0.2,largecut,5000,segment,C3C05_1090_segment.fcs,False,1.0,0.376757575757576
"0.05,0.2",005_02,0.05,0.2,largecut,5000,segment,C3C05_1585_segment.fcs,False,1.0,0.532115384615385
"0.05,0.2",005_02,0.05,0.2,largecut,5000,segment,C3C05_2575_segment.fcs,False,1.0,0.56006006006006
"0.05,0.2",005_02,0.05,0.2,largecut,5000,bimix,C3C05_6535_bimix.fcs,False,0.779486986043003,0.979254670906142
"0.05,0.2",005_02,0.05,0.2,largecut,5000,bimix,C3C05_9010_bimix.fcs,False,1.0,0.359042571035593
"0.05,0.2",005_02,0.05,0.2,largecut,5000,segment,C3C05_9010_segment.fcs,False,1.0,0.220391764133401
"0.05,0.2",005_02,0.05,0.2,largecut,5000,trimix,C3C1C05_104545_trimix.fcs,False,0.964766253269507,0.588267973856209
"0.05,0.2",005_02,0.05,0.2,largecut,5000,trimix,C3C1C05_403525_trimix.fcs,False,0.40657153708426,0.916666666666667
"0.05,0.2",005_02,0.05,0.2,largecut,5000,segment,C3C1_1585_segment.fcs,False,1.0,0.757360782375738
"0.05,0.2",005_02,0.05,0.2,largecut,5000,segment,C3C1_3070_segment.fcs,False,1.0,0.863809184241305
"0.05,0.2",005_02,0.05,0.2,largecut,5000,bimix,C3C1_4060_bimix.fcs,False,0.60850300370266,0.769230769230769
"0.05,0.2",005_02,0.05,0.2,largecut,5000,segment,C3C1_4555_segment.fcs,False,0.566012332596677,0.8
"0.05,0.2",005_02,0.05,0.2,largecut,5000,segment,C3C1_9010_segment.fcs,False,1.0,0.256679067837964
"0.05,0.2",005_02,0.05,0.2,smallcut,2000,trimix,A05A1A3_405010_trimix.fcs,False,0.507954159123376,0.694834710743802
"0.05,0.2",005_02,0.05,0.2,smallcut,2000,segment,A05A1_1090_segment.fcs,False,1.0,0.346746119733925
"0.05,0.2",005_02,0.05,0.2,smallcut,2000,segment,A05A1_1585_segment.fcs,False,1.0,0.544721407624633
"0.05,0.2",005_02,0.05,0.2,smallcut,2000,bimix,A05A1_3565_bimix.fcs,False,0.660046695402299,0.483190476190476
"0.05,0.2",005_02,0.05,0.2,smallcut,2000,bimix,A05A1_4555_bimix.fcs,False,0.539925317540135,0.332055555555556
"0.05,0.2",005_02,0.05,0.2,smallcut,2000,bimix,A05A1_5545_bimix.fcs,False,0.556623145543293,0.527555555555556
"0.05,0.2",005_02,0.05,0.2,smallcut,2000,bimix,A05A1_7030_bimix.fcs,False,0.739214594928881,0.701963755761824
"0.05,0.2",005_02,0.05,0.2,smallcut,2000,segment,A05A1_9010_segment.fcs,False,0.998594765501493,0.561975308641975
"0.05,0.2",005_02,0.05,0.2,smallcut,2000,bimix,A05A3_1585_bimix.fcs,False,0.873460727464417,0.404797407736644
"0.05,0.2",005_02,0.05,0.2,smallcut,2000,bimix,A05A3_2080_bimix.fcs,False,0.818377166156983,0.470595286255825
"0.05,0.2",005_02,0.05,0.2,smallcut,2000,segment,A05A3_3565_segment.fcs,False,1.0,0.745160845698396
"0.05,0.2",005_02,0.05,0.2,smallcut,2000,bimix,A05A3_7525_bimix.fcs,False,0.865265608724956,0.678774928774929
"0.05,0.2",005_02,0.05,0.2,smallcut,2000,bimix,A05A3_9010_bimix.fcs,False,0.998179319821367,0.394536082474227
"0.05,0.2",005_02,0.05,0.2,smallcut,2000,segment,A05A3_9010_segment.fcs,False,0.999558276014388,0.312056451612903
"0.05,0.2",005_02,0.05,0.2,smallcut,2000,trimix,A1A05A3_501535_trimix.fcs,False,0.504396180675803,0.609227053140097
"0.05,0.2",005_02,0.05,0.2,smallcut,2000,segment,A1A05_4555_segment.fcs,False,0.636375793873473,0.915254237288136
"0.05,0.2",005_02,0.05,0.2,smallcut,2000,trimix,A1A3A05_106525_trimix.fcs,False,0.657646979782397,0.47634693877551
"0.05,0.2",005_02,0.05,0.2,smallcut,2000,trimix,A1A3A05_252055_trimix.fcs,False,0.599348261791127,0.948918128654971
"0.05,0.2",005_02,0.05,0.2,smallcut,2000,segment,A1A3_3070_segment.fcs,False,1.0,0.812840378162665
"0.05,0.2",005_02,0.05,0.2,smallcut,2000,segment,A1A3_5545_segment.fcs,False,0.574472534332085,0.826939717334872
"0.05,0.2",005_02,0.05,0.2,smallcut,2000,bimix,A1A3_6040_bimix.fcs,False,0.622947994160995,0.632853773584906
"0.05,0.2",005_02,0.05,0.2,smallcut,2000,bimix,A1A3_7525_bimix.fcs,False,0.788091011883861,0.543955223880597
"0.05,0.2",005_02,0.05,0.2,smallcut,2000,trimix,A3A05A1_454510_trimix.fcs,False,0.899004438047259,0.0903076923076923
"0.05,0.2",005_02,0.05,0.2,smallcut,2000,segment,A3A05_1585_segment.fcs,False,1.0,0.703301282051282
"0.05,0.2",005_02,0.05,0.2,smallcut,2000,trimix,A3A1A05_106525_trimix.fcs,False,0.66305258429149,0.451801242236025
"0.05,0.2",005_02,0.05,0.2,smallcut,2000,trimix,A3A1A05_305020_trimix.fcs,False,0.509134199134199,0.617823012974905
"0.05,0.2",005_02,0.05,0.2,smallcut,2000,trimix,A3A1A05_502525_trimix.fcs,False,0.487665400690217,0.340616246498599
"0.05,0.2",005_02,0.05,0.2,smallcut,2000,segment,A3A1_1090_segment.fcs,False,1.0,0.298699507590462
"0.05,0.2",005_02,0.05,0.2,smallcut,2000,segment,B05B1_4060_segment.fcs,False,1.0,0.962314049586777
"0.05,0.2",005_02,0.05,0.2,smallcut,2000,bimix,B05B1_6040_bimix.fcs,False,0.609588037839487,0.545462962962963
"0.05,0.2",005_02,0.05,0.2,smallcut,2000,bimix,B05B1_6535_bimix.fcs,False,0.687719720150493,0.682416666666667
"0.05,0.2",005_02,0.05,0.2,smallcut,2000,bimix,B05B1_7525_bimix.fcs,False,0.814986673037726,0.718978494623656
"0.05,0.2",005_02,0.05,0.2,smallcut,2000,segment,B05B1_8515_segment.fcs,False,1.0,0.543334722913277
"0.05,0.2",005_02,0.05,0.2,smallcut,2000,segment,B05B3_1090_segment.fcs,False,1.0,0.347925455443458
"0.05,0.2",005_02,0.05,0.2,smallcut,2000,segment,B05B3_2080_segment.fcs,False,1.0,0.646779661016949
"0.05,0.2",005_02,0.05,0.2,smallcut,2000,segment,B05B3_4060_segment.fcs,False,1.0,0.957565789473684
"0.05,0.2",005_02,0.05,0.2,smallcut,2000,bimix,B05B3_6040_bimix.fcs,False,0.626410256410256,0.755489928820233
"0.05,0.2",005_02,0.05,0.2,smallcut,2000,bimix,B05B3_7525_bimix.fcs,False,0.787564724919094,0.53802729528536
"0.05,0.2",005_02,0.05,0.2,smallcut,2000,bimix,B05B3_9010_bimix.fcs,False,1.0,0.450851063829787
"0.05,0.2",005_02,0.05,0.2,smallcut,2000,trimix,B1B05B3_103060_trimix.fcs,False,0.614785162287481,0.585387596899225
"0.05,0.2",005_02,0.05,0.2,smallcut,2000,trimix,B1B05B3_205030_trimix.fcs,False,0.516093521183659,0.775930735930736
"0.05,0.2",005_02,0.05,0.2,smallcut,2000,trimix,B1B05B3_355510_trimix.fcs,False,0.583555792845702,0.720309523809524
"0.05,0.2",005_02,0.05,0.2,smallcut,2000,segment,B1B05_7525_segment.fcs,False,1.0,0.804742059022302
"0.05,0.2",005_02,0.05,0.2,smallcut,2000,trimix,B1B3B05_101080_trimix.fcs,False,0.896887828527036,0.652757936507936
"0.05,0.2",005_02,0.05,0.2,smallcut,2000,trimix,B1B3B05_302545_trimix.fcs,False,0.477118022167114,0.926491228070175
"0.05,0.2",005_02,0.05,0.2,smallcut,2000,trimix,B1B3B05_504010_trimix.fcs,False,0.504770566727605,0.570277418110692
"0.05,0.2",005_02,0.05,0.2,smallcut,2000,trimix,B1B3B05_651025_trimix.fcs,False,0.668793774319066,0.518627450980392
"0.05,0.2",005_02,0.05,0.2,smallcut,2000,bimix,B1B3_1585_bimix.fcs,False,0.858665170279715,0.252907608695652
"0.05,0.2",005_02,0.05,0.2,smallcut,2000,bimix,B1B3_5545_bimix.fcs,False,0.551680564491373,0.475326797385621
"0.05,0.2",005_02,0.05,0.2,smallcut,2000,segment,B1B3_6040_segment.fcs,False,1.0,0.919623253338614
"0.05,0.2",005_02,0.05,0.2,smallcut,2000,bimix,B1B3_8020_bimix.fcs,False,0.820975060096154,0.419271242343333
"0.05,0.2",005_02,0.05,0.2,smallcut,2000,segment,B1B3_8515_segment.fcs,False,1.0,0.491186885966446
"0.05,0.2",005_02,0.05,0.2,smallcut,2000,segment,B3B05_9010_segment.fcs,False,1.0,0.277450954435943
"0.05,0.2",005_02,0.05,0.2,smallcut,2000,segment,B3B1_4060_segment.fcs,False,1.0,0.934350540216086
"0.05,0.2",005_02,0.05,0.2,smallcut,2000,segment,B3B1_8020_segment.fcs,False,1.0,0.530914886032418
"0.05,0.2",005_02,0.05,0.2,smallcut,2000,segment,C05C1_1090_segment.fcs,False,1.0,0.507684319833853
"0.05,0.2",005_02,0.05,0.2,smallcut,2000,segment,C05C1_1585_segment.fcs,False,1.0,0.517128281648927
"0.05,0.2",005_02,0.05,0.2,smallcut,2000,bimix,C05C1_8515_bimix.fcs,False,0.90249754607918,0.417222222222222
"0.05,0.2",005_02,0.05,0.2,smallcut,2000,segment,C05C3_1585_segment.fcs,False,1.0,0.461538310589916
"0.05,0.2",005_02,0.05,0.2,smallcut,2000,segment,C05C3_3565_segment.fcs,False,1.0,0.867252949852507
"0.05,0.2",005_02,0.05,0.2,smallcut,2000,bimix,C05C3_7030_bimix.fcs,False,0.715981689533932,0.630769230769231
"0.05,0.2",005_02,0.05,0.2,smallcut,2000,bimix,C05C3_8515_bimix.fcs,False,0.983678678678679,0.570773449319213
"0.05,0.2",005_02,0.05,0.2,smallcut,2000,segment,C05C3_9010_segment.fcs,False,0.998419467390332,0.303716049382716
"0.05,0.2",005_02,0.05,0.2,smallcut,2000,segment,C1C05_3070_segment.fcs,False,0.769657382771313,0.621052631578947
"0.05,0.2",005_02,0.05,0.2,smallcut,2000,bimix,C1C05_4060_bimix.fcs,False,0.641032625910675,0.62568210437946
"0.05,0.2",005_02,0.05,0.2,smallcut,2000,bimix,C1C05_6040_bimix.fcs,False,0.597230612134213,0.371584905660377
"0.05,0.2",005_02,0.05,0.2,smallcut,2000,segment,C1C05_9010_segment.fcs,False,1.0,0.458200562324274
"0.05,0.2",005_02,0.05,0.2,smallcut,2000,trimix,C1C3C05_106030_trimix.fcs,False,0.627293965445047,0.754183864915572
"0.05,0.2",005_02,0.05,0.2,smallcut,2000,trimix,C1C3C05_352045_trimix.fcs,False,0.466713447690116,0.810707070707071
"0.05,0.2",005_02,0.05,0.2,smallcut,2000,trimix,C1C3C05_353530_trimix.fcs,False,0.700265533722783,0.307753426471562
"0.05,0.2",005_02,0.05,0.2,smallcut,2000,trimix,C1C3C05_801010_trimix.fcs,False,0.818635137902541,0.427342657342657
"0.05,0.2",005_02,0.05,0.2,smallcut,2000,bimix,C1C3_1090_bimix.fcs,False,0.916326934795856,0.289496931648194
"0.05,0.2",005_02,0.05,0.2,smallcut,2000,segment,C1C3_2575_segment.fcs,False,1.0,0.753642441500557
"0.05,0.2",005_02,0.05,0.2,smallcut,2000,segment,C1C3_4555_segment.fcs,False,0.573221508233031,0.896551724137931
"0.05,0.2",005_02,0.05,0.2,smallcut,2000,segment,C1C3_7525_segment.fcs,False,1.0,0.685572058103476
"0.05,0.2",005_02,0.05,0.2,smallcut,2000,bimix,C3C05_4060_bimix.fcs,False,0.621553063078072,0.808673469387755
"0.05,0.2",005_02,0.05,0.2,smallcut,2000,segment,C3C05_4555_segment.fcs,False,0.977472144207647,0.942857142857143
"0.05,0.2",005_02,0.05,0.2,smallcut,2000,trimix,C3C1C05_101080_trimix.fcs,False,0.927716201423098,0.698266666666667
"0.05,0.2",005_02,0.05,0.2,smallcut,2000,trimix,C3C1C05_107020_trimix.fcs,False,0.718241475405496,0.514877717391304
"0.05,0.2",005_02,0.05,0.2,smallcut,2000,trimix,C3C1C05_204040_trimix.fcs,False,0.794446120202096,0.0984137931034483
"0.05,0.2",005_02,0.05,0.2,smallcut,2000,trimix,C3C1C05_301555_trimix.fcs,False,0.563937843100799,0.756236559139785
"0.05,0.2",005_02,0.05,0.2,smallcut,2000,bimix,C3C1_3565_bimix.fcs,False,0.650807833551158,0.369308035714286
"0.05,0.2",005_02,0.05,0.2,smallcut,2000,bimix,C3C1_8020_bimix.fcs,False,0.817430230910894,0.424666328358574
"0.05,0.34",005_034,0.05,0.34,largecut,5000,trimix,A05A1A3_157510_trimix.fcs,False,0.996816460419988,0.650358744394619
"0.05,0.34",005_034,0.05,0.34,largecut,5000,trimix,A05A1A3_306010_trimix.fcs,False,0.797583947583948,0.859086584205519
"0.05,0.34",005_034,0.05,0.34,largecut,5000,trimix,A05A1A3_601030_trimix.fcs,False,0.827036886907175,0.945906432748538
"0.05,0.34",005_034,0.05,0.34,largecut,5000,bimix,A05A1_2080_bimix.fcs,False,0.992622859037327,0.633453557312253
"0.05,0.34",005_034,0.05,0.34,largecut,5000,bimix,A05A1_2575_bimix.fcs,False,0.986811323953212,0.822221210741921
"0.05,0.34",005_034,0.05,0.34,largecut,5000,bimix,A05A1_3070_bimix.fcs,False,0.833935734872999,0.841002506265664
"0.05,0.34",005_034,0.05,0.34,largecut,5000,bimix,A05A1_4060_bimix.fcs,False,0.600924092409241,0.406047516198704
"0.05,0.34",005_034,0.05,0.34,largecut,5000,segment,A05A1_4555_segment.fcs,False,0.563861461339815,0.730769230769231
"0.05,0.34",005_034,0.05,0.34,largecut,5000,trimix,A05A3A1_454510_trimix.fcs,False,0.964062020626342,0.746238095238095
"0.05,0.34",005_034,0.05,0.34,largecut,5000,bimix,A05A3_1090_bimix.fcs,False,1.0,0.342171428571429
"0.05,0.34",005_034,0.05,0.34,largecut,5000,bimix,A05A3_2575_bimix.fcs,False,0.998906351263772,0.657061473237944
"0.05,0.34",005_034,0.05,0.34,largecut,5000,segment,A05A3_4060_segment.fcs,False,1.0,0.789937106918239
"0.05,0.34",005_034,0.05,0.34,largecut,5000,bimix,A05A3_6040_bimix.fcs,False,0.632262156231939,0.93957264957265
"0.05,0.34",005_034,0.05,0.34,largecut,5000,bimix,A05A3_8020_bimix.fcs,False,1.0,0.656553884711779
"0.05,0.34",005_034,0.05,0.34,largecut,5000,segment,A05A3_8515_segment.fcs,False,0.998322638090056,0.619843304843305
"0.05,0.34",005_034,0.05,0.34,largecut,5000,segment,A1A05_4060_segment.fcs,False,0.587439171972896,0.184210526315789
"0.05,0.34",005_034,0.05,0.34,largecut,5000,segment,A1A05_5545_segment.fcs,False,0.964752970027878,0.971133720930233
"0.05,0.34",005_034,0.05,0.34,largecut,5000,trimix,A1A3A05_551035_trimix.fcs,False,0.611444552529183,0.854791506451337
"0.05,0.34",005_034,0.05,0.34,largecut,5000,trimix,A1A3A05_651025_trimix.fcs,False,0.757375556472193,0.628283052351375
"0.05,0.34",005_034,0.05,0.34,largecut,5000,trimix,A1A3A05_651520_trimix.fcs,False,0.832163234172387,0.916975738091055
"0.05,0.34",005_034,0.05,0.34,largecut,5000,bimix,A1A3_1090_bimix.fcs,False,1.0,0.329271598856107
"0.05,0.34",005_034,0.05,0.34,largecut,5000,bimix,A1A3_1585_bimix.fcs,False,0.992042613636364,0.448537138762837
"0.05,0.34",005_034,0.05,0.34,largecut,5000,segment,A1A3_7525_segment.fcs,False,1.0,0.647522589027343
"0.05,0.34",005_034,0.05,0.34,largecut,5000,segment,A1A3_8020_segment.fcs,False,1.0,0.463500898298517
"0.05,0.34",005_034,0.05,0.34,largecut,5000,bimix,A1A3_9010_bimix.fcs,False,1.0,0.503161705551086
"0.05,0.34",005_034,0.05,0.34,largecut,5000,segment,A3A05_1090_segment.fcs,False,1.0,0.337492753623188
"0.05,0.34",005_034,0.05,0.34,largecut,5000,segment,A3A05_7030_segment.fcs,False,1.0,0.736381459671412
"0.05,0.34",005_034,0.05,0.34,largecut,5000,trimix,A3A1A05_103555_trimix.fcs,False,0.660013993842709,0.864694092827004
"0.05,0.34",005_034,0.05,0.34,largecut,5000,segment,A3A1_1090_segment.fcs,False,1.0,0.463575324598328
"0.05,0.34",005_034,0.05,0.34,largecut,5000,segment,A3A1_2575_segment.fcs,False,1.0,0.815562798783138
"0.05,0.34",005_034,0.05,0.34,largecut,5000,bimix,B05B1_3070_bimix.fcs,False,0.772096219931272,0.659862778730703
"0.05,0.34",005_034,0.05,0.34,largecut,5000,segment,B05B1_3565_segment.fcs,False,1.0,0.751424351821464
"0.05,0.34",005_034,0.05,0.34,largecut,5000,segment,B05B1_6535_segment.fcs,False,0.982506410011098,0.962962962962963
"0.05,0.34",005_034,0.05,0.34,largecut,5000,bimix,B05B1_7030_bimix.fcs,False,0.75007524454477,0.696130952380952
"0.05,0.34",005_034,0.05,0.34,largecut,5000,trimix,B05B3B1_151570_trimix.fcs,False,0.960410125588697,0.763355446927374
"0.05,0.34",005_034,0.05,0.34,largecut,5000,trimix,B05B3B1_751510_trimix.fcs,False,0.980193905817174,0.812404831996752
"0.05,0.34",005_034,0.05,0.34,largecut,5000,segment,B05B3_5545_segment.fcs,False,0.967318220701454,0.984656609439473
"0.05,0.34",005_034,0.05,0.34,largecut,5000,bimix,B05B3_7030_bimix.fcs,False,0.969726930320151,0.958505747126437
"0.05,0.34",005_034,0.05,0.34,largecut,5000,segment,B1B05_2575_segment.fcs,False,1.0,0.788034650785057
"0.05,0.34",005_034,0.05,0.34,largecut,5000,bimix,B1B05_4555_bimix.fcs,False,0.596806456430827,0.874745762711864
"0.05,0.34",005_034,0.05,0.34,largecut,5000,bimix,B1B05_7525_bimix.fcs,False,0.907938027157983,0.656230769230769
"0.05,0.34",005_034,0.05,0.34,largecut,5000,bimix,B1B3_2080_bimix.fcs,False,0.882819349601261,0.596630662435179
"0.05,0.34",005_034,0.05,0.34,largecut,5000,segment,B1B3_7030_segment.fcs,False,1.0,0.806038454139541
"0.05,0.34",005_034,0.05,0.34,largecut,5000,trimix,B3B05B1_652510_trimix.fcs,False,0.747488158738581,0.893972701149425
"0.05,0.34",005_034,0.05,0.34,largecut,5000,trimix,B3B05B1_801010_trimix.fcs,False,0.928448599135287,0.581058558558559
"0.05,0.34",005_034,0.05,0.34,largecut,5000,segment,B3B05_2080_segment.fcs,False,1.0,0.610699300699301
"0.05,0.34",005_034,0.05,0.34,largecut,5000,bimix,B3B05_3565_bimix.fcs,False,0.846749255591189,0.918123620309051
"0.05,0.34",005_034,0.05,0.34,largecut,5000,segment,B3B05_6040_segment.fcs,False,1.0,0.942071197411003
"0.05,0.34",005_034,0.05,0.34,largecut,5000,bimix,B3B05_6535_bimix.fcs,False,0.869548532731377,0.974261874197689
"0.05,0.34",005_034,0.05,0.34,largecut,5000,bimix,B3B05_7525_bimix.fcs,False,0.998878289473684,0.741662551012451
"0.05,0.34",005_034,0.05,0.34,largecut,5000,segment,B3B05_8020_segment.fcs,False,1.0,0.549328214971209
"0.05,0.34",005_034,0.05,0.34,largecut,5000,trimix,B3B1B05_204535_trimix.fcs,False,0.487858472998138,0.878964401294498
"0.05,0.34",005_034,0.05,0.34,largecut,5000,trimix,B3B1B05_253540_trimix.fcs,False,0.410006114476367,0.932091503267974
"0.05,0.34",005_034,0.05,0.34,largecut,5000,trimix,B3B1B05_503515_trimix.fcs,False,0.510231151101458,0.62212962962963
"0.05,0.34",005_034,0.05,0.34,largecut,5000,trimix,B3B1B05_651025_trimix.fcs,False,0.748289852337595,0.952380952380952
"0.05,0.34",005_034,0.05,0.34,largecut,5000,segment,B3B1_1090_segment.fcs,False,1.0,0.250177777777778
"0.05,0.34",005_034,0.05,0.34,largecut,5000,bimix,B3B1_1585_bimix.fcs,False,0.99994630071599,0.559912569732163
"0.05,0.34",005_034,0.05,0.34,largecut,5000,bimix,B3B1_2575_bimix.fcs,False,0.89472845599847,0.709051094890511
"0.05,0.34",005_034,0.05,0.34,largecut,5000,segment,B3B1_5545_segment.fcs,False,1.0,0.995132886684055
"0.05,0.34",005_034,0.05,0.34,largecut,5000,bimix,B3B1_6040_bimix.fcs,False,0.59684,0.268411389269373
"0.05,0.34",005_034,0.05,0.34,largecut,5000,segment,B3B1_8020_segment.fcs,False,1.0,0.51021280025794
"0.05,0.34",005_034,0.05,0.34,largecut,5000,bimix,C05C1_7030_bimix.fcs,False,0.906168224299065,0.969072164948454
"0.05,0.34",005_034,0.05,0.34,largecut,5000,bimix,C05C1_7525_bimix.fcs,False,0.924552164911333,0.758950131233596
"0.05,0.34",005_034,0.05,0.34,largecut,5000,bimix,C05C3_8515_bimix.fcs,False,1.0,0.548928571428571
"0.05,0.34",005_034,0.05,0.34,largecut,5000,segment,C1C05_1585_segment.fcs,False,1.0,0.5404296875
"0.05,0.34",005_034,0.05,0.34,largecut,5000,bimix,C1C05_2080_bimix.fcs,False,0.981140350877193,0.825757575757576
"0.05,0.34",005_034,0.05,0.34,largecut,5000,bimix,C1C05_3070_bimix.fcs,False,0.794178348909657,0.684503458694442
"0.05,0.34",005_034,0.05,0.34,largecut,5000,segment,C1C05_4060_segment.fcs,False,0.997019164342553,0.991111111111111
"0.05,0.34",005_034,0.05,0.34,largecut,5000,segment,C1C05_5545_segment.fcs,False,0.620491309153019,0.96969696969697
"0.05,0.34",005_034,0.05,0.34,largecut,5000,trimix,C1C3C05_107515_trimix.fcs,False,0.924722222222222,0.649378819505571
"0.05,0.34",005_034,0.05,0.34,largecut,5000,trimix,C1C3C05_205525_trimix.fcs,False,0.713712389380531,0.961177120751589
"0.05,0.34",005_034,0.05,0.34,largecut,5000,trimix,C1C3C05_302545_trimix.fcs,False,0.461320309145556,0.717396825396825
"0.05,0.34",005_034,0.05,0.34,largecut,5000,trimix,C1C3C05_452035_trimix.fcs,False,0.468076422166416,0.936166666666667
"0.05,0.34",005_034,0.05,0.34,largecut,5000,bimix,C1C3_1090_bimix.fcs,False,1.0,0.344481637645241
"0.05,0.34",005_034,0.05,0.34,largecut,5000,bimix,C1C3_3070_bimix.fcs,False,0.734336841006621,0.846840336134454
"0.05,0.34",005_034,0.05,0.34,largecut,5000,trimix,C3C05C1_101080_trimix.fcs,False,0.98527522218706,0.620034572169404
"0.05,0.34",005_034,0.05,0.34,largecut,5000,trimix,C3C05C1_651025_trimix.fcs,False,0.671935724266418,0.870127864258685
"0.05,0.34",005_034,0.05,0.34,largecut,5000,segment,C3C05_1090_segment.fcs,False,1.0,0.28981351981352
"0.05,0.34",005_034,0.05,0.34,largecut,5000,segment,C3C05_1585_segment.fcs,False,1.0,0.646495327102804
"0.05,0.34",005_034,0.05,0.34,largecut,5000,segment,C3C05_2575_segment.fcs,False,1.0,0.727095516569201
"0.05,0.34",005_034,0.05,0.34,largecut,5000,bimix,C3C05_6535_bimix.fcs,False,0.783643955209717,0.976465984186138
"0.05,0.34",005_034,0.05,0.34,largecut,5000,bimix,C3C05_9010_bimix.fcs,False,1.0,0.36343169547353
"0.05,0.34",005_034,0.05,0.34,largecut,5000,segment,C3C05_9010_segment.fcs,False,1.0,0.233316391768699
"0.05,0.34",005_034,0.05,0.34,largecut,5000,trimix,C3C1C05_104545_trimix.fcs,False,0.97763022579924,0.560701158424119
"0.05,0.34",005_034,0.05,0.34,largecut,5000,trimix,C3C1C05_403525_trimix.fcs,False,0.40727865644872,0.923076923076923
"0.05,0.34",005_034,0.05,0.34,largecut,5000,segment,C3C1_1585_segment.fcs,False,1.0,0.494182987678626
"0.05,0.34",005_034,0.05,0.34,largecut,5000,segment,C3C1_3070_segment.fcs,False,1.0,0.822688598258971
"0.05,0.34",005_034,0.05,0.34,largecut,5000,bimix,C3C1_4060_bimix.fcs,False,0.602477158185511,0.555555555555556
"0.05,0.34",005_034,0.05,0.34,largecut,5000,segment,C3C1_4555_segment.fcs,False,0.564418084749083,0.740740740740741
"0.05,0.34",005_034,0.05,0.34,largecut,5000,segment,C3C1_9010_segment.fcs,False,1.0,0.256679067837964
"0.05,0.34",005_034,0.05,0.34,smallcut,2000,trimix,A05A1A3_405010_trimix.fcs,False,0.506096286135347,0.607636363636364
"0.05,0.34",005_034,0.05,0.34,smallcut,2000,segment,A05A1_1090_segment.fcs,False,1.0,0.451320346320346
"0.05,0.34",005_034,0.05,0.34,smallcut,2000,segment,A05A1_1585_segment.fcs,False,1.0,0.512074764293985
"0.05,0.34",005_034,0.05,0.34,smallcut,2000,bimix,A05A1_3565_bimix.fcs,False,0.655687973997833,0.42
"0.05,0.34",005_034,0.05,0.34,smallcut,2000,bimix,A05A1_4555_bimix.fcs,False,0.541299393528459,0.361421568627451
"0.05,0.34",005_034,0.05,0.34,smallcut,2000,bimix,A05A1_5545_bimix.fcs,False,0.564086565624309,0.578839285714286
"0.05,0.34",005_034,0.05,0.34,smallcut,2000,bimix,A05A1_7030_bimix.fcs,False,0.738743686868687,0.621988817474003
"0.05,0.34",005_034,0.05,0.34,smallcut,2000,segment,A05A1_9010_segment.fcs,False,0.998572193467785,0.523218390804598
"0.05,0.34",005_034,0.05,0.34,smallcut,2000,bimix,A05A3_1585_bimix.fcs,False,0.872397672552167,0.356478393002743
"0.05,0.34",005_034,0.05,0.34,smallcut,2000,bimix,A05A3_2080_bimix.fcs,False,0.815145551455515,0.405261917633523
"0.05,0.34",005_034,0.05,0.34,smallcut,2000,segment,A05A3_3565_segment.fcs,False,1.0,0.699864353738433
"0.05,0.34",005_034,0.05,0.34,smallcut,2000,bimix,A05A3_7525_bimix.fcs,False,0.861580516898608,0.639376693766938
"0.05,0.34",005_034,0.05,0.34,smallcut,2000,bimix,A05A3_9010_bimix.fcs,False,0.998160360985769,0.3827
"0.05,0.34",005_034,0.05,0.34,smallcut,2000,segment,A05A3_9010_segment.fcs,False,0.9995297910929,0.276392857142857
"0.05,0.34",005_034,0.05,0.34,smallcut,2000,trimix,A1A05A3_501535_trimix.fcs,False,0.505417310279536,0.613477366255144
"0.05,0.34",005_034,0.05,0.34,smallcut,2000,segment,A1A05_4555_segment.fcs,False,0.55272652093112,0.55
"0.05,0.34",005_034,0.05,0.34,smallcut,2000,trimix,A1A3A05_106525_trimix.fcs,False,0.661086915502774,0.499591836734694
"0.05,0.34",005_034,0.05,0.34,smallcut,2000,trimix,A1A3A05_252055_trimix.fcs,False,0.605574009324009,0.953740235667947
"0.05,0.34",005_034,0.05,0.34,smallcut,2000,segment,A1A3_3070_segment.fcs,False,1.0,0.794486968891297
"0.05,0.34",005_034,0.05,0.34,smallcut,2000,segment,A1A3_5545_segment.fcs,False,0.569400993171943,0.778970634670035
"0.05,0.34",005_034,0.05,0.34,smallcut,2000,bimix,A1A3_6040_bimix.fcs,False,0.627299757171318,0.6028125
"0.05,0.34",005_034,0.05,0.34,smallcut,2000,bimix,A1A3_7525_bimix.fcs,False,0.794480796970485,0.491025641025641
"0.05,0.34",005_034,0.05,0.34,smallcut,2000,trimix,A3A05A1_454510_trimix.fcs,False,0.897744910812238,0.0814
"0.05,0.34",005_034,0.05,0.34,smallcut,2000,segment,A3A05_1585_segment.fcs,False,1.0,0.683582554517134
"0.05,0.34",005_034,0.05,0.34,smallcut,2000,trimix,A3A1A05_106525_trimix.fcs,False,0.670057459266142,0.491504761904762
"0.05,0.34",005_034,0.05,0.34,smallcut,2000,trimix,A3A1A05_305020_trimix.fcs,False,0.513039468039468,0.607758245961783
"0.05,0.34",005_034,0.05,0.34,smallcut,2000,trimix,A3A1A05_502525_trimix.fcs,False,0.49369847151459,0.458269431323232
"0.05,0.34",005_034,0.05,0.34,smallcut,2000,segment,A3A1_1090_segment.fcs,False,1.0,0.240872093981184
"0.05,0.34",005_034,0.05,0.34,smallcut,2000,segment,B05B1_4060_segment.fcs,False,1.0,0.946666666666667
"0.05,0.34",005_034,0.05,0.34,smallcut,2000,bimix,B05B1_6040_bimix.fcs,False,0.602186234817814,0.424893617021277
"0.05,0.34",005_034,0.05,0.34,smallcut,2000,bimix,B05B1_6535_bimix.fcs,False,0.697459070072037,0.661848285328243
"0.05,0.34",005_034,0.05,0.34,smallcut,2000,bimix,B05B1_7525_bimix.fcs,False,0.817332486700377,0.622393162393162
"0.05,0.34",005_034,0.05,0.34,smallcut,2000,segment,B05B1_8515_segment.fcs,False,1.0,0.612525203523187
"0.05,0.34",005_034,0.05,0.34,smallcut,2000,segment,B05B3_1090_segment.fcs,False,1.0,0.336186116354639
"0.05,0.34",005_034,0.05,0.34,smallcut,2000,segment,B05B3_2080_segment.fcs,False,1.0,0.636
"0.05,0.34",005_034,0.05,0.34,smallcut,2000,segment,B05B3_4060_segment.fcs,False,1.0,0.949755301794454
"0.05,0.34",005_034,0.05,0.34,smallcut,2000,bimix,B05B3_6040_bimix.fcs,False,0.628551468491588,0.727623154318568
"0.05,0.34",005_034,0.05,0.34,smallcut,2000,bimix,B05B3_7525_bimix.fcs,False,0.79043795620438,0.553654080389769
"0.05,0.34",005_034,0.05,0.34,smallcut,2000,bimix,B05B3_9010_bimix.fcs,False,1.0,0.465714285714286
"0.05,0.34",005_034,0.05,0.34,smallcut,2000,trimix,B1B05B3_103060_trimix.fcs,False,0.61870761356366,0.559346049046322
"0.05,0.34",005_034,0.05,0.34,smallcut,2000,trimix,B1B05B3_205030_trimix.fcs,False,0.518699640196625,0.801224489795918
"0.05,0.34",005_034,0.05,0.34,smallcut,2000,trimix,B1B05B3_355510_trimix.fcs,False,0.578323046199998,0.697794871794872
"0.05,0.34",005_034,0.05,0.34,smallcut,2000,segment,B1B05_7525_segment.fcs,False,1.0,0.800235215053763
"0.05,0.34",005_034,0.05,0.34,smallcut,2000,trimix,B1B3B05_101080_trimix.fcs,False,0.894543303299725,0.635490196078431
"0.05,0.34",005_034,0.05,0.34,smallcut,2000,trimix,B1B3B05_302545_trimix.fcs,False,0.480602019480851,0.931428571428571
"0.05,0.34",005_034,0.05,0.34,smallcut,2000,trimix,B1B3B05_504010_trimix.fcs,False,0.512208487084871,0.658805297949103
"0.05,0.34",005_034,0.05,0.34,smallcut,2000,trimix,B1B3B05_651025_trimix.fcs,False,0.668849933598938,0.486496913580247
"0.05,0.34",005_034,0.05,0.34,smallcut,2000,bimix,B1B3_1585_bimix.fcs,False,0.859356736242884,0.235982867351112
"0.05,0.34",005_034,0.05,0.34,smallcut,2000,bimix,B1B3_5545_bimix.fcs,False,0.551158785580701,0.462916145181477
"0.05,0.34",005_034,0.05,0.34,smallcut,2000,segment,B1B3_6040_segment.fcs,False,1.0,0.908824932421689
"0.05,0.34",005_034,0.05,0.34,smallcut,2000,bimix,B1B3_8020_bimix.fcs,False,0.822451343836886,0.377537559545621
"0.05,0.34",005_034,0.05,0.34,smallcut,2000,segment,B1B3_8515_segment.fcs,False,1.0,0.360474024331685
"0.05,0.34",005_034,0.05,0.34,smallcut,2000,segment,B3B05_9010_segment.fcs,False,1.0,0.3329922786057
"0.05,0.34",005_034,0.05,0.34,smallcut,2000,segment,B3B1_4060_segment.fcs,False,1.0,0.923047912713473
"0.05,0.34",005_034,0.05,0.34,smallcut,2000,segment,B3B1_8020_segment.fcs,False,1.0,0.538194031119803
"0.05,0.34",005_034,0.05,0.34,smallcut,2000,segment,C05C1_1090_segment.fcs,False,1.0,0.423779254550708
"0.05,0.34",005_034,0.05,0.34,smallcut,2000,segment,C05C1_1585_segment.fcs,False,1.0,0.514139288002196
"0.05,0.34",005_034,0.05,0.34,smallcut,2000,bimix,C05C1_8515_bimix.fcs,False,0.901694103055587,0.368154761904762
"0.05,0.34",005_034,0.05,0.34,smallcut,2000,segment,C05C3_1585_segment.fcs,False,1.0,0.46899289727975
"0.05,0.34",005_034,0.05,0.34,smallcut,2000,segment,C05C3_3565_segment.fcs,False,1.0,0.867252949852507
"0.05,0.34",005_034,0.05,0.34,smallcut,2000,bimix,C05C3_7030_bimix.fcs,False,0.719763078461276,0.617575757575758
"0.05,0.34",005_034,0.05,0.34,smallcut,2000,bimix,C05C3_8515_bimix.fcs,False,0.983588588588589,0.570489788199697
"0.05,0.34",005_034,0.05,0.34,smallcut,2000,segment,C05C3_9010_segment.fcs,False,0.998317086336646,0.269747807017544
"0.05,0.34",005_034,0.05,0.34,smallcut,2000,segment,C1C05_3070_segment.fcs,False,0.973862960066498,0.778350515463918
"0.05,0.34",005_034,0.05,0.34,smallcut,2000,bimix,C1C05_4060_bimix.fcs,False,0.639139114160948,0.63906955390619
"0.05,0.34",005_034,0.05,0.34,smallcut,2000,bimix,C1C05_6040_bimix.fcs,False,0.608343671316017,0.460366197183099
"0.05,0.34",005_034,0.05,0.34,smallcut,2000,segment,C1C05_9010_segment.fcs,False,1.0,0.335552505147563
"0.05,0.34",005_034,0.05,0.34,smallcut,2000,trimix,C1C3C05_106030_trimix.fcs,False,0.622926574217407,0.639769230769231
"0.05,0.34",005_034,0.05,0.34,smallcut,2000,trimix,C1C3C05_352045_trimix.fcs,False,0.468154075030648,0.763255813953488
"0.05,0.34",005_034,0.05,0.34,smallcut,2000,trimix,C1C3C05_353530_trimix.fcs,False,0.69874137015401,0.269747732238628
"0.05,0.34",005_034,0.05,0.34,smallcut,2000,trimix,C1C3C05_801010_trimix.fcs,False,0.822703581533282,0.357945205479452
"0.05,0.34",005_034,0.05,0.34,smallcut,2000,bimix,C1C3_1090_bimix.fcs,False,0.916386835079072,0.266878441781001
"0.05,0.34",005_034,0.05,0.34,smallcut,2000,segment,C1C3_2575_segment.fcs,False,1.0,0.717234594085071
"0.05,0.34",005_034,0.05,0.34,smallcut,2000,segment,C1C3_4555_segment.fcs,False,0.572454859197486,0.866666666666667
"0.05,0.34",005_034,0.05,0.34,smallcut,2000,segment,C1C3_7525_segment.fcs,False,1.0,0.642736917270223
"0.05,0.34",005_034,0.05,0.34,smallcut,2000,bimix,C3C05_4060_bimix.fcs,False,0.620694108151735,0.783255164155274
"0.05,0.34",005_034,0.05,0.34,smallcut,2000,segment,C3C05_4555_segment.fcs,False,0.958653339869637,0.932475884244373
"0.05,0.34",005_034,0.05,0.34,smallcut,2000,trimix,C3C1C05_101080_trimix.fcs,False,0.928113317556676,0.693597359735974
"0.05,0.34",005_034,0.05,0.34,smallcut,2000,trimix,C3C1C05_107020_trimix.fcs,False,0.717414898750045,0.472152777777778
"0.05,0.34",005_034,0.05,0.34,smallcut,2000,trimix,C3C1C05_204040_trimix.fcs,False,0.801694616409372,0.21765306122449
"0.05,0.34",005_034,0.05,0.34,smallcut,2000,trimix,C3C1C05_301555_trimix.fcs,False,0.575502559494361,0.773782051282051
"0.05,0.34",005_034,0.05,0.34,smallcut,2000,bimix,C3C1_3565_bimix.fcs,False,0.650128943857743,0.355892857142857
"0.05,0.34",005_034,0.05,0.34,smallcut,2000,bimix,C3C1_8020_bimix.fcs,False,0.820656270305393,0.346711386909705
"0.1,0.2",01_02,0.1,0.2,largecut,5000,trimix,A05A1A3_157510_trimix.fcs,False,0.997196969010306,0.668897849462366
"0.1,0.2",01_02,0.1,0.2,largecut,5000,trimix,A05A1A3_306010_trimix.fcs,False,0.709748999636231,0.805510752688172
"0.1,0.2",01_02,0.1,0.2,largecut,5000,trimix,A05A1A3_601030_trimix.fcs,False,0.816979624450659,0.948585858585859
"0.1,0.2",01_02,0.1,0.2,largecut,5000,bimix,A05A1_2080_bimix.fcs,False,0.989668204412028,0.620175953079179
"0.1,0.2",01_02,0.1,0.2,largecut,5000,bimix,A05A1_2575_bimix.fcs,False,0.965885059110929,0.887839831401475
"0.1,0.2",01_02,0.1,0.2,largecut,5000,bimix,A05A1_3070_bimix.fcs,False,0.788344451932047,0.781910112359551
"0.1,0.2",01_02,0.1,0.2,largecut,5000,bimix,A05A1_4060_bimix.fcs,False,0.603266906239791,0.423148148148148
"0.1,0.2",01_02,0.1,0.2,largecut,5000,segment,A05A1_4555_segment.fcs,False,0.567556179775281,0.675
"0.1,0.2",01_02,0.1,0.2,largecut,5000,trimix,A05A3A1_454510_trimix.fcs,False,0.964245930246456,0.666940928270042
"0.1,0.2",01_02,0.1,0.2,largecut,5000,bimix,A05A3_1090_bimix.fcs,False,1.0,0.325434782608696
"0.1,0.2",01_02,0.1,0.2,largecut,5000,bimix,A05A3_2575_bimix.fcs,False,0.959313585872971,0.752667578659371
"0.1,0.2",01_02,0.1,0.2,largecut,5000,segment,A05A3_4060_segment.fcs,False,1.0,0.87900466562986
"0.1,0.2",01_02,0.1,0.2,largecut,5000,bimix,A05A3_6040_bimix.fcs,False,0.627230137500825,0.926470588235294
"0.1,0.2",01_02,0.1,0.2,largecut,5000,bimix,A05A3_8020_bimix.fcs,False,1.0,0.637384428223844
"0.1,0.2",01_02,0.1,0.2,largecut,5000,segment,A05A3_8515_segment.fcs,False,0.998280892092565,0.575568783068783
"0.1,0.2",01_02,0.1,0.2,largecut,5000,segment,A1A05_4060_segment.fcs,False,0.953950510729937,0.880546075085324
"0.1,0.2",01_02,0.1,0.2,largecut,5000,segment,A1A05_5545_segment.fcs,False,0.992265114110488,0.966675977653631
"0.1,0.2",01_02,0.1,0.2,largecut,5000,trimix,A1A3A05_551035_trimix.fcs,False,0.616106237816764,0.879155066227959
"0.1,0.2",01_02,0.1,0.2,largecut,5000,trimix,A1A3A05_651025_trimix.fcs,False,0.747793977456609,0.656132653061224
"0.1,0.2",01_02,0.1,0.2,largecut,5000,trimix,A1A3A05_651520_trimix.fcs,False,0.789357917570499,0.901905749325512
"0.1,0.2",01_02,0.1,0.2,largecut,5000,bimix,A1A3_1090_bimix.fcs,False,1.0,0.297244736842105
"0.1,0.2",01_02,0.1,0.2,largecut,5000,bimix,A1A3_1585_bimix.fcs,False,0.930868029029794,0.486719681908549
"0.1,0.2",01_02,0.1,0.2,largecut,5000,segment,A1A3_7525_segment.fcs,False,1.0,0.594829924591765
"0.1,0.2",01_02,0.1,0.2,largecut,5000,segment,A1A3_8020_segment.fcs,False,1.0,0.496187351510352
"0.1,0.2",01_02,0.1,0.2,largecut,5000,bimix,A1A3_9010_bimix.fcs,False,1.0,0.557424242424242
"0.1,0.2",01_02,0.1,0.2,largecut,5000,segment,A3A05_1090_segment.fcs,False,1.0,0.296272264631043
"0.1,0.2",01_02,0.1,0.2,largecut,5000,segment,A3A05_7030_segment.fcs,False,1.0,0.689844377443946
"0.1,0.2",01_02,0.1,0.2,largecut,5000,trimix,A3A1A05_103555_trimix.fcs,False,0.654068263143408,0.875822072072072
"0.1,0.2",01_02,0.1,0.2,largecut,5000,segment,A3A1_1090_segment.fcs,False,1.0,0.321880660299687
"0.1,0.2",01_02,0.1,0.2,largecut,5000,segment,A3A1_2575_segment.fcs,False,1.0,0.815562798783138
"0.1,0.2",01_02,0.1,0.2,largecut,5000,bimix,B05B1_3070_bimix.fcs,False,0.711803176580505,0.434397163120567
"0.1,0.2",01_02,0.1,0.2,largecut,5000,segment,B05B1_3565_segment.fcs,False,1.0,0.889506604506604
"0.1,0.2",01_02,0.1,0.2,largecut,5000,segment,B05B1_6535_segment.fcs,False,0.932067963617989,0.970238095238095
"0.1,0.2",01_02,0.1,0.2,largecut,5000,bimix,B05B1_7030_bimix.fcs,False,0.743422025129342,0.707986111111111
"0.1,0.2",01_02,0.1,0.2,largecut,5000,trimix,B05B3B1_151570_trimix.fcs,False,0.925499231950845,0.726744186046512
"0.1,0.2",01_02,0.1,0.2,largecut,5000,trimix,B05B3B1_751510_trimix.fcs,False,0.978842342342342,0.860207304915985
"0.1,0.2",01_02,0.1,0.2,largecut,5000,segment,B05B3_5545_segment.fcs,False,0.955607993197279,0.97680698441098
"0.1,0.2",01_02,0.1,0.2,largecut,5000,bimix,B05B3_7030_bimix.fcs,False,0.922491039426523,0.951706036745407
"0.1,0.2",01_02,0.1,0.2,largecut,5000,segment,B1B05_2575_segment.fcs,False,1.0,0.862518518518519
"0.1,0.2",01_02,0.1,0.2,largecut,5000,bimix,B1B05_4555_bimix.fcs,False,0.602760570091838,0.865330490405117
"0.1,0.2",01_02,0.1,0.2,largecut,5000,bimix,B1B05_7525_bimix.fcs,False,0.820822583192923,0.568417159763314
"0.1,0.2",01_02,0.1,0.2,largecut,5000,bimix,B1B3_2080_bimix.fcs,False,0.872569895233329,0.63015047879617
"0.1,0.2",01_02,0.1,0.2,largecut,5000,segment,B1B3_7030_segment.fcs,False,1.0,0.821565801287233
"0.1,0.2",01_02,0.1,0.2,largecut,5000,trimix,B3B05B1_652510_trimix.fcs,False,0.672099958511075,0.796805555555556
"0.1,0.2",01_02,0.1,0.2,largecut,5000,trimix,B3B05B1_801010_trimix.fcs,False,0.87158868512143,0.585275919732441
"0.1,0.2",01_02,0.1,0.2,largecut,5000,segment,B3B05_2080_segment.fcs,False,1.0,0.606458333333333
"0.1,0.2",01_02,0.1,0.2,largecut,5000,bimix,B3B05_3565_bimix.fcs,False,0.796968064036086,0.921972222222222
"0.1,0.2",01_02,0.1,0.2,largecut,5000,segment,B3B05_6040_segment.fcs,False,1.0,0.919747235387046
"0.1,0.2",01_02,0.1,0.2,largecut,5000,bimix,B3B05_6535_bimix.fcs,False,0.682927689594356,0.937106918238994
"0.1,0.2",01_02,0.1,0.2,largecut,5000,bimix,B3B05_7525_bimix.fcs,False,0.953355496453901,0.82593903786281
"0.1,0.2",01_02,0.1,0.2,largecut,5000,segment,B3B05_8020_segment.fcs,False,1.0,0.591933815925543
"0.1,0.2",01_02,0.1,0.2,largecut,5000,trimix,B3B1B05_204535_trimix.fcs,False,0.48574297188755,0.933921568627451
"0.1,0.2",01_02,0.1,0.2,largecut,5000,trimix,B3B1B05_253540_trimix.fcs,False,0.410973437914441,0.844177777777778
"0.1,0.2",01_02,0.1,0.2,largecut,5000,trimix,B3B1B05_503515_trimix.fcs,False,0.504631611128095,0.568243243243243
"0.1,0.2",01_02,0.1,0.2,largecut,5000,trimix,B3B1B05_651025_trimix.fcs,False,0.670178128937813,0.833333333333333
"0.1,0.2",01_02,0.1,0.2,largecut,5000,segment,B3B1_1090_segment.fcs,False,1.0,0.341151515151515
"0.1,0.2",01_02,0.1,0.2,largecut,5000,bimix,B3B1_1585_bimix.fcs,False,1.0,0.545814389724351
"0.1,0.2",01_02,0.1,0.2,largecut,5000,bimix,B3B1_2575_bimix.fcs,False,0.862443634108694,0.696401337792642
"0.1,0.2",01_02,0.1,0.2,largecut,5000,segment,B3B1_5545_segment.fcs,False,0.994778304517568,1.0
"0.1,0.2",01_02,0.1,0.2,largecut,5000,bimix,B3B1_6040_bimix.fcs,False,0.599075043630017,0.350128668929251
"0.1,0.2",01_02,0.1,0.2,largecut,5000,segment,B3B1_8020_segment.fcs,False,1.0,0.558617950754567
"0.1,0.2",01_02,0.1,0.2,largecut,5000,bimix,C05C1_7030_bimix.fcs,False,0.893391203703704,0.953291119449656
"0.1,0.2",01_02,0.1,0.2,largecut,5000,bimix,C05C1_7525_bimix.fcs,False,0.969837576421206,0.858383838383838
"0.1,0.2",01_02,0.1,0.2,largecut,5000,bimix,C05C3_8515_bimix.fcs,False,1.0,0.58614406779661
"0.1,0.2",01_02,0.1,0.2,largecut,5000,segment,C1C05_1585_segment.fcs,False,1.0,0.549007936507937
"0.1,0.2",01_02,0.1,0.2,largecut,5000,bimix,C1C05_2080_bimix.fcs,False,0.991130820399113,0.829197080291971
"0.1,0.2",01_02,0.1,0.2,largecut,5000,bimix,C1C05_3070_bimix.fcs,False,0.755609012615458,0.619324894514768
"0.1,0.2",01_02,0.1,0.2,largecut,5000,segment,C1C05_4060_segment.fcs,False,1.0,0.969690785405071
"0.1,0.2",01_02,0.1,0.2,largecut,5000,segment,C1C05_5545_segment.fcs,False,0.993038777032066,0.968577064748704
"0.1,0.2",01_02,0.1,0.2,largecut,5000,trimix,C1C3C05_107515_trimix.fcs,False,0.913360107095047,0.659032396481442
"0.1,0.2",01_02,0.1,0.2,largecut,5000,trimix,C1C3C05_205525_trimix.fcs,False,0.60517067159581,0.985282161645146
"0.1,0.2",01_02,0.1,0.2,largecut,5000,trimix,C1C3C05_302545_trimix.fcs,False,0.45616048862679,0.68
"0.1,0.2",01_02,0.1,0.2,largecut,5000,trimix,C1C3C05_452035_trimix.fcs,False,0.463875578956433,0.966898148148148
"0.1,0.2",01_02,0.1,0.2,largecut,5000,bimix,C1C3_1090_bimix.fcs,False,1.0,0.343696210661529
"0.1,0.2",01_02,0.1,0.2,largecut,5000,bimix,C1C3_3070_bimix.fcs,False,0.724107592602295,0.824954751131222
"0.1,0.2",01_02,0.1,0.2,largecut,5000,trimix,C3C05C1_101080_trimix.fcs,False,0.962875281679527,0.618225578102879
"0.1,0.2",01_02,0.1,0.2,largecut,5000,trimix,C3C05C1_651025_trimix.fcs,False,0.675920122745025,0.992526743663853
"0.1,0.2",01_02,0.1,0.2,largecut,5000,segment,C3C05_1090_segment.fcs,False,1.0,0.366755162241888
"0.1,0.2",01_02,0.1,0.2,largecut,5000,segment,C3C05_1585_segment.fcs,False,1.0,0.532115384615385
"0.1,0.2",01_02,0.1,0.2,largecut,5000,segment,C3C05_2575_segment.fcs,False,1.0,0.56006006006006
"0.1,0.2",01_02,0.1,0.2,largecut,5000,bimix,C3C05_6535_bimix.fcs,False,0.660125587436761,0.733333333333333
"0.1,0.2",01_02,0.1,0.2,largecut,5000,bimix,C3C05_9010_bimix.fcs,False,1.0,0.348519977856654
"0.1,0.2",01_02,0.1,0.2,largecut,5000,segment,C3C05_9010_segment.fcs,False,1.0,0.254185374115572
"0.1,0.2",01_02,0.1,0.2,largecut,5000,trimix,C3C1C05_104545_trimix.fcs,False,0.963201913656212,0.58452736318408
"0.1,0.2",01_02,0.1,0.2,largecut,5000,trimix,C3C1C05_403525_trimix.fcs,False,0.40657153708426,0.916666666666667
"0.1,0.2",01_02,0.1,0.2,largecut,5000,segment,C3C1_1585_segment.fcs,False,1.0,0.757360782375738
"0.1,0.2",01_02,0.1,0.2,largecut,5000,segment,C3C1_3070_segment.fcs,False,1.0,0.838657914403383
"0.1,0.2",01_02,0.1,0.2,largecut,5000,bimix,C3C1_4060_bimix.fcs,False,0.605894866205871,0.594148606811146
"0.1,0.2",01_02,0.1,0.2,largecut,5000,segment,C3C1_4555_segment.fcs,False,0.542798917644828,0.0
"0.1,0.2",01_02,0.1,0.2,largecut,5000,segment,C3C1_9010_segment.fcs,False,1.0,0.262340682865619
"0.1,0.2",01_02,0.1,0.2,smallcut,2000,trimix,A05A1A3_405010_trimix.fcs,False,0.508644208203351,0.677937062937063
"0.1,0.2",01_02,0.1,0.2,smallcut,2000,segment,A05A1_1090_segment.fcs,False,1.0,0.344644628099174
"0.1,0.2",01_02,0.1,0.2,smallcut,2000,segment,A05A1_1585_segment.fcs,False,1.0,0.551841948900772
"0.1,0.2",01_02,0.1,0.2,smallcut,2000,bimix,A05A1_3565_bimix.fcs,False,0.661792757260667,0.510439024390244
"0.1,0.2",01_02,0.1,0.2,smallcut,2000,bimix,A05A1_4555_bimix.fcs,False,0.544475971082893,0.390677083333333
"0.1,0.2",01_02,0.1,0.2,smallcut,2000,bimix,A05A1_5545_bimix.fcs,False,0.562634869294456,0.590212765957447
"0.1,0.2",01_02,0.1,0.2,smallcut,2000,bimix,A05A1_7030_bimix.fcs,False,0.739667282809612,0.724158298877732
"0.1,0.2",01_02,0.1,0.2,smallcut,2000,segment,A05A1_9010_segment.fcs,False,0.998609421171563,0.591168831168831
"0.1,0.2",01_02,0.1,0.2,smallcut,2000,bimix,A05A3_1585_bimix.fcs,False,0.874972222222222,0.409808948804896
"0.1,0.2",01_02,0.1,0.2,smallcut,2000,bimix,A05A3_2080_bimix.fcs,False,0.819041235019297,0.497426394893967
"0.1,0.2",01_02,0.1,0.2,smallcut,2000,segment,A05A3_3565_segment.fcs,False,1.0,0.753286524341483
"0.1,0.2",01_02,0.1,0.2,smallcut,2000,bimix,A05A3_7525_bimix.fcs,False,0.866713023810252,0.688908045977011
"0.1,0.2",01_02,0.1,0.2,smallcut,2000,bimix,A05A3_9010_bimix.fcs,False,0.998185552892845,0.398645833333333
"0.1,0.2",01_02,0.1,0.2,smallcut,2000,segment,A05A3_9010_segment.fcs,False,0.999542692885608,0.29093984962406
"0.1,0.2",01_02,0.1,0.2,smallcut,2000,trimix,A1A05A3_501535_trimix.fcs,False,0.504820310574316,0.631428571428571
"0.1,0.2",01_02,0.1,0.2,smallcut,2000,segment,A1A05_4555_segment.fcs,False,0.644487701761747,0.920634920634921
"0.1,0.2",01_02,0.1,0.2,smallcut,2000,trimix,A1A3A05_106525_trimix.fcs,False,0.657049755735796,0.463293650793651
"0.1,0.2",01_02,0.1,0.2,smallcut,2000,trimix,A1A3A05_252055_trimix.fcs,False,0.583241900860073,0.929552845528455
"0.1,0.2",01_02,0.1,0.2,smallcut,2000,segment,A1A3_3070_segment.fcs,False,1.0,0.923813446404075
"0.1,0.2",01_02,0.1,0.2,smallcut,2000,segment,A1A3_5545_segment.fcs,False,0.820236185383244,0.969178609955309
"0.1,0.2",01_02,0.1,0.2,smallcut,2000,bimix,A1A3_6040_bimix.fcs,False,0.621819642403587,0.604429824561403
"0.1,0.2",01_02,0.1,0.2,smallcut,2000,bimix,A1A3_7525_bimix.fcs,False,0.789501667088377,0.570989583333333
"0.1,0.2",01_02,0.1,0.2,smallcut,2000,trimix,A3A05A1_454510_trimix.fcs,False,0.897984734057591,0.0823859649122807
"0.1,0.2",01_02,0.1,0.2,smallcut,2000,segment,A3A05_1585_segment.fcs,False,1.0,0.710129449838188
"0.1,0.2",01_02,0.1,0.2,smallcut,2000,trimix,A3A1A05_106525_trimix.fcs,False,0.662940456489921,0.452615546218487
"0.1,0.2",01_02,0.1,0.2,smallcut,2000,trimix,A3A1A05_305020_trimix.fcs,False,0.507081536249743,0.596881536413767
"0.1,0.2",01_02,0.1,0.2,smallcut,2000,trimix,A3A1A05_502525_trimix.fcs,False,0.490241099710784,0.359597523219814
"0.1,0.2",01_02,0.1,0.2,smallcut,2000,segment,A3A1_1090_segment.fcs,False,1.0,0.298699507590462
"0.1,0.2",01_02,0.1,0.2,smallcut,2000,segment,B05B1_4060_segment.fcs,False,0.974858437146093,0.978165938864629
"0.1,0.2",01_02,0.1,0.2,smallcut,2000,bimix,B05B1_6040_bimix.fcs,False,0.610706206053195,0.557747747747748
"0.1,0.2",01_02,0.1,0.2,smallcut,2000,bimix,B05B1_6535_bimix.fcs,False,0.683922576235575,0.649083333333333
"0.1,0.2",01_02,0.1,0.2,smallcut,2000,bimix,B05B1_7525_bimix.fcs,False,0.805575538234487,0.674435028248588
"0.1,0.2",01_02,0.1,0.2,smallcut,2000,segment,B05B1_8515_segment.fcs,False,1.0,0.552246354031409
"0.1,0.2",01_02,0.1,0.2,smallcut,2000,segment,B05B3_1090_segment.fcs,False,1.0,0.310034003593785
"0.1,0.2",01_02,0.1,0.2,smallcut,2000,segment,B05B3_2080_segment.fcs,False,1.0,0.669473684210526
"0.1,0.2",01_02,0.1,0.2,smallcut,2000,segment,B05B3_4060_segment.fcs,False,1.0,0.916129032258065
"0.1,0.2",01_02,0.1,0.2,smallcut,2000,bimix,B05B3_6040_bimix.fcs,False,0.622809242040011,0.70710283204604
"0.1,0.2",01_02,0.1,0.2,smallcut,2000,bimix,B05B3_7525_bimix.fcs,False,0.784665052461663,0.521491782553729
"0.1,0.2",01_02,0.1,0.2,smallcut,2000,bimix,B05B3_9010_bimix.fcs,False,1.0,0.436907216494845
"0.1,0.2",01_02,0.1,0.2,smallcut,2000,trimix,B1B05B3_103060_trimix.fcs,False,0.607131878266216,0.496666666666667
"0.1,0.2",01_02,0.1,0.2,smallcut,2000,trimix,B1B05B3_205030_trimix.fcs,False,0.516093521183659,0.775930735930736
"0.1,0.2",01_02,0.1,0.2,smallcut,2000,trimix,B1B05B3_355510_trimix.fcs,False,0.585086401754195,0.742009803921569
"0.1,0.2",01_02,0.1,0.2,smallcut,2000,segment,B1B05_7525_segment.fcs,False,1.0,0.81390977443609
"0.1,0.2",01_02,0.1,0.2,smallcut,2000,trimix,B1B3B05_101080_trimix.fcs,False,0.891611993710351,0.67534632034632
"0.1,0.2",01_02,0.1,0.2,smallcut,2000,trimix,B1B3B05_302545_trimix.fcs,False,0.478485644346984,0.905079365079365
"0.1,0.2",01_02,0.1,0.2,smallcut,2000,trimix,B1B3B05_504010_trimix.fcs,False,0.502340290381125,0.538112635066101
"0.1,0.2",01_02,0.1,0.2,smallcut,2000,trimix,B1B3B05_651025_trimix.fcs,False,0.665250645994832,0.49225931301403
"0.1,0.2",01_02,0.1,0.2,smallcut,2000,bimix,B1B3_1585_bimix.fcs,False,0.858726473394462,0.258732954545455
"0.1,0.2",01_02,0.1,0.2,smallcut,2000,bimix,B1B3_5545_bimix.fcs,False,0.55066188127347,0.459493464052288
"0.1,0.2",01_02,0.1,0.2,smallcut,2000,segment,B1B3_6040_segment.fcs,False,0.977066592261905,0.918197272390301
"0.1,0.2",01_02,0.1,0.2,smallcut,2000,bimix,B1B3_8020_bimix.fcs,False,0.821675447839831,0.421625365553332
"0.1,0.2",01_02,0.1,0.2,smallcut,2000,segment,B1B3_8515_segment.fcs,False,1.0,0.480624398254265
"0.1,0.2",01_02,0.1,0.2,smallcut,2000,segment,B3B05_9010_segment.fcs,False,1.0,0.285384384956837
"0.1,0.2",01_02,0.1,0.2,smallcut,2000,segment,B3B1_4060_segment.fcs,False,1.0,0.926784948797333
"0.1,0.2",01_02,0.1,0.2,smallcut,2000,segment,B3B1_8020_segment.fcs,False,1.0,0.538194031119803
"0.1,0.2",01_02,0.1,0.2,smallcut,2000,segment,C05C1_1090_segment.fcs,False,1.0,0.521771611526147
"0.1,0.2",01_02,0.1,0.2,smallcut,2000,segment,C05C1_1585_segment.fcs,False,1.0,0.505376089539943
"0.1,0.2",01_02,0.1,0.2,smallcut,2000,bimix,C05C1_8515_bimix.fcs,False,0.881297874635883,0.320441176470588
"0.1,0.2",01_02,0.1,0.2,smallcut,2000,segment,C05C3_1585_segment.fcs,False,1.0,0.40947043687478
"0.1,0.2",01_02,0.1,0.2,smallcut,2000,segment,C05C3_3565_segment.fcs,False,1.0,0.874996279761905
"0.1,0.2",01_02,0.1,0.2,smallcut,2000,bimix,C05C3_7030_bimix.fcs,False,0.718504686904769,0.682564102564103
"0.1,0.2",01_02,0.1,0.2,smallcut,2000,bimix,C05C3_8515_bimix.fcs,False,0.962260869565217,0.56292662116041
"0.1,0.2",01_02,0.1,0.2,smallcut,2000,segment,C05C3_9010_segment.fcs,False,0.998413791039416,0.301482843137255
"0.1,0.2",01_02,0.1,0.2,smallcut,2000,segment,C1C05_3070_segment.fcs,False,0.770367900411248,0.612244897959184
"0.1,0.2",01_02,0.1,0.2,smallcut,2000,bimix,C1C05_4060_bimix.fcs,False,0.639277864992151,0.629137854936001
"0.1,0.2",01_02,0.1,0.2,smallcut,2000,bimix,C1C05_6040_bimix.fcs,False,0.594959741102282,0.354406779661017
"0.1,0.2",01_02,0.1,0.2,smallcut,2000,segment,C1C05_9010_segment.fcs,False,1.0,0.469644572526417
"0.1,0.2",01_02,0.1,0.2,smallcut,2000,trimix,C1C3C05_106030_trimix.fcs,False,0.62494785508172,0.741577909270217
"0.1,0.2",01_02,0.1,0.2,smallcut,2000,trimix,C1C3C05_352045_trimix.fcs,False,0.466970372510381,0.784294294294294
"0.1,0.2",01_02,0.1,0.2,smallcut,2000,trimix,C1C3C05_353530_trimix.fcs,False,0.700414021164021,0.312668758665986
"0.1,0.2",01_02,0.1,0.2,smallcut,2000,trimix,C1C3C05_801010_trimix.fcs,False,0.820157443328851,0.445926573426573
"0.1,0.2",01_02,0.1,0.2,smallcut,2000,bimix,C1C3_1090_bimix.fcs,False,0.916128314106456,0.296196755187641
"0.1,0.2",01_02,0.1,0.2,smallcut,2000,segment,C1C3_2575_segment.fcs,False,1.0,0.73498792562183
"0.1,0.2",01_02,0.1,0.2,smallcut,2000,segment,C1C3_4555_segment.fcs,False,0.561146916762451,0.823529411764706
"0.1,0.2",01_02,0.1,0.2,smallcut,2000,segment,C1C3_7525_segment.fcs,False,1.0,0.688851231311668
"0.1,0.2",01_02,0.1,0.2,smallcut,2000,bimix,C3C05_4060_bimix.fcs,False,0.624968306800956,0.840285714285714
"0.1,0.2",01_02,0.1,0.2,smallcut,2000,segment,C3C05_4555_segment.fcs,False,0.933763831167692,0.939597315436242
"0.1,0.2",01_02,0.1,0.2,smallcut,2000,trimix,C3C1C05_101080_trimix.fcs,False,0.906362007168459,0.686136363636364
"0.1,0.2",01_02,0.1,0.2,smallcut,2000,trimix,C3C1C05_107020_trimix.fcs,False,0.715966518102753,0.530970394736842
"0.1,0.2",01_02,0.1,0.2,smallcut,2000,trimix,C3C1C05_204040_trimix.fcs,False,0.794669200662351,0.0988214285714286
"0.1,0.2",01_02,0.1,0.2,smallcut,2000,trimix,C3C1C05_301555_trimix.fcs,False,0.565598225589589,0.771010101010101
"0.1,0.2",01_02,0.1,0.2,smallcut,2000,bimix,C3C1_3565_bimix.fcs,False,0.652309957456686,0.392578125
"0.1,0.2",01_02,0.1,0.2,smallcut,2000,bimix,C3C1_8020_bimix.fcs,False,0.817499643213929,0.404400560396073
"0.1,0.34",01_034,0.1,0.34,largecut,5000,trimix,A05A1A3_157510_trimix.fcs,False,0.997472979074332,0.651423766816143
"0.1,0.34",01_034,0.1,0.34,largecut,5000,trimix,A05A1A3_306010_trimix.fcs,False,0.712389380530973,0.790268886043534
"0.1,0.34",01_034,0.1,0.34,largecut,5000,trimix,A05A1A3_601030_trimix.fcs,False,0.814742309228925,0.942929292929293
"0.1,0.34",01_034,0.1,0.34,largecut,5000,bimix,A05A1_2080_bimix.fcs,False,0.989620588034624,0.623366093366093
"0.1,0.34",01_034,0.1,0.34,largecut,5000,bimix,A05A1_2575_bimix.fcs,False,0.965240457113788,0.841718281718282
"0.1,0.34",01_034,0.1,0.34,largecut,5000,bimix,A05A1_3070_bimix.fcs,False,0.792035880998228,0.795444444444444
"0.1,0.34",01_034,0.1,0.34,largecut,5000,bimix,A05A1_4060_bimix.fcs,False,0.602305665349144,0.415317286652079
"0.1,0.34",01_034,0.1,0.34,largecut,5000,segment,A05A1_4555_segment.fcs,False,0.570904304738309,0.75
"0.1,0.34",01_034,0.1,0.34,largecut,5000,trimix,A05A3A1_454510_trimix.fcs,False,0.965799823612137,0.697445887445887
"0.1,0.34",01_034,0.1,0.34,largecut,5000,bimix,A05A3_1090_bimix.fcs,False,1.0,0.330828729281768
"0.1,0.34",01_034,0.1,0.34,largecut,5000,bimix,A05A3_2575_bimix.fcs,False,0.958407337312564,0.715242118947026
"0.1,0.34",01_034,0.1,0.34,largecut,5000,segment,A05A3_4060_segment.fcs,False,1.0,0.824507658643326
"0.1,0.34",01_034,0.1,0.34,largecut,5000,bimix,A05A3_6040_bimix.fcs,False,0.630327814518884,0.936306306306306
"0.1,0.34",01_034,0.1,0.34,largecut,5000,bimix,A05A3_8020_bimix.fcs,False,0.99981274748999,0.651231343283582
"0.1,0.34",01_034,0.1,0.34,largecut,5000,segment,A05A3_8515_segment.fcs,False,0.998322638090056,0.619843304843305
"0.1,0.34",01_034,0.1,0.34,largecut,5000,segment,A1A05_4060_segment.fcs,False,0.589796381139874,0.25
"0.1,0.34",01_034,0.1,0.34,largecut,5000,segment,A1A05_5545_segment.fcs,False,0.992265114110488,0.966675977653631
"0.1,0.34",01_034,0.1,0.34,largecut,5000,trimix,A1A3A05_551035_trimix.fcs,False,0.616535087719298,0.881939171517759
"0.1,0.34",01_034,0.1,0.34,largecut,5000,trimix,A1A3A05_651025_trimix.fcs,False,0.746640997129894,0.61389400921659
"0.1,0.34",01_034,0.1,0.34,largecut,5000,trimix,A1A3A05_651520_trimix.fcs,False,0.782658064516129,0.89878809090208
"0.1,0.34",01_034,0.1,0.34,largecut,5000,bimix,A1A3_1090_bimix.fcs,False,1.0,0.307155346590925
"0.1,0.34",01_034,0.1,0.34,largecut,5000,bimix,A1A3_1585_bimix.fcs,False,0.930722488038278,0.482499014584155
"0.1,0.34",01_034,0.1,0.34,largecut,5000,segment,A1A3_7525_segment.fcs,False,1.0,0.594829924591765
"0.1,0.34",01_034,0.1,0.34,largecut,5000,segment,A1A3_8020_segment.fcs,False,1.0,0.45469122576632
"0.1,0.34",01_034,0.1,0.34,largecut,5000,bimix,A1A3_9010_bimix.fcs,False,1.0,0.512227682227682
"0.1,0.34",01_034,0.1,0.34,largecut,5000,segment,A3A05_1090_segment.fcs,False,1.0,0.318128415300546
"0.1,0.34",01_034,0.1,0.34,largecut,5000,segment,A3A05_7030_segment.fcs,False,1.0,0.676484448633365
"0.1,0.34",01_034,0.1,0.34,largecut,5000,trimix,A3A1A05_103555_trimix.fcs,False,0.654578845622756,0.870811111111111
"0.1,0.34",01_034,0.1,0.34,largecut,5000,segment,A3A1_1090_segment.fcs,False,1.0,0.452508753146792
"0.1,0.34",01_034,0.1,0.34,largecut,5000,segment,A3A1_2575_segment.fcs,False,1.0,0.784535953177258
"0.1,0.34",01_034,0.1,0.34,largecut,5000,bimix,B05B1_3070_bimix.fcs,False,0.716953473550032,0.449859154929577
"0.1,0.34",01_034,0.1,0.34,largecut,5000,segment,B05B1_3565_segment.fcs,False,1.0,0.870897679726132
"0.1,0.34",01_034,0.1,0.34,largecut,5000,segment,B05B1_6535_segment.fcs,False,0.982606255469731,0.973262032085562
"0.1,0.34",01_034,0.1,0.34,largecut,5000,bimix,B05B1_7030_bimix.fcs,False,0.752916666666667,0.694632768361582
"0.1,0.34",01_034,0.1,0.34,largecut,5000,trimix,B05B3B1_151570_trimix.fcs,False,0.92147619047619,0.729059040590406
"0.1,0.34",01_034,0.1,0.34,largecut,5000,trimix,B05B3B1_751510_trimix.fcs,False,0.980138888888889,0.806943837596209
"0.1,0.34",01_034,0.1,0.34,largecut,5000,segment,B05B3_5545_segment.fcs,False,0.955870667793745,0.984417521384169
"0.1,0.34",01_034,0.1,0.34,largecut,5000,bimix,B05B3_7030_bimix.fcs,False,0.926486486486486,0.949612403100775
"0.1,0.34",01_034,0.1,0.34,largecut,5000,segment,B1B05_2575_segment.fcs,False,1.0,0.762241424456664
"0.1,0.34",01_034,0.1,0.34,largecut,5000,bimix,B1B05_4555_bimix.fcs,False,0.599726090182898,0.816579476861167
"0.1,0.34",01_034,0.1,0.34,largecut,5000,bimix,B1B05_7525_bimix.fcs,False,0.814008343601007,0.512657967032967
"0.1,0.34",01_034,0.1,0.34,largecut,5000,bimix,B1B3_2080_bimix.fcs,False,0.874022602036051,0.606477018684497
"0.1,0.34",01_034,0.1,0.34,largecut,5000,segment,B1B3_7030_segment.fcs,False,1.0,0.769672028127528
"0.1,0.34",01_034,0.1,0.34,largecut,5000,trimix,B3B05B1_652510_trimix.fcs,False,0.675271421664226,0.77708984375
"0.1,0.34",01_034,0.1,0.34,largecut,5000,trimix,B3B05B1_801010_trimix.fcs,False,0.873981190897133,0.59307140887786
"0.1,0.34",01_034,0.1,0.34,largecut,5000,segment,B3B05_2080_segment.fcs,False,1.0,0.610699300699301
"0.1,0.34",01_034,0.1,0.34,largecut,5000,bimix,B3B05_3565_bimix.fcs,False,0.790544470892201,0.896972222222222
"0.1,0.34",01_034,0.1,0.34,largecut,5000,segment,B3B05_6040_segment.fcs,False,1.0,0.919747235387046
"0.1,0.34",01_034,0.1,0.34,largecut,5000,bimix,B3B05_6535_bimix.fcs,False,0.681725352112676,0.935064935064935
"0.1,0.34",01_034,0.1,0.34,largecut,5000,bimix,B3B05_7525_bimix.fcs,False,0.953355496453901,0.82593903786281
"0.1,0.34",01_034,0.1,0.34,largecut,5000,segment,B3B05_8020_segment.fcs,False,1.0,0.549328214971209
"0.1,0.34",01_034,0.1,0.34,largecut,5000,trimix,B3B1B05_204535_trimix.fcs,False,0.486942909760589,0.909498207885305
"0.1,0.34",01_034,0.1,0.34,largecut,5000,trimix,B3B1B05_253540_trimix.fcs,False,0.411712408272048,0.85017094017094
"0.1,0.34",01_034,0.1,0.34,largecut,5000,trimix,B3B1B05_503515_trimix.fcs,False,0.508740340030912,0.609593023255814
"0.1,0.34",01_034,0.1,0.34,largecut,5000,trimix,B3B1B05_651025_trimix.fcs,False,0.670178128937813,0.833333333333333
"0.1,0.34",01_034,0.1,0.34,largecut,5000,segment,B3B1_1090_segment.fcs,False,1.0,0.249070796460177
"0.1,0.34",01_034,0.1,0.34,largecut,5000,bimix,B3B1_1585_bimix.fcs,False,1.0,0.53559729198515
"0.1,0.34",01_034,0.1,0.34,largecut,5000,bimix,B3B1_2575_bimix.fcs,False,0.862743294079163,0.67424358974359
"0.1,0.34",01_034,0.1,0.34,largecut,5000,segment,B3B1_5545_segment.fcs,False,0.994778304517568,1.0
"0.1,0.34",01_034,0.1,0.34,largecut,5000,bimix,B3B1_6040_bimix.fcs,False,0.59684,0.268411389269373
"0.1,0.34",01_034,0.1,0.34,largecut,5000,segment,B3B1_8020_segment.fcs,False,1.0,0.523830016137708
"0.1,0.34",01_034,0.1,0.34,largecut,5000,bimix,C05C1_7030_bimix.fcs,False,0.891827586206897,0.968179634966378
"0.1,0.34",01_034,0.1,0.34,largecut,5000,bimix,C05C1_7525_bimix.fcs,False,0.971762026757757,0.783595890410959
"0.1,0.34",01_034,0.1,0.34,largecut,5000,bimix,C05C3_8515_bimix.fcs,False,1.0,0.536162790697674
"0.1,0.34",01_034,0.1,0.34,largecut,5000,segment,C1C05_1585_segment.fcs,False,1.0,0.532115384615385
"0.1,0.34",01_034,0.1,0.34,largecut,5000,bimix,C1C05_2080_bimix.fcs,False,0.985398230088496,0.816176470588235
"0.1,0.34",01_034,0.1,0.34,largecut,5000,bimix,C1C05_3070_bimix.fcs,False,0.79978431372549,0.693282832186751
"0.1,0.34",01_034,0.1,0.34,largecut,5000,segment,C1C05_4060_segment.fcs,False,1.0,0.969690785405071
"0.1,0.34",01_034,0.1,0.34,largecut,5000,segment,C1C05_5545_segment.fcs,False,0.993176169590643,0.99195466003969
"0.1,0.34",01_034,0.1,0.34,largecut,5000,trimix,C1C3C05_107515_trimix.fcs,False,0.916367313915858,0.656198140294497
"0.1,0.34",01_034,0.1,0.34,largecut,5000,trimix,C1C3C05_205525_trimix.fcs,False,0.606291358024691,0.985541461122856
"0.1,0.34",01_034,0.1,0.34,largecut,5000,trimix,C1C3C05_302545_trimix.fcs,False,0.460430683522606,0.709084967320261
"0.1,0.34",01_034,0.1,0.34,largecut,5000,trimix,C1C3C05_452035_trimix.fcs,False,0.470716331300877,0.943005952380952
"0.1,0.34",01_034,0.1,0.34,largecut,5000,bimix,C1C3_1090_bimix.fcs,False,1.0,0.336679354493693
"0.1,0.34",01_034,0.1,0.34,largecut,5000,bimix,C1C3_3070_bimix.fcs,False,0.731992829176223,0.825397923875433
"0.1,0.34",01_034,0.1,0.34,largecut,5000,trimix,C3C05C1_101080_trimix.fcs,False,0.962697014357531,0.610731934731935
"0.1,0.34",01_034,0.1,0.34,largecut,5000,trimix,C3C05C1_651025_trimix.fcs,False,0.67031328320802,0.877641703695676
"0.1,0.34",01_034,0.1,0.34,largecut,5000,segment,C3C05_1090_segment.fcs,False,1.0,0.280022522522523
"0.1,0.34",01_034,0.1,0.34,largecut,5000,segment,C3C05_1585_segment.fcs,False,1.0,0.601521739130435
"0.1,0.34",01_034,0.1,0.34,largecut,5000,segment,C3C05_2575_segment.fcs,False,1.0,0.672072072072072
"0.1,0.34",01_034,0.1,0.34,largecut,5000,bimix,C3C05_6535_bimix.fcs,False,0.665388048265685,0.782636363636364
"0.1,0.34",01_034,0.1,0.34,largecut,5000,bimix,C3C05_9010_bimix.fcs,False,1.0,0.348519977856654
"0.1,0.34",01_034,0.1,0.34,largecut,5000,segment,C3C05_9010_segment.fcs,False,1.0,0.324722816136838
"0.1,0.34",01_034,0.1,0.34,largecut,5000,trimix,C3C1C05_104545_trimix.fcs,False,0.9759906291834,0.557338741085938
"0.1,0.34",01_034,0.1,0.34,largecut,5000,trimix,C3C1C05_403525_trimix.fcs,False,0.40727865644872,0.923076923076923
"0.1,0.34",01_034,0.1,0.34,largecut,5000,segment,C3C1_1585_segment.fcs,False,1.0,0.494182987678626
"0.1,0.34",01_034,0.1,0.34,largecut,5000,segment,C3C1_3070_segment.fcs,False,1.0,0.811105096667407
"0.1,0.34",01_034,0.1,0.34,largecut,5000,bimix,C3C1_4060_bimix.fcs,False,0.601254155572012,0.463684210526316
"0.1,0.34",01_034,0.1,0.34,largecut,5000,segment,C3C1_4555_segment.fcs,False,0.541984583911493,0.0
"0.1,0.34",01_034,0.1,0.34,largecut,5000,segment,C3C1_9010_segment.fcs,False,1.0,0.264675883742695
"0.1,0.34",01_034,0.1,0.34,smallcut,2000,trimix,A05A1A3_405010_trimix.fcs,False,0.507739242187406,0.61625974025974
"0.1,0.34",01_034,0.1,0.34,smallcut,2000,segment,A05A1_1090_segment.fcs,False,1.0,0.440824524312896
"0.1,0.34",01_034,0.1,0.34,smallcut,2000,segment,A05A1_1585_segment.fcs,False,1.0,0.518362449070715
"0.1,0.34",01_034,0.1,0.34,smallcut,2000,bimix,A05A1_3565_bimix.fcs,False,0.65982995658466,0.468130434782609
"0.1,0.34",01_034,0.1,0.34,smallcut,2000,bimix,A05A1_4555_bimix.fcs,False,0.543314474035128,0.390219298245614
"0.1,0.34",01_034,0.1,0.34,smallcut,2000,bimix,A05A1_5545_bimix.fcs,False,0.567431861424794,0.600254237288136
"0.1,0.34",01_034,0.1,0.34,smallcut,2000,bimix,A05A1_7030_bimix.fcs,False,0.739207547169811,0.637643631655608
"0.1,0.34",01_034,0.1,0.34,smallcut,2000,segment,A05A1_9010_segment.fcs,False,0.998583569405099,0.541904761904762
"0.1,0.34",01_034,0.1,0.34,smallcut,2000,bimix,A05A3_1585_bimix.fcs,False,0.874384512683578,0.379214542528851
"0.1,0.34",01_034,0.1,0.34,smallcut,2000,bimix,A05A3_2080_bimix.fcs,False,0.815825163398693,0.426547613836973
"0.1,0.34",01_034,0.1,0.34,smallcut,2000,segment,A05A3_3565_segment.fcs,False,1.0,0.704623501144683
"0.1,0.34",01_034,0.1,0.34,smallcut,2000,bimix,A05A3_7525_bimix.fcs,False,0.868080335996463,0.633512820512821
"0.1,0.34",01_034,0.1,0.34,smallcut,2000,bimix,A05A3_9010_bimix.fcs,False,0.998185552892845,0.398645833333333
"0.1,0.34",01_034,0.1,0.34,smallcut,2000,segment,A05A3_9010_segment.fcs,False,0.999531678597712,0.278381294964029
"0.1,0.34",01_034,0.1,0.34,smallcut,2000,trimix,A1A05A3_501535_trimix.fcs,False,0.505417310279536,0.613477366255144
"0.1,0.34",01_034,0.1,0.34,smallcut,2000,segment,A1A05_4555_segment.fcs,False,0.558820556875032,0.678571428571429
"0.1,0.34",01_034,0.1,0.34,smallcut,2000,trimix,A1A3A05_106525_trimix.fcs,False,0.661679550979238,0.499756493506493
"0.1,0.34",01_034,0.1,0.34,smallcut,2000,trimix,A1A3A05_252055_trimix.fcs,False,0.589135487528345,0.938469731936801
"0.1,0.34",01_034,0.1,0.34,smallcut,2000,segment,A1A3_3070_segment.fcs,False,1.0,0.864781294354021
"0.1,0.34",01_034,0.1,0.34,smallcut,2000,segment,A1A3_5545_segment.fcs,False,0.81321365248227,0.963668448642757
"0.1,0.34",01_034,0.1,0.34,smallcut,2000,bimix,A1A3_6040_bimix.fcs,False,0.625924995558061,0.575419407894737
"0.1,0.34",01_034,0.1,0.34,smallcut,2000,bimix,A1A3_7525_bimix.fcs,False,0.794464866748654,0.504061302681992
"0.1,0.34",01_034,0.1,0.34,smallcut,2000,trimix,A3A05A1_454510_trimix.fcs,False,0.896695537950002,0.0751384615384615
"0.1,0.34",01_034,0.1,0.34,smallcut,2000,segment,A3A05_1585_segment.fcs,False,1.0,0.690031446540881
"0.1,0.34",01_034,0.1,0.34,smallcut,2000,trimix,A3A1A05_106525_trimix.fcs,False,0.671091108689797,0.496484962406015
"0.1,0.34",01_034,0.1,0.34,smallcut,2000,trimix,A3A1A05_305020_trimix.fcs,False,0.512556842556843,0.603846086971641
"0.1,0.34",01_034,0.1,0.34,smallcut,2000,trimix,A3A1A05_502525_trimix.fcs,False,0.496261079774376,0.474079867207201
"0.1,0.34",01_034,0.1,0.34,smallcut,2000,segment,A3A1_1090_segment.fcs,False,1.0,0.240872093981184
"0.1,0.34",01_034,0.1,0.34,smallcut,2000,segment,B05B1_4060_segment.fcs,False,0.865513733468973,0.952380952380952
"0.1,0.34",01_034,0.1,0.34,smallcut,2000,bimix,B05B1_6040_bimix.fcs,False,0.603313572542902,0.436875
"0.1,0.34",01_034,0.1,0.34,smallcut,2000,bimix,B05B1_6535_bimix.fcs,False,0.694130718954248,0.644404371347253
"0.1,0.34",01_034,0.1,0.34,smallcut,2000,bimix,B05B1_7525_bimix.fcs,False,0.807557732680196,0.583488888888889
"0.1,0.34",01_034,0.1,0.34,smallcut,2000,segment,B05B1_8515_segment.fcs,False,1.0,0.618147881829169
"0.1,0.34",01_034,0.1,0.34,smallcut,2000,segment,B05B3_1090_segment.fcs,False,1.0,0.300678036141991
"0.1,0.34",01_034,0.1,0.34,smallcut,2000,segment,B05B3_2080_segment.fcs,False,1.0,0.657931034482759
"0.1,0.34",01_034,0.1,0.34,smallcut,2000,segment,B05B3_4060_segment.fcs,False,1.0,0.923394131641554
"0.1,0.34",01_034,0.1,0.34,smallcut,2000,bimix,B05B3_6040_bimix.fcs,False,0.624907328200741,0.685874820331896
"0.1,0.34",01_034,0.1,0.34,smallcut,2000,bimix,B05B3_7525_bimix.fcs,False,0.78752427184466,0.537717121588089
"0.1,0.34",01_034,0.1,0.34,smallcut,2000,bimix,B05B3_9010_bimix.fcs,False,1.0,0.455698924731183
"0.1,0.34",01_034,0.1,0.34,smallcut,2000,trimix,B1B05B3_103060_trimix.fcs,False,0.614583333333333,0.531375358166189
"0.1,0.34",01_034,0.1,0.34,smallcut,2000,trimix,B1B05B3_205030_trimix.fcs,False,0.517983013782231,0.773050193050193
"0.1,0.34",01_034,0.1,0.34,smallcut,2000,trimix,B1B05B3_355510_trimix.fcs,False,0.580874047394582,0.724869791666667
"0.1,0.34",01_034,0.1,0.34,smallcut,2000,segment,B1B05_7525_segment.fcs,False,0.996641414141414,0.806334016860333
"0.1,0.34",01_034,0.1,0.34,smallcut,2000,trimix,B1B3B05_101080_trimix.fcs,False,0.889572445664188,0.664761904761905
"0.1,0.34",01_034,0.1,0.34,smallcut,2000,trimix,B1B3B05_302545_trimix.fcs,False,0.480508344425105,0.911590909090909
"0.1,0.34",01_034,0.1,0.34,smallcut,2000,trimix,B1B3B05_504010_trimix.fcs,False,0.511245404411765,0.654176951067457
"0.1,0.34",01_034,0.1,0.34,smallcut,2000,trimix,B1B3B05_651025_trimix.fcs,False,0.66836291913215,0.494759825327511
"0.1,0.34",01_034,0.1,0.34,smallcut,2000,bimix,B1B3_1585_bimix.fcs,False,0.860180476190476,0.240007490480847
"0.1,0.34",01_034,0.1,0.34,smallcut,2000,bimix,B1B3_5545_bimix.fcs,False,0.550119674690733,0.450788485607009
"0.1,0.34",01_034,0.1,0.34,smallcut,2000,segment,B1B3_6040_segment.fcs,False,0.976859984984985,0.907067186888392
"0.1,0.34",01_034,0.1,0.34,smallcut,2000,bimix,B1B3_8020_bimix.fcs,False,0.82198640716713,0.373860999144986
"0.1,0.34",01_034,0.1,0.34,smallcut,2000,segment,B1B3_8515_segment.fcs,False,1.0,0.360474024331685
"0.1,0.34",01_034,0.1,0.34,smallcut,2000,segment,B3B05_9010_segment.fcs,False,1.0,0.344485717103317
"0.1,0.34",01_034,0.1,0.34,smallcut,2000,segment,B3B1_4060_segment.fcs,False,1.0,0.915663529411765
"0.1,0.34",01_034,0.1,0.34,smallcut,2000,segment,B3B1_8020_segment.fcs,False,1.0,0.52151022678119
"0.1,0.34",01_034,0.1,0.34,smallcut,2000,segment,C05C1_1090_segment.fcs,False,1.0,0.433550103458469
"0.1,0.34",01_034,0.1,0.34,smallcut,2000,segment,C05C1_1585_segment.fcs,False,1.0,0.488716330987624
"0.1,0.34",01_034,0.1,0.34,smallcut,2000,bimix,C05C1_8515_bimix.fcs,False,0.881432812843633,0.302266666666667
"0.1,0.34",01_034,0.1,0.34,smallcut,2000,segment,C05C3_1585_segment.fcs,False,1.0,0.415327265856493
"0.1,0.34",01_034,0.1,0.34,smallcut,2000,segment,C05C3_3565_segment.fcs,False,1.0,0.874996279761905
"0.1,0.34",01_034,0.1,0.34,smallcut,2000,bimix,C05C3_7030_bimix.fcs,False,0.716756411140434,0.620714285714286
"0.1,0.34",01_034,0.1,0.34,smallcut,2000,bimix,C05C3_8515_bimix.fcs,False,0.961953352769679,0.550856307435255
"0.1,0.34",01_034,0.1,0.34,smallcut,2000,segment,C05C3_9010_segment.fcs,False,0.99828440099699,0.261157112526539
"0.1,0.34",01_034,0.1,0.34,smallcut,2000,segment,C1C05_3070_segment.fcs,False,0.973471517075776,0.758793969849246
"0.1,0.34",01_034,0.1,0.34,smallcut,2000,bimix,C1C05_4060_bimix.fcs,False,0.636168831168831,0.635398981324278
"0.1,0.34",01_034,0.1,0.34,smallcut,2000,bimix,C1C05_6040_bimix.fcs,False,0.608081409351423,0.453272727272727
"0.1,0.34",01_034,0.1,0.34,smallcut,2000,segment,C1C05_9010_segment.fcs,False,1.0,0.34583824569677
"0.1,0.34",01_034,0.1,0.34,smallcut,2000,trimix,C1C3C05_106030_trimix.fcs,False,0.618203282230593,0.618723776223776
"0.1,0.34",01_034,0.1,0.34,smallcut,2000,trimix,C1C3C05_352045_trimix.fcs,False,0.470288681002856,0.756848072562358
"0.1,0.34",01_034,0.1,0.34,smallcut,2000,trimix,C1C3C05_353530_trimix.fcs,False,0.699442088523721,0.28657224189405
"0.1,0.34",01_034,0.1,0.34,smallcut,2000,trimix,C1C3C05_801010_trimix.fcs,False,0.82563785203016,0.375613305613306
"0.1,0.34",01_034,0.1,0.34,smallcut,2000,bimix,C1C3_1090_bimix.fcs,False,0.917408605463134,0.277275624614677
"0.1,0.34",01_034,0.1,0.34,smallcut,2000,segment,C1C3_2575_segment.fcs,False,1.0,0.717234594085071
"0.1,0.34",01_034,0.1,0.34,smallcut,2000,segment,C1C3_4555_segment.fcs,False,0.562352959445924,0.8
"0.1,0.34",01_034,0.1,0.34,smallcut,2000,segment,C1C3_7525_segment.fcs,False,1.0,0.642736917270223
"0.1,0.34",01_034,0.1,0.34,smallcut,2000,bimix,C3C05_4060_bimix.fcs,False,0.624110180934378,0.815875384758884
"0.1,0.34",01_034,0.1,0.34,smallcut,2000,segment,C3C05_4555_segment.fcs,False,0.933237004436432,0.930232558139535
"0.1,0.34",01_034,0.1,0.34,smallcut,2000,trimix,C3C1C05_101080_trimix.fcs,False,0.907861383496765,0.67962962962963
"0.1,0.34",01_034,0.1,0.34,smallcut,2000,trimix,C3C1C05_107020_trimix.fcs,False,0.716519303888506,0.485755208333333
"0.1,0.34",01_034,0.1,0.34,smallcut,2000,trimix,C3C1C05_204040_trimix.fcs,False,0.801694616409372,0.21765306122449
"0.1,0.34",01_034,0.1,0.34,smallcut,2000,trimix,C3C1C05_301555_trimix.fcs,False,0.577251045643742,0.78216049382716
"0.1,0.34",01_034,0.1,0.34,smallcut,2000,bimix,C3C1_3565_bimix.fcs,False,0.652790488580946,0.393581081081081
"0.1,0.34",01_034,0.1,0.34,smallcut,2000,bimix,C3C1_8020_bimix.fcs,False,0.819954337899543,0.337332977295663
"0.1,0.5",01_05,0.1,0.5,largecut,5000,trimix,A05A1A3_157510_trimix.fcs,False,0.997493762965264,0.660306818181818
"0.1,0.5",01_05,0.1,0.5,largecut,5000,trimix,A05A1A3_306010_trimix.fcs,False,0.712719298245614,0.807397622192867
"0.1,0.5",01_05,0.1,0.5,largecut,5000,trimix,A05A1A3_601030_trimix.fcs,False,0.814742309228925,0.942929292929293
"0.1,0.5",01_05,0.1,0.5,largecut,5000,bimix,A05A1_2080_bimix.fcs,False,0.989620588034624,0.623366093366093
"0.1,0.5",01_05,0.1,0.5,largecut,5000,bimix,A05A1_2575_bimix.fcs,False,0.96721011509396,0.831572758451739
"0.1,0.5",01_05,0.1,0.5,largecut,5000,bimix,A05A1_3070_bimix.fcs,False,0.79040435994244,0.79314606741573
"0.1,0.5",01_05,0.1,0.5,largecut,5000,bimix,A05A1_4060_bimix.fcs,False,0.603871391076116,0.426516853932584
"0.1,0.5",01_05,0.1,0.5,largecut,5000,segment,A05A1_4555_segment.fcs,False,0.570904304738309,0.75
"0.1,0.5",01_05,0.1,0.5,largecut,5000,trimix,A05A3A1_454510_trimix.fcs,False,0.965799823612137,0.697445887445887
"0.1,0.5",01_05,0.1,0.5,largecut,5000,bimix,A05A3_1090_bimix.fcs,False,1.0,0.330828729281768
"0.1,0.5",01_05,0.1,0.5,largecut,5000,bimix,A05A3_2575_bimix.fcs,False,0.958407337312564,0.715242118947026
"0.1,0.5",01_05,0.1,0.5,largecut,5000,segment,A05A3_4060_segment.fcs,False,1.0,0.824507658643326
"0.1,0.5",01_05,0.1,0.5,largecut,5000,bimix,A05A3_6040_bimix.fcs,False,0.630327814518884,0.936306306306306
"0.1,0.5",01_05,0.1,0.5,largecut,5000,bimix,A05A3_8020_bimix.fcs,False,1.0,0.656553884711779
"0.1,0.5",01_05,0.1,0.5,largecut,5000,segment,A05A3_8515_segment.fcs,False,0.998322638090056,0.619843304843305
"0.1,0.5",01_05,0.1,0.5,largecut,5000,segment,A1A05_4060_segment.fcs,False,0.589796381139874,0.25
"0.1,0.5",01_05,0.1,0.5,largecut,5000,segment,A1A05_5545_segment.fcs,False,0.992265114110488,0.966675977653631
"0.1,0.5",01_05,0.1,0.5,largecut,5000,trimix,A1A3A05_551035_trimix.fcs,False,0.616535087719298,0.881939171517759
"0.1,0.5",01_05,0.1,0.5,largecut,5000,trimix,A1A3A05_651025_trimix.fcs,False,0.746041088453323,0.609958791208791
"0.1,0.5",01_05,0.1,0.5,largecut,5000,trimix,A1A3A05_651520_trimix.fcs,False,0.782658064516129,0.89878809090208
"0.1,0.5",01_05,0.1,0.5,largecut,5000,bimix,A1A3_1090_bimix.fcs,False,1.0,0.307155346590925
"0.1,0.5",01_05,0.1,0.5,largecut,5000,bimix,A1A3_1585_bimix.fcs,False,0.930722488038278,0.482499014584155
"0.1,0.5",01_05,0.1,0.5,largecut,5000,segment,A1A3_7525_segment.fcs,False,1.0,0.594829924591765
"0.1,0.5",01_05,0.1,0.5,largecut,5000,segment,A1A3_8020_segment.fcs,False,1.0,0.45469122576632
"0.1,0.5",01_05,0.1,0.5,largecut,5000,bimix,A1A3_9010_bimix.fcs,False,1.0,0.512227682227682
"0.1,0.5",01_05,0.1,0.5,largecut,5000,segment,A3A05_1090_segment.fcs,False,1.0,0.326148459383753
"0.1,0.5",01_05,0.1,0.5,largecut,5000,segment,A3A05_7030_segment.fcs,False,1.0,0.676484448633365
"0.1,0.5",01_05,0.1,0.5,largecut,5000,trimix,A3A1A05_103555_trimix.fcs,False,0.654578845622756,0.870811111111111
"0.1,0.5",01_05,0.1,0.5,largecut,5000,segment,A3A1_1090_segment.fcs,False,1.0,0.307936554820416
"0.1,0.5",01_05,0.1,0.5,largecut,5000,segment,A3A1_2575_segment.fcs,False,1.0,0.797539311517212
"0.1,0.5",01_05,0.1,0.5,largecut,5000,bimix,B05B1_3070_bimix.fcs,False,0.716826615483045,0.443324250681199
"0.1,0.5",01_05,0.1,0.5,largecut,5000,segment,B05B1_3565_segment.fcs,False,1.0,0.870897679726132
"0.1,0.5",01_05,0.1,0.5,largecut,5000,segment,B05B1_6535_segment.fcs,False,0.954841756761812,0.950276243093923
"0.1,0.5",01_05,0.1,0.5,largecut,5000,bimix,B05B1_7030_bimix.fcs,False,0.760459770114942,0.7109375
"0.1,0.5",01_05,0.1,0.5,largecut,5000,trimix,B05B3B1_151570_trimix.fcs,False,0.921685030395137,0.732844955489614
"0.1,0.5",01_05,0.1,0.5,largecut,5000,trimix,B05B3B1_751510_trimix.fcs,False,0.978133147113594,0.791739904266021
"0.1,0.5",01_05,0.1,0.5,largecut,5000,segment,B05B3_5545_segment.fcs,False,0.955870667793745,0.984417521384169
"0.1,0.5",01_05,0.1,0.5,largecut,5000,bimix,B05B3_7030_bimix.fcs,False,0.923369565217391,0.927480916030534
"0.1,0.5",01_05,0.1,0.5,largecut,5000,segment,B1B05_2575_segment.fcs,False,1.0,0.821388261851016
"0.1,0.5",01_05,0.1,0.5,largecut,5000,bimix,B1B05_4555_bimix.fcs,False,0.599726090182898,0.816579476861167
"0.1,0.5",01_05,0.1,0.5,largecut,5000,bimix,B1B05_7525_bimix.fcs,False,0.813751176283418,0.497698882314267
"0.1,0.5",01_05,0.1,0.5,largecut,5000,bimix,B1B3_2080_bimix.fcs,False,0.874022602036051,0.606477018684497
"0.1,0.5",01_05,0.1,0.5,largecut,5000,segment,B1B3_7030_segment.fcs,False,1.0,0.769672028127528
"0.1,0.5",01_05,0.1,0.5,largecut,5000,trimix,B3B05B1_652510_trimix.fcs,False,0.68413447678602,0.817099358974359
"0.1,0.5",01_05,0.1,0.5,largecut,5000,trimix,B3B05B1_801010_trimix.fcs,False,0.873981190897133,0.59307140887786
"0.1,0.5",01_05,0.1,0.5,largecut,5000,segment,B3B05_2080_segment.fcs,False,1.0,0.610699300699301
"0.1,0.5",01_05,0.1,0.5,largecut,5000,bimix,B3B05_3565_bimix.fcs,False,0.78885537556487,0.896106442577031
"0.1,0.5",01_05,0.1,0.5,largecut,5000,segment,B3B05_6040_segment.fcs,False,1.0,0.919747235387046
"0.1,0.5",01_05,0.1,0.5,largecut,5000,bimix,B3B05_6535_bimix.fcs,False,0.681725352112676,0.935064935064935
"0.1,0.5",01_05,0.1,0.5,largecut,5000,bimix,B3B05_7525_bimix.fcs,False,0.953355496453901,0.82593903786281
"0.1,0.5",01_05,0.1,0.5,largecut,5000,segment,B3B05_8020_segment.fcs,False,1.0,0.549328214971209
"0.1,0.5",01_05,0.1,0.5,largecut,5000,trimix,B3B1B05_204535_trimix.fcs,False,0.486942909760589,0.909498207885305
"0.1,0.5",01_05,0.1,0.5,largecut,5000,trimix,B3B1B05_253540_trimix.fcs,False,0.411712408272048,0.85017094017094
"0.1,0.5",01_05,0.1,0.5,largecut,5000,trimix,B3B1B05_503515_trimix.fcs,False,0.508740340030912,0.609593023255814
"0.1,0.5",01_05,0.1,0.5,largecut,5000,trimix,B3B1B05_651025_trimix.fcs,False,0.670178128937813,0.833333333333333
"0.1,0.5",01_05,0.1,0.5,largecut,5000,segment,B3B1_1090_segment.fcs,False,1.0,0.237510548523207
"0.1,0.5",01_05,0.1,0.5,largecut,5000,bimix,B3B1_1585_bimix.fcs,False,1.0,0.542365652544783
"0.1,0.5",01_05,0.1,0.5,largecut,5000,bimix,B3B1_2575_bimix.fcs,False,0.863520658583315,0.6910322156476
"0.1,0.5",01_05,0.1,0.5,largecut,5000,segment,B3B1_5545_segment.fcs,False,0.994778304517568,1.0
"0.1,0.5",01_05,0.1,0.5,largecut,5000,bimix,B3B1_6040_bimix.fcs,False,0.59684,0.268411389269373
"0.1,0.5",01_05,0.1,0.5,largecut,5000,segment,B3B1_8020_segment.fcs,False,1.0,0.523830016137708
"0.1,0.5",01_05,0.1,0.5,largecut,5000,bimix,C05C1_7030_bimix.fcs,False,0.891578341013825,0.960490787801779
"0.1,0.5",01_05,0.1,0.5,largecut,5000,bimix,C05C1_7525_bimix.fcs,False,0.968987640343429,0.787280092592593
"0.1,0.5",01_05,0.1,0.5,largecut,5000,bimix,C05C3_8515_bimix.fcs,False,1.0,0.557782258064516
"0.1,0.5",01_05,0.1,0.5,largecut,5000,segment,C1C05_1585_segment.fcs,False,1.0,0.395285714285714
"0.1,0.5",01_05,0.1,0.5,largecut,5000,bimix,C1C05_2080_bimix.fcs,False,0.984547461368653,0.819259259259259
"0.1,0.5",01_05,0.1,0.5,largecut,5000,bimix,C1C05_3070_bimix.fcs,False,0.769418168168168,0.646955053016796
"0.1,0.5",01_05,0.1,0.5,largecut,5000,segment,C1C05_4060_segment.fcs,False,1.0,0.965511083743842
"0.1,0.5",01_05,0.1,0.5,largecut,5000,segment,C1C05_5545_segment.fcs,False,0.993108157991879,0.980126483889203
"0.1,0.5",01_05,0.1,0.5,largecut,5000,trimix,C1C3C05_107515_trimix.fcs,False,0.916367313915858,0.656198140294497
"0.1,0.5",01_05,0.1,0.5,largecut,5000,trimix,C1C3C05_205525_trimix.fcs,False,0.606291358024691,0.985541461122856
"0.1,0.5",01_05,0.1,0.5,largecut,5000,trimix,C1C3C05_302545_trimix.fcs,False,0.461320309145556,0.717396825396825
"0.1,0.5",01_05,0.1,0.5,largecut,5000,trimix,C1C3C05_452035_trimix.fcs,False,0.477080789741708,0.981944444444444
"0.1,0.5",01_05,0.1,0.5,largecut,5000,bimix,C1C3_1090_bimix.fcs,False,1.0,0.336679354493693
"0.1,0.5",01_05,0.1,0.5,largecut,5000,bimix,C1C3_3070_bimix.fcs,False,0.731992829176223,0.825397923875433
"0.1,0.5",01_05,0.1,0.5,largecut,5000,trimix,C3C05C1_101080_trimix.fcs,False,0.955617420655246,0.596205440900563
"0.1,0.5",01_05,0.1,0.5,largecut,5000,trimix,C3C05C1_651025_trimix.fcs,False,0.67031328320802,0.877641703695676
"0.1,0.5",01_05,0.1,0.5,largecut,5000,segment,C3C05_1090_segment.fcs,False,1.0,0.366755162241888
"0.1,0.5",01_05,0.1,0.5,largecut,5000,segment,C3C05_1585_segment.fcs,False,1.0,0.601521739130435
"0.1,0.5",01_05,0.1,0.5,largecut,5000,segment,C3C05_2575_segment.fcs,False,1.0,0.672072072072072
"0.1,0.5",01_05,0.1,0.5,largecut,5000,bimix,C3C05_6535_bimix.fcs,False,0.665388048265685,0.782636363636364
"0.1,0.5",01_05,0.1,0.5,largecut,5000,bimix,C3C05_9010_bimix.fcs,False,1.0,0.348519977856654
"0.1,0.5",01_05,0.1,0.5,largecut,5000,segment,C3C05_9010_segment.fcs,False,1.0,0.324722816136838
"0.1,0.5",01_05,0.1,0.5,largecut,5000,trimix,C3C1C05_104545_trimix.fcs,False,0.975720329547985,0.562213673006077
"0.1,0.5",01_05,0.1,0.5,largecut,5000,trimix,C3C1C05_403525_trimix.fcs,False,0.40727865644872,0.923076923076923
"0.1,0.5",01_05,0.1,0.5,largecut,5000,segment,C3C1_1585_segment.fcs,False,1.0,0.494182987678626
"0.1,0.5",01_05,0.1,0.5,largecut,5000,segment,C3C1_3070_segment.fcs,False,1.0,0.781752769141227
"0.1,0.5",01_05,0.1,0.5,largecut,5000,bimix,C3C1_4060_bimix.fcs,False,0.60197242230297,0.473368421052632
"0.1,0.5",01_05,0.1,0.5,largecut,5000,segment,C3C1_4555_segment.fcs,False,0.5411673441366,0.0
"0.1,0.5",01_05,0.1,0.5,largecut,5000,segment,C3C1_9010_segment.fcs,False,1.0,0.264675883742695
"0.1,0.5",01_05,0.1,0.5,smallcut,2000,trimix,A05A1A3_405010_trimix.fcs,False,0.508647662089345,0.607381164554761
"0.1,0.5",01_05,0.1,0.5,smallcut,2000,segment,A05A1_1090_segment.fcs,False,1.0,0.454930909090909
"0.1,0.5",01_05,0.1,0.5,smallcut,2000,segment,A05A1_1585_segment.fcs,False,1.0,0.508987778812956
"0.1,0.5",01_05,0.1,0.5,smallcut,2000,bimix,A05A1_3565_bimix.fcs,False,0.65982995658466,0.468130434782609
"0.1,0.5",01_05,0.1,0.5,smallcut,2000,bimix,A05A1_4555_bimix.fcs,False,0.544182796516713,0.3971875
"0.1,0.5",01_05,0.1,0.5,smallcut,2000,bimix,A05A1_5545_bimix.fcs,False,0.570051455417733,0.613387096774194
"0.1,0.5",01_05,0.1,0.5,smallcut,2000,bimix,A05A1_7030_bimix.fcs,False,0.739207547169811,0.637643631655608
"0.1,0.5",01_05,0.1,0.5,smallcut,2000,segment,A05A1_9010_segment.fcs,False,0.998528870908422,0.464489795918367
"0.1,0.5",01_05,0.1,0.5,smallcut,2000,bimix,A05A3_1585_bimix.fcs,False,0.874384512683578,0.379214542528851
"0.1,0.5",01_05,0.1,0.5,smallcut,2000,bimix,A05A3_2080_bimix.fcs,False,0.81548598322079,0.415632419214967
"0.1,0.5",01_05,0.1,0.5,smallcut,2000,segment,A05A3_3565_segment.fcs,False,1.0,0.704623501144683
"0.1,0.5",01_05,0.1,0.5,smallcut,2000,bimix,A05A3_7525_bimix.fcs,False,0.860701335730003,0.640382513661202
"0.1,0.5",01_05,0.1,0.5,smallcut,2000,bimix,A05A3_9010_bimix.fcs,False,0.998988854418017,0.392925170068027
"0.1,0.5",01_05,0.1,0.5,smallcut,2000,segment,A05A3_9010_segment.fcs,False,0.999499535282763,0.249645161290323
"0.1,0.5",01_05,0.1,0.5,smallcut,2000,trimix,A1A05A3_501535_trimix.fcs,False,0.505240786117918,0.601896551724138
"0.1,0.5",01_05,0.1,0.5,smallcut,2000,segment,A1A05_4555_segment.fcs,False,0.558820556875032,0.678571428571429
"0.1,0.5",01_05,0.1,0.5,smallcut,2000,trimix,A1A3A05_106525_trimix.fcs,False,0.661679550979238,0.499756493506493
"0.1,0.5",01_05,0.1,0.5,smallcut,2000,trimix,A1A3A05_252055_trimix.fcs,False,0.589135487528345,0.938469731936801
"0.1,0.5",01_05,0.1,0.5,smallcut,2000,segment,A1A3_3070_segment.fcs,False,1.0,0.860551319755676
"0.1,0.5",01_05,0.1,0.5,smallcut,2000,segment,A1A3_5545_segment.fcs,False,0.986349462365591,0.972938493060656
"0.1,0.5",01_05,0.1,0.5,smallcut,2000,bimix,A1A3_6040_bimix.fcs,False,0.623455962405506,0.554174679487179
"0.1,0.5",01_05,0.1,0.5,smallcut,2000,bimix,A1A3_7525_bimix.fcs,False,0.797288030241098,0.506245421245421
"0.1,0.5",01_05,0.1,0.5,smallcut,2000,trimix,A3A05A1_454510_trimix.fcs,False,0.900239244150683,0.101898305084746
"0.1,0.5",01_05,0.1,0.5,smallcut,2000,segment,A3A05_1585_segment.fcs,False,1.0,0.710129449838188
"0.1,0.5",01_05,0.1,0.5,smallcut,2000,trimix,A3A1A05_106525_trimix.fcs,False,0.671091108689797,0.496484962406015
"0.1,0.5",01_05,0.1,0.5,smallcut,2000,trimix,A3A1A05_305020_trimix.fcs,False,0.509647147147147,0.580260115104411
"0.1,0.5",01_05,0.1,0.5,smallcut,2000,trimix,A3A1A05_502525_trimix.fcs,False,0.496261079774376,0.474079867207201
"0.1,0.5",01_05,0.1,0.5,smallcut,2000,segment,A3A1_1090_segment.fcs,False,1.0,0.228629404313216
"0.1,0.5",01_05,0.1,0.5,smallcut,2000,segment,B05B1_4060_segment.fcs,False,0.853240279162512,0.961325966850829
"0.1,0.5",01_05,0.1,0.5,smallcut,2000,bimix,B05B1_6040_bimix.fcs,False,0.603050953422945,0.433197278911565
"0.1,0.5",01_05,0.1,0.5,smallcut,2000,bimix,B05B1_6535_bimix.fcs,False,0.693179133858268,0.629660999004807
"0.1,0.5",01_05,0.1,0.5,smallcut,2000,bimix,B05B1_7525_bimix.fcs,False,0.802578457232061,0.554711111111111
"0.1,0.5",01_05,0.1,0.5,smallcut,2000,segment,B05B1_8515_segment.fcs,False,1.0,0.481211962412015
"0.1,0.5",01_05,0.1,0.5,smallcut,2000,segment,B05B3_1090_segment.fcs,False,1.0,0.300678036141991
"0.1,0.5",01_05,0.1,0.5,smallcut,2000,segment,B05B3_2080_segment.fcs,False,1.0,0.657931034482759
"0.1,0.5",01_05,0.1,0.5,smallcut,2000,segment,B05B3_4060_segment.fcs,False,1.0,0.923394131641554
"0.1,0.5",01_05,0.1,0.5,smallcut,2000,bimix,B05B3_6040_bimix.fcs,False,0.626752475247525,0.740615561628074
"0.1,0.5",01_05,0.1,0.5,smallcut,2000,bimix,B05B3_7525_bimix.fcs,False,0.779580306698951,0.481668773704172
"0.1,0.5",01_05,0.1,0.5,smallcut,2000,bimix,B05B3_9010_bimix.fcs,False,1.0,0.455698924731183
"0.1,0.5",01_05,0.1,0.5,smallcut,2000,trimix,B1B05B3_103060_trimix.fcs,False,0.615570427023582,0.537633802816901
"0.1,0.5",01_05,0.1,0.5,smallcut,2000,trimix,B1B05B3_205030_trimix.fcs,False,0.517983013782231,0.773050193050193
"0.1,0.5",01_05,0.1,0.5,smallcut,2000,trimix,B1B05B3_355510_trimix.fcs,False,0.580874047394582,0.724869791666667
"0.1,0.5",01_05,0.1,0.5,smallcut,2000,segment,B1B05_7525_segment.fcs,False,0.996641414141414,0.806334016860333
"0.1,0.5",01_05,0.1,0.5,smallcut,2000,trimix,B1B3B05_101080_trimix.fcs,False,0.891380318229725,0.614961240310077
"0.1,0.5",01_05,0.1,0.5,smallcut,2000,trimix,B1B3B05_302545_trimix.fcs,False,0.482360347397091,0.915434782608696
"0.1,0.5",01_05,0.1,0.5,smallcut,2000,trimix,B1B3B05_504010_trimix.fcs,False,0.510037962962963,0.623836578211968
"0.1,0.5",01_05,0.1,0.5,smallcut,2000,trimix,B1B3B05_651025_trimix.fcs,False,0.666027722772277,0.471990320629159
"0.1,0.5",01_05,0.1,0.5,smallcut,2000,bimix,B1B3_1585_bimix.fcs,False,0.859645793499044,0.232274823301987
"0.1,0.5",01_05,0.1,0.5,smallcut,2000,bimix,B1B3_5545_bimix.fcs,False,0.550119674690733,0.450788485607009
"0.1,0.5",01_05,0.1,0.5,smallcut,2000,segment,B1B3_6040_segment.fcs,False,0.976929266467066,0.910747112593025
"0.1,0.5",01_05,0.1,0.5,smallcut,2000,bimix,B1B3_8020_bimix.fcs,False,0.820348533701827,0.3699756316532
"0.1,0.5",01_05,0.1,0.5,smallcut,2000,segment,B1B3_8515_segment.fcs,False,1.0,0.360474024331685
"0.1,0.5",01_05,0.1,0.5,smallcut,2000,segment,B3B05_9010_segment.fcs,False,1.0,0.344485717103317
"0.1,0.5",01_05,0.1,0.5,smallcut,2000,segment,B3B1_4060_segment.fcs,False,1.0,0.915663529411765
"0.1,0.5",01_05,0.1,0.5,smallcut,2000,segment,B3B1_8020_segment.fcs,False,1.0,0.52151022678119
"0.1,0.5",01_05,0.1,0.5,smallcut,2000,segment,C05C1_1090_segment.fcs,False,1.0,0.447301006404392
"0.1,0.5",01_05,0.1,0.5,smallcut,2000,segment,C05C1_1585_segment.fcs,False,1.0,0.488716330987624
"0.1,0.5",01_05,0.1,0.5,smallcut,2000,bimix,C05C1_8515_bimix.fcs,False,0.871453705740048,0.253866666666667
"0.1,0.5",01_05,0.1,0.5,smallcut,2000,segment,C05C3_1585_segment.fcs,False,1.0,0.415327265856493
"0.1,0.5",01_05,0.1,0.5,smallcut,2000,segment,C05C3_3565_segment.fcs,False,1.0,0.874996279761905
"0.1,0.5",01_05,0.1,0.5,smallcut,2000,bimix,C05C3_7030_bimix.fcs,False,0.716756411140434,0.620714285714286
"0.1,0.5",01_05,0.1,0.5,smallcut,2000,bimix,C05C3_8515_bimix.fcs,False,0.962179104477612,0.512047031611411
"0.1,0.5",01_05,0.1,0.5,smallcut,2000,segment,C05C3_9010_segment.fcs,False,0.998348549527934,0.278922902494331
"0.1,0.5",01_05,0.1,0.5,smallcut,2000,segment,C1C05_3070_segment.fcs,False,0.994319601454264,0.766990291262136
"0.1,0.5",01_05,0.1,0.5,smallcut,2000,bimix,C1C05_4060_bimix.fcs,False,0.638818800247372,0.652720510954806
"0.1,0.5",01_05,0.1,0.5,smallcut,2000,bimix,C1C05_6040_bimix.fcs,False,0.604832276712094,0.428282352941176
"0.1,0.5",01_05,0.1,0.5,smallcut,2000,segment,C1C05_9010_segment.fcs,False,1.0,0.420619443647835
"0.1,0.5",01_05,0.1,0.5,smallcut,2000,trimix,C1C3C05_106030_trimix.fcs,False,0.618710477879317,0.604535256410256
"0.1,0.5",01_05,0.1,0.5,smallcut,2000,trimix,C1C3C05_352045_trimix.fcs,False,0.467872864055813,0.754747474747475
"0.1,0.5",01_05,0.1,0.5,smallcut,2000,trimix,C1C3C05_353530_trimix.fcs,False,0.699624269782262,0.291763225849169
"0.1,0.5",01_05,0.1,0.5,smallcut,2000,trimix,C1C3C05_801010_trimix.fcs,False,0.830252453330861,0.404071794871795
"0.1,0.5",01_05,0.1,0.5,smallcut,2000,bimix,C1C3_1090_bimix.fcs,False,0.917408605463134,0.277275624614677
"0.1,0.5",01_05,0.1,0.5,smallcut,2000,segment,C1C3_2575_segment.fcs,False,1.0,0.717234594085071
"0.1,0.5",01_05,0.1,0.5,smallcut,2000,segment,C1C3_4555_segment.fcs,False,0.562352959445924,0.8
"0.1,0.5",01_05,0.1,0.5,smallcut,2000,segment,C1C3_7525_segment.fcs,False,1.0,0.70920449109379
"0.1,0.5",01_05,0.1,0.5,smallcut,2000,bimix,C3C05_4060_bimix.fcs,False,0.624496753246753,0.808418390389305
"0.1,0.5",01_05,0.1,0.5,smallcut,2000,segment,C3C05_4555_segment.fcs,False,0.933237004436432,0.930232558139535
"0.1,0.5",01_05,0.1,0.5,smallcut,2000,trimix,C3C1C05_101080_trimix.fcs,False,0.907630320660715,0.672161172161172
"0.1,0.5",01_05,0.1,0.5,smallcut,2000,trimix,C3C1C05_107020_trimix.fcs,False,0.716519303888506,0.485755208333333
"0.1,0.5",01_05,0.1,0.5,smallcut,2000,trimix,C3C1C05_204040_trimix.fcs,False,0.80249290556519,0.224326923076923
"0.1,0.5",01_05,0.1,0.5,smallcut,2000,trimix,C3C1C05_301555_trimix.fcs,False,0.577251045643742,0.78216049382716
"0.1,0.5",01_05,0.1,0.5,smallcut,2000,bimix,C3C1_3565_bimix.fcs,False,0.654693725597229,0.428308823529412
"0.1,0.5",01_05,0.1,0.5,smallcut,2000,bimix,C3C1_8020_bimix.fcs,False,0.815335588566946,0.328805798997346
"0.1,0.9",01_09,0.1,0.9,largecut,5000,trimix,A05A1A3_157510_trimix.fcs,False,0.997493762965264,0.660306818181818
"0.1,0.9",01_09,0.1,0.9,largecut,5000,trimix,A05A1A3_306010_trimix.fcs,False,0.712719298245614,0.807397622192867
"0.1,0.9",01_09,0.1,0.9,largecut,5000,trimix,A05A1A3_601030_trimix.fcs,False,0.814742309228925,0.942929292929293
"0.1,0.9",01_09,0.1,0.9,largecut,5000,bimix,A05A1_2080_bimix.fcs,False,0.989620588034624,0.623366093366093
"0.1,0.9",01_09,0.1,0.9,largecut,5000,bimix,A05A1_2575_bimix.fcs,False,0.96721011509396,0.831572758451739
"0.1,0.9",01_09,0.1,0.9,largecut,5000,bimix,A05A1_3070_bimix.fcs,False,0.79040435994244,0.79314606741573
"0.1,0.9",01_09,0.1,0.9,largecut,5000,bimix,A05A1_4060_bimix.fcs,False,0.603871391076116,0.426516853932584
"0.1,0.9",01_09,0.1,0.9,largecut,5000,segment,A05A1_4555_segment.fcs,False,0.570904304738309,0.75
"0.1,0.9",01_09,0.1,0.9,largecut,5000,trimix,A05A3A1_454510_trimix.fcs,False,0.965799823612137,0.697445887445887
"0.1,0.9",01_09,0.1,0.9,largecut,5000,bimix,A05A3_1090_bimix.fcs,False,1.0,0.330828729281768
"0.1,0.9",01_09,0.1,0.9,largecut,5000,bimix,A05A3_2575_bimix.fcs,False,0.958407337312564,0.715242118947026
"0.1,0.9",01_09,0.1,0.9,largecut,5000,segment,A05A3_4060_segment.fcs,False,1.0,0.824507658643326
"0.1,0.9",01_09,0.1,0.9,largecut,5000,bimix,A05A3_6040_bimix.fcs,False,0.630327814518884,0.936306306306306
"0.1,0.9",01_09,0.1,0.9,largecut,5000,bimix,A05A3_8020_bimix.fcs,False,1.0,0.656553884711779
"0.1,0.9",01_09,0.1,0.9,largecut,5000,segment,A05A3_8515_segment.fcs,False,0.998322638090056,0.619843304843305
"0.1,0.9",01_09,0.1,0.9,largecut,5000,segment,A1A05_4060_segment.fcs,False,0.589796381139874,0.25
"0.1,0.9",01_09,0.1,0.9,largecut,5000,segment,A1A05_5545_segment.fcs,False,0.992265114110488,0.966675977653631
"0.1,0.9",01_09,0.1,0.9,largecut,5000,trimix,A1A3A05_551035_trimix.fcs,False,0.616535087719298,0.881939171517759
"0.1,0.9",01_09,0.1,0.9,largecut,5000,trimix,A1A3A05_651025_trimix.fcs,False,0.746041088453323,0.609958791208791
"0.1,0.9",01_09,0.1,0.9,largecut,5000,trimix,A1A3A05_651520_trimix.fcs,False,0.782658064516129,0.89878809090208
"0.1,0.9",01_09,0.1,0.9,largecut,5000,bimix,A1A3_1090_bimix.fcs,False,1.0,0.307155346590925
"0.1,0.9",01_09,0.1,0.9,largecut,5000,bimix,A1A3_1585_bimix.fcs,False,0.930722488038278,0.482499014584155
"0.1,0.9",01_09,0.1,0.9,largecut,5000,segment,A1A3_7525_segment.fcs,False,1.0,0.594829924591765
"0.1,0.9",01_09,0.1,0.9,largecut,5000,segment,A1A3_8020_segment.fcs,False,1.0,0.45469122576632
"0.1,0.9",01_09,0.1,0.9,largecut,5000,bimix,A1A3_9010_bimix.fcs,False,1.0,0.512227682227682
"0.1,0.9",01_09,0.1,0.9,largecut,5000,segment,A3A05_1090_segment.fcs,False,1.0,0.291817042606516
"0.1,0.9",01_09,0.1,0.9,largecut,5000,segment,A3A05_7030_segment.fcs,False,1.0,0.676484448633365
"0.1,0.9",01_09,0.1,0.9,largecut,5000,trimix,A3A1A05_103555_trimix.fcs,False,0.654578845622756,0.870811111111111
"0.1,0.9",01_09,0.1,0.9,largecut,5000,segment,A3A1_1090_segment.fcs,False,1.0,0.307936554820416
"0.1,0.9",01_09,0.1,0.9,largecut,5000,segment,A3A1_2575_segment.fcs,False,1.0,0.797539311517212
"0.1,0.9",01_09,0.1,0.9,largecut,5000,bimix,B05B1_3070_bimix.fcs,False,0.716826615483045,0.443324250681199
"0.1,0.9",01_09,0.1,0.9,largecut,5000,segment,B05B1_3565_segment.fcs,False,1.0,0.870897679726132
"0.1,0.9",01_09,0.1,0.9,largecut,5000,segment,B05B1_6535_segment.fcs,False,0.954841756761812,0.950276243093923
"0.1,0.9",01_09,0.1,0.9,largecut,5000,bimix,B05B1_7030_bimix.fcs,False,0.760459770114942,0.7109375
"0.1,0.9",01_09,0.1,0.9,largecut,5000,trimix,B05B3B1_151570_trimix.fcs,False,0.921685030395137,0.732844955489614
"0.1,0.9",01_09,0.1,0.9,largecut,5000,trimix,B05B3B1_751510_trimix.fcs,False,0.978133147113594,0.791739904266021
"0.1,0.9",01_09,0.1,0.9,largecut,5000,segment,B05B3_5545_segment.fcs,False,0.955870667793745,0.984417521384169
"0.1,0.9",01_09,0.1,0.9,largecut,5000,bimix,B05B3_7030_bimix.fcs,False,0.923369565217391,0.927480916030534
"0.1,0.9",01_09,0.1,0.9,largecut,5000,segment,B1B05_2575_segment.fcs,False,1.0,0.821388261851016
"0.1,0.9",01_09,0.1,0.9,largecut,5000,bimix,B1B05_4555_bimix.fcs,False,0.599726090182898,0.816579476861167
"0.1,0.9",01_09,0.1,0.9,largecut,5000,bimix,B1B05_7525_bimix.fcs,False,0.813751176283418,0.497698882314267
"0.1,0.9",01_09,0.1,0.9,largecut,5000,bimix,B1B3_2080_bimix.fcs,False,0.874022602036051,0.606477018684497
"0.1,0.9",01_09,0.1,0.9,largecut,5000,segment,B1B3_7030_segment.fcs,False,1.0,0.769672028127528
"0.1,0.9",01_09,0.1,0.9,largecut,5000,trimix,B3B05B1_652510_trimix.fcs,False,0.68413447678602,0.817099358974359
"0.1,0.9",01_09,0.1,0.9,largecut,5000,trimix,B3B05B1_801010_trimix.fcs,False,0.873981190897133,0.59307140887786
"0.1,0.9",01_09,0.1,0.9,largecut,5000,segment,B3B05_2080_segment.fcs,False,1.0,0.610699300699301
"0.1,0.9",01_09,0.1,0.9,largecut,5000,bimix,B3B05_3565_bimix.fcs,False,0.78885537556487,0.896106442577031
"0.1,0.9",01_09,0.1,0.9,largecut,5000,segment,B3B05_6040_segment.fcs,False,1.0,0.919747235387046
"0.1,0.9",01_09,0.1,0.9,largecut,5000,bimix,B3B05_6535_bimix.fcs,False,0.681725352112676,0.935064935064935
"0.1,0.9",01_09,0.1,0.9,largecut,5000,bimix,B3B05_7525_bimix.fcs,False,0.953355496453901,0.82593903786281
"0.1,0.9",01_09,0.1,0.9,largecut,5000,segment,B3B05_8020_segment.fcs,False,1.0,0.549328214971209
"0.1,0.9",01_09,0.1,0.9,largecut,5000,trimix,B3B1B05_204535_trimix.fcs,False,0.486942909760589,0.909498207885305
"0.1,0.9",01_09,0.1,0.9,largecut,5000,trimix,B3B1B05_253540_trimix.fcs,False,0.411712408272048,0.85017094017094
"0.1,0.9",01_09,0.1,0.9,largecut,5000,trimix,B3B1B05_503515_trimix.fcs,False,0.508740340030912,0.609593023255814
"0.1,0.9",01_09,0.1,0.9,largecut,5000,trimix,B3B1B05_651025_trimix.fcs,False,0.670178128937813,0.833333333333333
"0.1,0.9",01_09,0.1,0.9,largecut,5000,segment,B3B1_1090_segment.fcs,False,1.0,0.237510548523207
"0.1,0.9",01_09,0.1,0.9,largecut,5000,bimix,B3B1_1585_bimix.fcs,False,1.0,0.542365652544783
"0.1,0.9",01_09,0.1,0.9,largecut,5000,bimix,B3B1_2575_bimix.fcs,False,0.863520658583315,0.6910322156476
"0.1,0.9",01_09,0.1,0.9,largecut,5000,segment,B3B1_5545_segment.fcs,False,0.994778304517568,1.0
"0.1,0.9",01_09,0.1,0.9,largecut,5000,bimix,B3B1_6040_bimix.fcs,False,0.59684,0.268411389269373
"0.1,0.9",01_09,0.1,0.9,largecut,5000,segment,B3B1_8020_segment.fcs,False,1.0,0.523830016137708
"0.1,0.9",01_09,0.1,0.9,largecut,5000,bimix,C05C1_7030_bimix.fcs,False,0.891578341013825,0.960490787801779
"0.1,0.9",01_09,0.1,0.9,largecut,5000,bimix,C05C1_7525_bimix.fcs,False,0.968987640343429,0.787280092592593
"0.1,0.9",01_09,0.1,0.9,largecut,5000,bimix,C05C3_8515_bimix.fcs,False,1.0,0.557782258064516
"0.1,0.9",01_09,0.1,0.9,largecut,5000,segment,C1C05_1585_segment.fcs,False,1.0,0.395285714285714
"0.1,0.9",01_09,0.1,0.9,largecut,5000,bimix,C1C05_2080_bimix.fcs,False,0.984547461368653,0.819259259259259
"0.1,0.9",01_09,0.1,0.9,largecut,5000,bimix,C1C05_3070_bimix.fcs,False,0.769418168168168,0.646955053016796
"0.1,0.9",01_09,0.1,0.9,largecut,5000,segment,C1C05_4060_segment.fcs,False,1.0,0.965511083743842
"0.1,0.9",01_09,0.1,0.9,largecut,5000,segment,C1C05_5545_segment.fcs,False,0.993108157991879,0.980126483889203
"0.1,0.9",01_09,0.1,0.9,largecut,5000,trimix,C1C3C05_107515_trimix.fcs,False,0.916367313915858,0.656198140294497
"0.1,0.9",01_09,0.1,0.9,largecut,5000,trimix,C1C3C05_205525_trimix.fcs,False,0.606291358024691,0.985541461122856
"0.1,0.9",01_09,0.1,0.9,largecut,5000,trimix,C1C3C05_302545_trimix.fcs,False,0.461320309145556,0.717396825396825
"0.1,0.9",01_09,0.1,0.9,largecut,5000,trimix,C1C3C05_452035_trimix.fcs,False,0.477080789741708,0.981944444444444
"0.1,0.9",01_09,0.1,0.9,largecut,5000,bimix,C1C3_1090_bimix.fcs,False,1.0,0.336679354493693
"0.1,0.9",01_09,0.1,0.9,largecut,5000,bimix,C1C3_3070_bimix.fcs,False,0.731992829176223,0.825397923875433
"0.1,0.9",01_09,0.1,0.9,largecut,5000,trimix,C3C05C1_101080_trimix.fcs,False,0.955617420655246,0.596205440900563
"0.1,0.9",01_09,0.1,0.9,largecut,5000,trimix,C3C05C1_651025_trimix.fcs,False,0.67031328320802,0.877641703695676
"0.1,0.9",01_09,0.1,0.9,largecut,5000,segment,C3C05_1090_segment.fcs,False,1.0,0.366755162241888
"0.1,0.9",01_09,0.1,0.9,largecut,5000,segment,C3C05_1585_segment.fcs,False,1.0,0.601521739130435
"0.1,0.9",01_09,0.1,0.9,largecut,5000,segment,C3C05_2575_segment.fcs,False,1.0,0.672072072072072
"0.1,0.9",01_09,0.1,0.9,largecut,5000,bimix,C3C05_6535_bimix.fcs,False,0.665388048265685,0.782636363636364
"0.1,0.9",01_09,0.1,0.9,largecut,5000,bimix,C3C05_9010_bimix.fcs,False,1.0,0.348519977856654
"0.1,0.9",01_09,0.1,0.9,largecut,5000,segment,C3C05_9010_segment.fcs,False,1.0,0.324722816136838
"0.1,0.9",01_09,0.1,0.9,largecut,5000,trimix,C3C1C05_104545_trimix.fcs,False,0.975720329547985,0.562213673006077
"0.1,0.9",01_09,0.1,0.9,largecut,5000,trimix,C3C1C05_403525_trimix.fcs,False,0.40727865644872,0.923076923076923
"0.1,0.9",01_09,0.1,0.9,largecut,5000,segment,C3C1_1585_segment.fcs,False,1.0,0.494182987678626
"0.1,0.9",01_09,0.1,0.9,largecut,5000,segment,C3C1_3070_segment.fcs,False,1.0,0.781752769141227
"0.1,0.9",01_09,0.1,0.9,largecut,5000,bimix,C3C1_4060_bimix.fcs,False,0.60197242230297,0.473368421052632
"0.1,0.9",01_09,0.1,0.9,largecut,5000,segment,C3C1_4555_segment.fcs,False,0.5411673441366,0.0
"0.1,0.9",01_09,0.1,0.9,largecut,5000,segment,C3C1_9010_segment.fcs,False,1.0,0.264675883742695
"0.1,0.9",01_09,0.1,0.9,smallcut,2000,trimix,A05A1A3_405010_trimix.fcs,False,0.508647662089345,0.607381164554761
"0.1,0.9",01_09,0.1,0.9,smallcut,2000,segment,A05A1_1090_segment.fcs,False,1.0,0.454930909090909
"0.1,0.9",01_09,0.1,0.9,smallcut,2000,segment,A05A1_1585_segment.fcs,False,1.0,0.508987778812956
"0.1,0.9",01_09,0.1,0.9,smallcut,2000,bimix,A05A1_3565_bimix.fcs,False,0.65982995658466,0.468130434782609
"0.1,0.9",01_09,0.1,0.9,smallcut,2000,bimix,A05A1_4555_bimix.fcs,False,0.544182796516713,0.3971875
"0.1,0.9",01_09,0.1,0.9,smallcut,2000,bimix,A05A1_5545_bimix.fcs,False,0.570051455417733,0.613387096774194
"0.1,0.9",01_09,0.1,0.9,smallcut,2000,bimix,A05A1_7030_bimix.fcs,False,0.739207547169811,0.637643631655608
"0.1,0.9",01_09,0.1,0.9,smallcut,2000,segment,A05A1_9010_segment.fcs,False,0.998528870908422,0.464489795918367
"0.1,0.9",01_09,0.1,0.9,smallcut,2000,bimix,A05A3_1585_bimix.fcs,False,0.874384512683578,0.379214542528851
"0.1,0.9",01_09,0.1,0.9,smallcut,2000,bimix,A05A3_2080_bimix.fcs,False,0.81548598322079,0.415632419214967
"0.1,0.9",01_09,0.1,0.9,smallcut,2000,segment,A05A3_3565_segment.fcs,False,1.0,0.704623501144683
"0.1,0.9",01_09,0.1,0.9,smallcut,2000,bimix,A05A3_7525_bimix.fcs,False,0.860701335730003,0.640382513661202
"0.1,0.9",01_09,0.1,0.9,smallcut,2000,bimix,A05A3_9010_bimix.fcs,False,0.99813445969729,0.367980769230769
"0.1,0.9",01_09,0.1,0.9,smallcut,2000,segment,A05A3_9010_segment.fcs,False,0.999507977788712,0.256258278145695
"0.1,0.9",01_09,0.1,0.9,smallcut,2000,trimix,A1A05A3_501535_trimix.fcs,False,0.505240786117918,0.601896551724138
"0.1,0.9",01_09,0.1,0.9,smallcut,2000,segment,A1A05_4555_segment.fcs,False,0.558820556875032,0.678571428571429
"0.1,0.9",01_09,0.1,0.9,smallcut,2000,trimix,A1A3A05_106525_trimix.fcs,False,0.661679550979238,0.499756493506493
"0.1,0.9",01_09,0.1,0.9,smallcut,2000,trimix,A1A3A05_252055_trimix.fcs,False,0.589135487528345,0.938469731936801
"0.1,0.9",01_09,0.1,0.9,smallcut,2000,segment,A1A3_3070_segment.fcs,False,1.0,0.860551319755676
"0.1,0.9",01_09,0.1,0.9,smallcut,2000,segment,A1A3_5545_segment.fcs,False,0.986349462365591,0.972938493060656
"0.1,0.9",01_09,0.1,0.9,smallcut,2000,bimix,A1A3_6040_bimix.fcs,False,0.623455962405506,0.554174679487179
"0.1,0.9",01_09,0.1,0.9,smallcut,2000,bimix,A1A3_7525_bimix.fcs,False,0.797288030241098,0.506245421245421
"0.1,0.9",01_09,0.1,0.9,smallcut,2000,trimix,A3A05A1_454510_trimix.fcs,False,0.900239244150683,0.101898305084746
"0.1,0.9",01_09,0.1,0.9,smallcut,2000,segment,A3A05_1585_segment.fcs,False,1.0,0.710129449838188
"0.1,0.9",01_09,0.1,0.9,smallcut,2000,trimix,A3A1A05_106525_trimix.fcs,False,0.671091108689797,0.496484962406015
"0.1,0.9",01_09,0.1,0.9,smallcut,2000,trimix,A3A1A05_305020_trimix.fcs,False,0.509647147147147,0.580260115104411
"0.1,0.9",01_09,0.1,0.9,smallcut,2000,trimix,A3A1A05_502525_trimix.fcs,False,0.496261079774376,0.474079867207201
"0.1,0.9",01_09,0.1,0.9,smallcut,2000,segment,A3A1_1090_segment.fcs,False,1.0,0.228629404313216
"0.1,0.9",01_09,0.1,0.9,smallcut,2000,segment,B05B1_4060_segment.fcs,False,0.853240279162512,0.961325966850829
"0.1,0.9",01_09,0.1,0.9,smallcut,2000,bimix,B05B1_6040_bimix.fcs,False,0.603050953422945,0.433197278911565
"0.1,0.9",01_09,0.1,0.9,smallcut,2000,bimix,B05B1_6535_bimix.fcs,False,0.693179133858268,0.629660999004807
"0.1,0.9",01_09,0.1,0.9,smallcut,2000,bimix,B05B1_7525_bimix.fcs,False,0.802578457232061,0.554711111111111
"0.1,0.9",01_09,0.1,0.9,smallcut,2000,segment,B05B1_8515_segment.fcs,False,1.0,0.481211962412015
"0.1,0.9",01_09,0.1,0.9,smallcut,2000,segment,B05B3_1090_segment.fcs,False,1.0,0.300678036141991
"0.1,0.9",01_09,0.1,0.9,smallcut,2000,segment,B05B3_2080_segment.fcs,False,1.0,0.657931034482759
"0.1,0.9",01_09,0.1,0.9,smallcut,2000,segment,B05B3_4060_segment.fcs,False,1.0,0.923394131641554
"0.1,0.9",01_09,0.1,0.9,smallcut,2000,bimix,B05B3_6040_bimix.fcs,False,0.626752475247525,0.740615561628074
"0.1,0.9",01_09,0.1,0.9,smallcut,2000,bimix,B05B3_7525_bimix.fcs,False,0.779580306698951,0.481668773704172
"0.1,0.9",01_09,0.1,0.9,smallcut,2000,bimix,B05B3_9010_bimix.fcs,False,1.0,0.455698924731183
"0.1,0.9",01_09,0.1,0.9,smallcut,2000,trimix,B1B05B3_103060_trimix.fcs,False,0.615570427023582,0.537633802816901
"0.1,0.9",01_09,0.1,0.9,smallcut,2000,trimix,B1B05B3_205030_trimix.fcs,False,0.517983013782231,0.773050193050193
"0.1,0.9",01_09,0.1,0.9,smallcut,2000,trimix,B1B05B3_355510_trimix.fcs,False,0.580874047394582,0.724869791666667
"0.1,0.9",01_09,0.1,0.9,smallcut,2000,segment,B1B05_7525_segment.fcs,False,0.996641414141414,0.806334016860333
"0.1,0.9",01_09,0.1,0.9,smallcut,2000,trimix,B1B3B05_101080_trimix.fcs,False,0.891380318229725,0.614961240310077
"0.1,0.9",01_09,0.1,0.9,smallcut,2000,trimix,B1B3B05_302545_trimix.fcs,False,0.482360347397091,0.915434782608696
"0.1,0.9",01_09,0.1,0.9,smallcut,2000,trimix,B1B3B05_504010_trimix.fcs,False,0.510037962962963,0.623836578211968
"0.1,0.9",01_09,0.1,0.9,smallcut,2000,trimix,B1B3B05_651025_trimix.fcs,False,0.666027722772277,0.471990320629159
"0.1,0.9",01_09,0.1,0.9,smallcut,2000,bimix,B1B3_1585_bimix.fcs,False,0.859645793499044,0.232274823301987
"0.1,0.9",01_09,0.1,0.9,smallcut,2000,bimix,B1B3_5545_bimix.fcs,False,0.550119674690733,0.450788485607009
"0.1,0.9",01_09,0.1,0.9,smallcut,2000,segment,B1B3_6040_segment.fcs,False,0.976929266467066,0.910747112593025
"0.1,0.9",01_09,0.1,0.9,smallcut,2000,bimix,B1B3_8020_bimix.fcs,False,0.820348533701827,0.3699756316532
"0.1,0.9",01_09,0.1,0.9,smallcut,2000,segment,B1B3_8515_segment.fcs,False,1.0,0.360474024331685
"0.1,0.9",01_09,0.1,0.9,smallcut,2000,segment,B3B05_9010_segment.fcs,False,1.0,0.344485717103317
"0.1,0.9",01_09,0.1,0.9,smallcut,2000,segment,B3B1_4060_segment.fcs,False,1.0,0.915663529411765
"0.1,0.9",01_09,0.1,0.9,smallcut,2000,segment,B3B1_8020_segment.fcs,False,1.0,0.52151022678119
"0.1,0.9",01_09,0.1,0.9,smallcut,2000,segment,C05C1_1090_segment.fcs,False,1.0,0.447301006404392
"0.1,0.9",01_09,0.1,0.9,smallcut,2000,segment,C05C1_1585_segment.fcs,False,1.0,0.488716330987624
"0.1,0.9",01_09,0.1,0.9,smallcut,2000,bimix,C05C1_8515_bimix.fcs,False,0.871453705740048,0.253866666666667
"0.1,0.9",01_09,0.1,0.9,smallcut,2000,segment,C05C3_1585_segment.fcs,False,1.0,0.415327265856493
"0.1,0.9",01_09,0.1,0.9,smallcut,2000,segment,C05C3_3565_segment.fcs,False,1.0,0.874996279761905
"0.1,0.9",01_09,0.1,0.9,smallcut,2000,bimix,C05C3_7030_bimix.fcs,False,0.716756411140434,0.620714285714286
"0.1,0.9",01_09,0.1,0.9,smallcut,2000,bimix,C05C3_8515_bimix.fcs,False,0.962179104477612,0.512047031611411
"0.1,0.9",01_09,0.1,0.9,smallcut,2000,segment,C05C3_9010_segment.fcs,False,0.998348549527934,0.278922902494331
"0.1,0.9",01_09,0.1,0.9,smallcut,2000,segment,C1C05_3070_segment.fcs,False,0.994319601454264,0.766990291262136
"0.1,0.9",01_09,0.1,0.9,smallcut,2000,bimix,C1C05_4060_bimix.fcs,False,0.638818800247372,0.652720510954806
"0.1,0.9",01_09,0.1,0.9,smallcut,2000,bimix,C1C05_6040_bimix.fcs,False,0.604832276712094,0.428282352941176
"0.1,0.9",01_09,0.1,0.9,smallcut,2000,segment,C1C05_9010_segment.fcs,False,1.0,0.420619443647835
"0.1,0.9",01_09,0.1,0.9,smallcut,2000,trimix,C1C3C05_106030_trimix.fcs,False,0.618710477879317,0.604535256410256
"0.1,0.9",01_09,0.1,0.9,smallcut,2000,trimix,C1C3C05_352045_trimix.fcs,False,0.467872864055813,0.754747474747475
"0.1,0.9",01_09,0.1,0.9,smallcut,2000,trimix,C1C3C05_353530_trimix.fcs,False,0.699624269782262,0.291763225849169
"0.1,0.9",01_09,0.1,0.9,smallcut,2000,trimix,C1C3C05_801010_trimix.fcs,False,0.830252453330861,0.404071794871795
"0.1,0.9",01_09,0.1,0.9,smallcut,2000,bimix,C1C3_1090_bimix.fcs,False,0.917408605463134,0.277275624614677
"0.1,0.9",01_09,0.1,0.9,smallcut,2000,segment,C1C3_2575_segment.fcs,False,1.0,0.717234594085071
"0.1,0.9",01_09,0.1,0.9,smallcut,2000,segment,C1C3_4555_segment.fcs,False,0.562352959445924,0.8
"0.1,0.9",01_09,0.1,0.9,smallcut,2000,segment,C1C3_7525_segment.fcs,False,1.0,0.70920449109379
"0.1,0.9",01_09,0.1,0.9,smallcut,2000,bimix,C3C05_4060_bimix.fcs,False,0.624496753246753,0.808418390389305
"0.1,0.9",01_09,0.1,0.9,smallcut,2000,segment,C3C05_4555_segment.fcs,False,0.933237004436432,0.930232558139535
"0.1,0.9",01_09,0.1,0.9,smallcut,2000,trimix,C3C1C05_101080_trimix.fcs,False,0.907630320660715,0.672161172161172
"0.1,0.9",01_09,0.1,0.9,smallcut,2000,trimix,C3C1C05_107020_trimix.fcs,False,0.716519303888506,0.485755208333333
"0.1,0.9",01_09,0.1,0.9,smallcut,2000,trimix,C3C1C05_204040_trimix.fcs,False,0.80249290556519,0.224326923076923
"0.1,0.9",01_09,0.1,0.9,smallcut,2000,trimix,C3C1C05_301555_trimix.fcs,False,0.577251045643742,0.78216049382716
"0.1,0.9",01_09,0.1,0.9,smallcut,2000,bimix,C3C1_3565_bimix.fcs,False,0.654693725597229,0.428308823529412
"0.1,0.9",01_09,0.1,0.9,smallcut,2000,bimix,C3C1_8020_bimix.fcs,False,0.815335588566946,0.328805798997346
"0.1,1",01_10,0.1,1.0,largecut,5000,trimix,A05A1A3_157510_trimix.fcs,False,0.997493762965264,0.660306818181818
"0.1,1",01_10,0.1,1.0,largecut,5000,trimix,A05A1A3_306010_trimix.fcs,False,0.712719298245614,0.807397622192867
"0.1,1",01_10,0.1,1.0,largecut,5000,trimix,A05A1A3_601030_trimix.fcs,False,0.814742309228925,0.942929292929293
"0.1,1",01_10,0.1,1.0,largecut,5000,bimix,A05A1_2080_bimix.fcs,False,0.989620588034624,0.623366093366093
"0.1,1",01_10,0.1,1.0,largecut,5000,bimix,A05A1_2575_bimix.fcs,False,0.96721011509396,0.831572758451739
"0.1,1",01_10,0.1,1.0,largecut,5000,bimix,A05A1_3070_bimix.fcs,False,0.79040435994244,0.79314606741573
"0.1,1",01_10,0.1,1.0,largecut,5000,bimix,A05A1_4060_bimix.fcs,False,0.603871391076116,0.426516853932584
"0.1,1",01_10,0.1,1.0,largecut,5000,segment,A05A1_4555_segment.fcs,False,0.570904304738309,0.75
"0.1,1",01_10,0.1,1.0,largecut,5000,trimix,A05A3A1_454510_trimix.fcs,False,0.965799823612137,0.697445887445887
"0.1,1",01_10,0.1,1.0,largecut,5000,bimix,A05A3_1090_bimix.fcs,False,1.0,0.330828729281768
"0.1,1",01_10,0.1,1.0,largecut,5000,bimix,A05A3_2575_bimix.fcs,False,0.958407337312564,0.715242118947026
"0.1,1",01_10,0.1,1.0,largecut,5000,segment,A05A3_4060_segment.fcs,False,1.0,0.824507658643326
"0.1,1",01_10,0.1,1.0,largecut,5000,bimix,A05A3_6040_bimix.fcs,False,0.630327814518884,0.936306306306306
"0.1,1",01_10,0.1,1.0,largecut,5000,bimix,A05A3_8020_bimix.fcs,False,1.0,0.656553884711779
"0.1,1",01_10,0.1,1.0,largecut,5000,segment,A05A3_8515_segment.fcs,False,0.998322638090056,0.619843304843305
"0.1,1",01_10,0.1,1.0,largecut,5000,segment,A1A05_4060_segment.fcs,False,0.589796381139874,0.25
"0.1,1",01_10,0.1,1.0,largecut,5000,segment,A1A05_5545_segment.fcs,False,0.992265114110488,0.966675977653631
"0.1,1",01_10,0.1,1.0,largecut,5000,trimix,A1A3A05_551035_trimix.fcs,False,0.616535087719298,0.881939171517759
"0.1,1",01_10,0.1,1.0,largecut,5000,trimix,A1A3A05_651025_trimix.fcs,False,0.746041088453323,0.609958791208791
"0.1,1",01_10,0.1,1.0,largecut,5000,trimix,A1A3A05_651520_trimix.fcs,False,0.782658064516129,0.89878809090208
"0.1,1",01_10,0.1,1.0,largecut,5000,bimix,A1A3_1090_bimix.fcs,False,1.0,0.307155346590925
"0.1,1",01_10,0.1,1.0,largecut,5000,bimix,A1A3_1585_bimix.fcs,False,0.930722488038278,0.482499014584155
"0.1,1",01_10,0.1,1.0,largecut,5000,segment,A1A3_7525_segment.fcs,False,1.0,0.594829924591765
"0.1,1",01_10,0.1,1.0,largecut,5000,segment,A1A3_8020_segment.fcs,False,1.0,0.45469122576632
"0.1,1",01_10,0.1,1.0,largecut,5000,bimix,A1A3_9010_bimix.fcs,False,1.0,0.512227682227682
"0.1,1",01_10,0.1,1.0,largecut,5000,segment,A3A05_1090_segment.fcs,False,1.0,0.291817042606516
"0.1,1",01_10,0.1,1.0,largecut,5000,segment,A3A05_7030_segment.fcs,False,1.0,0.676484448633365
"0.1,1",01_10,0.1,1.0,largecut,5000,trimix,A3A1A05_103555_trimix.fcs,False,0.654578845622756,0.870811111111111
"0.1,1",01_10,0.1,1.0,largecut,5000,segment,A3A1_1090_segment.fcs,False,1.0,0.307936554820416
"0.1,1",01_10,0.1,1.0,largecut,5000,segment,A3A1_2575_segment.fcs,False,1.0,0.797539311517212
"0.1,1",01_10,0.1,1.0,largecut,5000,bimix,B05B1_3070_bimix.fcs,False,0.716826615483045,0.443324250681199
"0.1,1",01_10,0.1,1.0,largecut,5000,segment,B05B1_3565_segment.fcs,False,1.0,0.870897679726132
"0.1,1",01_10,0.1,1.0,largecut,5000,segment,B05B1_6535_segment.fcs,False,0.954841756761812,0.950276243093923
"0.1,1",01_10,0.1,1.0,largecut,5000,bimix,B05B1_7030_bimix.fcs,False,0.760459770114942,0.7109375
"0.1,1",01_10,0.1,1.0,largecut,5000,trimix,B05B3B1_151570_trimix.fcs,False,0.921685030395137,0.732844955489614
"0.1,1",01_10,0.1,1.0,largecut,5000,trimix,B05B3B1_751510_trimix.fcs,False,0.978133147113594,0.791739904266021
"0.1,1",01_10,0.1,1.0,largecut,5000,segment,B05B3_5545_segment.fcs,False,0.955870667793745,0.984417521384169
"0.1,1",01_10,0.1,1.0,largecut,5000,bimix,B05B3_7030_bimix.fcs,False,0.923369565217391,0.927480916030534
"0.1,1",01_10,0.1,1.0,largecut,5000,segment,B1B05_2575_segment.fcs,False,1.0,0.821388261851016
"0.1,1",01_10,0.1,1.0,largecut,5000,bimix,B1B05_4555_bimix.fcs,False,0.599726090182898,0.816579476861167
"0.1,1",01_10,0.1,1.0,largecut,5000,bimix,B1B05_7525_bimix.fcs,False,0.813751176283418,0.497698882314267
"0.1,1",01_10,0.1,1.0,largecut,5000,bimix,B1B3_2080_bimix.fcs,False,0.874022602036051,0.606477018684497
"0.1,1",01_10,0.1,1.0,largecut,5000,segment,B1B3_7030_segment.fcs,False,1.0,0.769672028127528
"0.1,1",01_10,0.1,1.0,largecut,5000,trimix,B3B05B1_652510_trimix.fcs,False,0.68413447678602,0.817099358974359
"0.1,1",01_10,0.1,1.0,largecut,5000,trimix,B3B05B1_801010_trimix.fcs,False,0.873981190897133,0.59307140887786
"0.1,1",01_10,0.1,1.0,largecut,5000,segment,B3B05_2080_segment.fcs,False,1.0,0.610699300699301
"0.1,1",01_10,0.1,1.0,largecut,5000,bimix,B3B05_3565_bimix.fcs,False,0.78885537556487,0.896106442577031
"0.1,1",01_10,0.1,1.0,largecut,5000,segment,B3B05_6040_segment.fcs,False,1.0,0.919747235387046
"0.1,1",01_10,0.1,1.0,largecut,5000,bimix,B3B05_6535_bimix.fcs,False,0.681725352112676,0.935064935064935
"0.1,1",01_10,0.1,1.0,largecut,5000,bimix,B3B05_7525_bimix.fcs,False,0.953355496453901,0.82593903786281
"0.1,1",01_10,0.1,1.0,largecut,5000,segment,B3B05_8020_segment.fcs,False,1.0,0.549328214971209
"0.1,1",01_10,0.1,1.0,largecut,5000,trimix,B3B1B05_204535_trimix.fcs,False,0.486942909760589,0.909498207885305
"0.1,1",01_10,0.1,1.0,largecut,5000,trimix,B3B1B05_253540_trimix.fcs,False,0.411712408272048,0.85017094017094
"0.1,1",01_10,0.1,1.0,largecut,5000,trimix,B3B1B05_503515_trimix.fcs,False,0.508740340030912,0.609593023255814
"0.1,1",01_10,0.1,1.0,largecut,5000,trimix,B3B1B05_651025_trimix.fcs,False,0.670178128937813,0.833333333333333
"0.1,1",01_10,0.1,1.0,largecut,5000,segment,B3B1_1090_segment.fcs,False,1.0,0.237510548523207
"0.1,1",01_10,0.1,1.0,largecut,5000,bimix,B3B1_1585_bimix.fcs,False,1.0,0.542365652544783
"0.1,1",01_10,0.1,1.0,largecut,5000,bimix,B3B1_2575_bimix.fcs,False,0.863520658583315,0.6910322156476
"0.1,1",01_10,0.1,1.0,largecut,5000,segment,B3B1_5545_segment.fcs,False,0.994778304517568,1.0
"0.1,1",01_10,0.1,1.0,largecut,5000,bimix,B3B1_6040_bimix.fcs,False,0.59684,0.268411389269373
"0.1,1",01_10,0.1,1.0,largecut,5000,segment,B3B1_8020_segment.fcs,False,1.0,0.523830016137708
"0.1,1",01_10,0.1,1.0,largecut,5000,bimix,C05C1_7030_bimix.fcs,False,0.891578341013825,0.960490787801779
"0.1,1",01_10,0.1,1.0,largecut,5000,bimix,C05C1_7525_bimix.fcs,False,0.968987640343429,0.787280092592593
"0.1,1",01_10,0.1,1.0,largecut,5000,bimix,C05C3_8515_bimix.fcs,False,1.0,0.557782258064516
"0.1,1",01_10,0.1,1.0,largecut,5000,segment,C1C05_1585_segment.fcs,False,1.0,0.395285714285714
"0.1,1",01_10,0.1,1.0,largecut,5000,bimix,C1C05_2080_bimix.fcs,False,0.984547461368653,0.819259259259259
"0.1,1",01_10,0.1,1.0,largecut,5000,bimix,C1C05_3070_bimix.fcs,False,0.769418168168168,0.646955053016796
"0.1,1",01_10,0.1,1.0,largecut,5000,segment,C1C05_4060_segment.fcs,False,1.0,0.965511083743842
"0.1,1",01_10,0.1,1.0,largecut,5000,segment,C1C05_5545_segment.fcs,False,0.993108157991879,0.980126483889203
"0.1,1",01_10,0.1,1.0,largecut,5000,trimix,C1C3C05_107515_trimix.fcs,False,0.916367313915858,0.656198140294497
"0.1,1",01_10,0.1,1.0,largecut,5000,trimix,C1C3C05_205525_trimix.fcs,False,0.606291358024691,0.985541461122856
"0.1,1",01_10,0.1,1.0,largecut,5000,trimix,C1C3C05_302545_trimix.fcs,False,0.461320309145556,0.717396825396825
"0.1,1",01_10,0.1,1.0,largecut,5000,trimix,C1C3C05_452035_trimix.fcs,False,0.477080789741708,0.981944444444444
"0.1,1",01_10,0.1,1.0,largecut,5000,bimix,C1C3_1090_bimix.fcs,False,1.0,0.336679354493693
"0.1,1",01_10,0.1,1.0,largecut,5000,bimix,C1C3_3070_bimix.fcs,False,0.731992829176223,0.825397923875433
"0.1,1",01_10,0.1,1.0,largecut,5000,trimix,C3C05C1_101080_trimix.fcs,False,0.955617420655246,0.596205440900563
"0.1,1",01_10,0.1,1.0,largecut,5000,trimix,C3C05C1_651025_trimix.fcs,False,0.67031328320802,0.877641703695676
"0.1,1",01_10,0.1,1.0,largecut,5000,segment,C3C05_1090_segment.fcs,False,1.0,0.366755162241888
"0.1,1",01_10,0.1,1.0,largecut,5000,segment,C3C05_1585_segment.fcs,False,1.0,0.601521739130435
"0.1,1",01_10,0.1,1.0,largecut,5000,segment,C3C05_2575_segment.fcs,False,1.0,0.672072072072072
"0.1,1",01_10,0.1,1.0,largecut,5000,bimix,C3C05_6535_bimix.fcs,False,0.665388048265685,0.782636363636364
"0.1,1",01_10,0.1,1.0,largecut,5000,bimix,C3C05_9010_bimix.fcs,False,1.0,0.348519977856654
"0.1,1",01_10,0.1,1.0,largecut,5000,segment,C3C05_9010_segment.fcs,False,1.0,0.324722816136838
"0.1,1",01_10,0.1,1.0,largecut,5000,trimix,C3C1C05_104545_trimix.fcs,False,0.975720329547985,0.562213673006077
"0.1,1",01_10,0.1,1.0,largecut,5000,trimix,C3C1C05_403525_trimix.fcs,False,0.40727865644872,0.923076923076923
"0.1,1",01_10,0.1,1.0,largecut,5000,segment,C3C1_1585_segment.fcs,False,1.0,0.494182987678626
"0.1,1",01_10,0.1,1.0,largecut,5000,segment,C3C1_3070_segment.fcs,False,1.0,0.781752769141227
"0.1,1",01_10,0.1,1.0,largecut,5000,bimix,C3C1_4060_bimix.fcs,False,0.60197242230297,0.473368421052632
"0.1,1",01_10,0.1,1.0,largecut,5000,segment,C3C1_4555_segment.fcs,False,0.5411673441366,0.0
"0.1,1",01_10,0.1,1.0,largecut,5000,segment,C3C1_9010_segment.fcs,False,1.0,0.264675883742695
"0.1,1",01_10,0.1,1.0,smallcut,2000,trimix,A05A1A3_405010_trimix.fcs,False,0.508647662089345,0.607381164554761
"0.1,1",01_10,0.1,1.0,smallcut,2000,segment,A05A1_1090_segment.fcs,False,1.0,0.454930909090909
"0.1,1",01_10,0.1,1.0,smallcut,2000,segment,A05A1_1585_segment.fcs,False,1.0,0.508987778812956
"0.1,1",01_10,0.1,1.0,smallcut,2000,bimix,A05A1_3565_bimix.fcs,False,0.65982995658466,0.468130434782609
"0.1,1",01_10,0.1,1.0,smallcut,2000,bimix,A05A1_4555_bimix.fcs,False,0.544182796516713,0.3971875
"0.1,1",01_10,0.1,1.0,smallcut,2000,bimix,A05A1_5545_bimix.fcs,False,0.570051455417733,0.613387096774194
"0.1,1",01_10,0.1,1.0,smallcut,2000,bimix,A05A1_7030_bimix.fcs,False,0.739207547169811,0.637643631655608
"0.1,1",01_10,0.1,1.0,smallcut,2000,segment,A05A1_9010_segment.fcs,False,0.998528870908422,0.464489795918367
"0.1,1",01_10,0.1,1.0,smallcut,2000,bimix,A05A3_1585_bimix.fcs,False,0.874384512683578,0.379214542528851
"0.1,1",01_10,0.1,1.0,smallcut,2000,bimix,A05A3_2080_bimix.fcs,False,0.81548598322079,0.415632419214967
"0.1,1",01_10,0.1,1.0,smallcut,2000,segment,A05A3_3565_segment.fcs,False,1.0,0.704623501144683
"0.1,1",01_10,0.1,1.0,smallcut,2000,bimix,A05A3_7525_bimix.fcs,False,0.860701335730003,0.640382513661202
"0.1,1",01_10,0.1,1.0,smallcut,2000,bimix,A05A3_9010_bimix.fcs,False,0.99813445969729,0.367980769230769
"0.1,1",01_10,0.1,1.0,smallcut,2000,segment,A05A3_9010_segment.fcs,False,0.999507977788712,0.256258278145695
"0.1,1",01_10,0.1,1.0,smallcut,2000,trimix,A1A05A3_501535_trimix.fcs,False,0.505240786117918,0.601896551724138
"0.1,1",01_10,0.1,1.0,smallcut,2000,segment,A1A05_4555_segment.fcs,False,0.558820556875032,0.678571428571429
"0.1,1",01_10,0.1,1.0,smallcut,2000,trimix,A1A3A05_106525_trimix.fcs,False,0.661679550979238,0.499756493506493
"0.1,1",01_10,0.1,1.0,smallcut,2000,trimix,A1A3A05_252055_trimix.fcs,False,0.589135487528345,0.938469731936801
"0.1,1",01_10,0.1,1.0,smallcut,2000,segment,A1A3_3070_segment.fcs,False,1.0,0.860551319755676
"0.1,1",01_10,0.1,1.0,smallcut,2000,segment,A1A3_5545_segment.fcs,False,0.986349462365591,0.972938493060656
"0.1,1",01_10,0.1,1.0,smallcut,2000,bimix,A1A3_6040_bimix.fcs,False,0.623455962405506,0.554174679487179
"0.1,1",01_10,0.1,1.0,smallcut,2000,bimix,A1A3_7525_bimix.fcs,False,0.797288030241098,0.506245421245421
"0.1,1",01_10,0.1,1.0,smallcut,2000,trimix,A3A05A1_454510_trimix.fcs,False,0.900239244150683,0.101898305084746
"0.1,1",01_10,0.1,1.0,smallcut,2000,segment,A3A05_1585_segment.fcs,False,1.0,0.710129449838188
"0.1,1",01_10,0.1,1.0,smallcut,2000,trimix,A3A1A05_106525_trimix.fcs,False,0.671091108689797,0.496484962406015
"0.1,1",01_10,0.1,1.0,smallcut,2000,trimix,A3A1A05_305020_trimix.fcs,False,0.509647147147147,0.580260115104411
"0.1,1",01_10,0.1,1.0,smallcut,2000,trimix,A3A1A05_502525_trimix.fcs,False,0.496261079774376,0.474079867207201
"0.1,1",01_10,0.1,1.0,smallcut,2000,segment,A3A1_1090_segment.fcs,False,1.0,0.228629404313216
"0.1,1",01_10,0.1,1.0,smallcut,2000,segment,B05B1_4060_segment.fcs,False,0.853240279162512,0.961325966850829
"0.1,1",01_10,0.1,1.0,smallcut,2000,bimix,B05B1_6040_bimix.fcs,False,0.603050953422945,0.433197278911565
"0.1,1",01_10,0.1,1.0,smallcut,2000,bimix,B05B1_6535_bimix.fcs,False,0.693179133858268,0.629660999004807
"0.1,1",01_10,0.1,1.0,smallcut,2000,bimix,B05B1_7525_bimix.fcs,False,0.802578457232061,0.554711111111111
"0.1,1",01_10,0.1,1.0,smallcut,2000,segment,B05B1_8515_segment.fcs,False,1.0,0.481211962412015
"0.1,1",01_10,0.1,1.0,smallcut,2000,segment,B05B3_1090_segment.fcs,False,1.0,0.300678036141991
"0.1,1",01_10,0.1,1.0,smallcut,2000,segment,B05B3_2080_segment.fcs,False,1.0,0.657931034482759
"0.1,1",01_10,0.1,1.0,smallcut,2000,segment,B05B3_4060_segment.fcs,False,1.0,0.923394131641554
"0.1,1",01_10,0.1,1.0,smallcut,2000,bimix,B05B3_6040_bimix.fcs,False,0.626752475247525,0.740615561628074
"0.1,1",01_10,0.1,1.0,smallcut,2000,bimix,B05B3_7525_bimix.fcs,False,0.779580306698951,0.481668773704172
"0.1,1",01_10,0.1,1.0,smallcut,2000,bimix,B05B3_9010_bimix.fcs,False,1.0,0.455698924731183
"0.1,1",01_10,0.1,1.0,smallcut,2000,trimix,B1B05B3_103060_trimix.fcs,False,0.615570427023582,0.537633802816901
"0.1,1",01_10,0.1,1.0,smallcut,2000,trimix,B1B05B3_205030_trimix.fcs,False,0.517983013782231,0.773050193050193
"0.1,1",01_10,0.1,1.0,smallcut,2000,trimix,B1B05B3_355510_trimix.fcs,False,0.580874047394582,0.724869791666667
"0.1,1",01_10,0.1,1.0,smallcut,2000,segment,B1B05_7525_segment.fcs,False,0.996641414141414,0.806334016860333
"0.1,1",01_10,0.1,1.0,smallcut,2000,trimix,B1B3B05_101080_trimix.fcs,False,0.891380318229725,0.614961240310077
"0.1,1",01_10,0.1,1.0,smallcut,2000,trimix,B1B3B05_302545_trimix.fcs,False,0.482360347397091,0.915434782608696
"0.1,1",01_10,0.1,1.0,smallcut,2000,trimix,B1B3B05_504010_trimix.fcs,False,0.510037962962963,0.623836578211968
"0.1,1",01_10,0.1,1.0,smallcut,2000,trimix,B1B3B05_651025_trimix.fcs,False,0.666027722772277,0.471990320629159
"0.1,1",01_10,0.1,1.0,smallcut,2000,bimix,B1B3_1585_bimix.fcs,False,0.859645793499044,0.232274823301987
"0.1,1",01_10,0.1,1.0,smallcut,2000,bimix,B1B3_5545_bimix.fcs,False,0.550119674690733,0.450788485607009
"0.1,1",01_10,0.1,1.0,smallcut,2000,segment,B1B3_6040_segment.fcs,False,0.976929266467066,0.910747112593025
"0.1,1",01_10,0.1,1.0,smallcut,2000,bimix,B1B3_8020_bimix.fcs,False,0.820348533701827,0.3699756316532
"0.1,1",01_10,0.1,1.0,smallcut,2000,segment,B1B3_8515_segment.fcs,False,1.0,0.360474024331685
"0.1,1",01_10,0.1,1.0,smallcut,2000,segment,B3B05_9010_segment.fcs,False,1.0,0.344485717103317
"0.1,1",01_10,0.1,1.0,smallcut,2000,segment,B3B1_4060_segment.fcs,False,1.0,0.915663529411765
"0.1,1",01_10,0.1,1.0,smallcut,2000,segment,B3B1_8020_segment.fcs,False,1.0,0.52151022678119
"0.1,1",01_10,0.1,1.0,smallcut,2000,segment,C05C1_1090_segment.fcs,False,1.0,0.447301006404392
"0.1,1",01_10,0.1,1.0,smallcut,2000,segment,C05C1_1585_segment.fcs,False,1.0,0.488716330987624
"0.1,1",01_10,0.1,1.0,smallcut,2000,bimix,C05C1_8515_bimix.fcs,False,0.871453705740048,0.253866666666667
"0.1,1",01_10,0.1,1.0,smallcut,2000,segment,C05C3_1585_segment.fcs,False,1.0,0.415327265856493
"0.1,1",01_10,0.1,1.0,smallcut,2000,segment,C05C3_3565_segment.fcs,False,1.0,0.874996279761905
"0.1,1",01_10,0.1,1.0,smallcut,2000,bimix,C05C3_7030_bimix.fcs,False,0.716756411140434,0.620714285714286
"0.1,1",01_10,0.1,1.0,smallcut,2000,bimix,C05C3_8515_bimix.fcs,False,0.962179104477612,0.512047031611411
"0.1,1",01_10,0.1,1.0,smallcut,2000,segment,C05C3_9010_segment.fcs,False,0.998348549527934,0.278922902494331
"0.1,1",01_10,0.1,1.0,smallcut,2000,segment,C1C05_3070_segment.fcs,False,0.994319601454264,0.766990291262136
"0.1,1",01_10,0.1,1.0,smallcut,2000,bimix,C1C05_4060_bimix.fcs,False,0.638818800247372,0.652720510954806
"0.1,1",01_10,0.1,1.0,smallcut,2000,bimix,C1C05_6040_bimix.fcs,False,0.604832276712094,0.428282352941176
"0.1,1",01_10,0.1,1.0,smallcut,2000,segment,C1C05_9010_segment.fcs,False,1.0,0.420619443647835
"0.1,1",01_10,0.1,1.0,smallcut,2000,trimix,C1C3C05_106030_trimix.fcs,False,0.618710477879317,0.604535256410256
"0.1,1",01_10,0.1,1.0,smallcut,2000,trimix,C1C3C05_352045_trimix.fcs,False,0.467872864055813,0.754747474747475
"0.1,1",01_10,0.1,1.0,smallcut,2000,trimix,C1C3C05_353530_trimix.fcs,False,0.699624269782262,0.291763225849169
"0.1,1",01_10,0.1,1.0,smallcut,2000,trimix,C1C3C05_801010_trimix.fcs,False,0.830252453330861,0.404071794871795
"0.1,1",01_10,0.1,1.0,smallcut,2000,bimix,C1C3_1090_bimix.fcs,False,0.917408605463134,0.277275624614677
"0.1,1",01_10,0.1,1.0,smallcut,2000,segment,C1C3_2575_segment.fcs,False,1.0,0.717234594085071
"0.1,1",01_10,0.1,1.0,smallcut,2000,segment,C1C3_4555_segment.fcs,False,0.562352959445924,0.8
"0.1,1",01_10,0.1,1.0,smallcut,2000,segment,C1C3_7525_segment.fcs,False,1.0,0.70920449109379
"0.1,1",01_10,0.1,1.0,smallcut,2000,bimix,C3C05_4060_bimix.fcs,False,0.624496753246753,0.808418390389305
"0.1,1",01_10,0.1,1.0,smallcut,2000,segment,C3C05_4555_segment.fcs,False,0.933237004436432,0.930232558139535
"0.1,1",01_10,0.1,1.0,smallcut,2000,trimix,C3C1C05_101080_trimix.fcs,False,0.907630320660715,0.672161172161172
"0.1,1",01_10,0.1,1.0,smallcut,2000,trimix,C3C1C05_107020_trimix.fcs,False,0.716519303888506,0.485755208333333
"0.1,1",01_10,0.1,1.0,smallcut,2000,trimix,C3C1C05_204040_trimix.fcs,False,0.80249290556519,0.224326923076923
"0.1,1",01_10,0.1,1.0,smallcut,2000,trimix,C3C1C05_301555_trimix.fcs,False,0.577251045643742,0.78216049382716
"0.1,1",01_10,0.1,1.0,smallcut,2000,bimix,C3C1_3565_bimix.fcs,False,0.654693725597229,0.428308823529412
"0.1,1",01_10,0.1,1.0,smallcut,2000,bimix,C3C1_8020_bimix.fcs,False,0.815335588566946,0.328805798997346
"0.2,0.9",02_09,0.2,0.9,largecut,5000,trimix,A05A1A3_157510_trimix.fcs,False,0.996187584656353,0.649338565022421
"0.2,0.9",02_09,0.2,0.9,largecut,5000,trimix,A05A1A3_306010_trimix.fcs,False,0.688717128642502,0.767673048600884
"0.2,0.9",02_09,0.2,0.9,largecut,5000,trimix,A05A1A3_601030_trimix.fcs,False,0.766978659678023,0.942579075425791
"0.2,0.9",02_09,0.2,0.9,largecut,5000,bimix,A05A1_2080_bimix.fcs,False,0.959138796111214,0.597426900584795
"0.2,0.9",02_09,0.2,0.9,largecut,5000,bimix,A05A1_2575_bimix.fcs,False,0.858224848281052,0.785915939730373
"0.2,0.9",02_09,0.2,0.9,largecut,5000,bimix,A05A1_3070_bimix.fcs,False,0.738701457990182,0.72452380952381
"0.2,0.9",02_09,0.2,0.9,largecut,5000,bimix,A05A1_4060_bimix.fcs,False,0.601518151815182,0.409935205183585
"0.2,0.9",02_09,0.2,0.9,largecut,5000,segment,A05A1_4555_segment.fcs,False,0.553519519062476,0.518518518518518
"0.2,0.9",02_09,0.2,0.9,largecut,5000,trimix,A05A3A1_454510_trimix.fcs,False,0.963109217988845,0.757205882352941
"0.2,0.9",02_09,0.2,0.9,largecut,5000,bimix,A05A3_1090_bimix.fcs,False,1.0,0.344137931034483
"0.2,0.9",02_09,0.2,0.9,largecut,5000,bimix,A05A3_2575_bimix.fcs,False,0.825758389261745,0.604563106796116
"0.2,0.9",02_09,0.2,0.9,largecut,5000,segment,A05A3_4060_segment.fcs,False,0.989767441860465,0.844057532172596
"0.2,0.9",02_09,0.2,0.9,largecut,5000,bimix,A05A3_6040_bimix.fcs,False,0.63107391084533,0.934210526315789
"0.2,0.9",02_09,0.2,0.9,largecut,5000,bimix,A05A3_8020_bimix.fcs,False,1.0,0.656553884711779
"0.2,0.9",02_09,0.2,0.9,largecut,5000,segment,A05A3_8515_segment.fcs,False,0.998271331445547,0.566575520833333
"0.2,0.9",02_09,0.2,0.9,largecut,5000,segment,A1A05_4060_segment.fcs,False,0.954746827625392,0.902097902097902
"0.2,0.9",02_09,0.2,0.9,largecut,5000,segment,A1A05_5545_segment.fcs,False,0.987660141195328,0.977471590909091
"0.2,0.9",02_09,0.2,0.9,largecut,5000,trimix,A1A3A05_551035_trimix.fcs,False,0.61733860342556,0.846101681779431
"0.2,0.9",02_09,0.2,0.9,largecut,5000,trimix,A1A3A05_651025_trimix.fcs,False,0.72248751774055,0.566576354679803
"0.2,0.9",02_09,0.2,0.9,largecut,5000,trimix,A1A3A05_651520_trimix.fcs,False,0.74097705802969,0.888852466880402
"0.2,0.9",02_09,0.2,0.9,largecut,5000,bimix,A1A3_1090_bimix.fcs,False,1.0,0.311991249561511
"0.2,0.9",02_09,0.2,0.9,largecut,5000,bimix,A1A3_1585_bimix.fcs,False,0.895520613107822,0.46605504587156
"0.2,0.9",02_09,0.2,0.9,largecut,5000,segment,A1A3_7525_segment.fcs,False,1.0,0.620058813549737
"0.2,0.9",02_09,0.2,0.9,largecut,5000,segment,A1A3_8020_segment.fcs,False,1.0,0.474533847873914
"0.2,0.9",02_09,0.2,0.9,largecut,5000,bimix,A1A3_9010_bimix.fcs,False,1.0,0.490148902821317
"0.2,0.9",02_09,0.2,0.9,largecut,5000,segment,A3A05_1090_segment.fcs,False,1.0,0.267666666666667
"0.2,0.9",02_09,0.2,0.9,largecut,5000,segment,A3A05_7030_segment.fcs,False,1.0,0.745815125332726
"0.2,0.9",02_09,0.2,0.9,largecut,5000,trimix,A3A1A05_103555_trimix.fcs,False,0.655034809245336,0.855623655913978
"0.2,0.9",02_09,0.2,0.9,largecut,5000,segment,A3A1_1090_segment.fcs,False,1.0,0.267393646125436
"0.2,0.9",02_09,0.2,0.9,largecut,5000,segment,A3A1_2575_segment.fcs,False,1.0,0.797539311517212
"0.2,0.9",02_09,0.2,0.9,largecut,5000,bimix,B05B1_3070_bimix.fcs,False,0.707323232323232,0.371384615384615
"0.2,0.9",02_09,0.2,0.9,largecut,5000,segment,B05B1_3565_segment.fcs,False,1.0,0.874556913674561
"0.2,0.9",02_09,0.2,0.9,largecut,5000,segment,B05B1_6535_segment.fcs,False,0.960230051540574,0.950819672131147
"0.2,0.9",02_09,0.2,0.9,largecut,5000,bimix,B05B1_7030_bimix.fcs,False,0.753674242424242,0.700282485875706
"0.2,0.9",02_09,0.2,0.9,largecut,5000,trimix,B05B3B1_151570_trimix.fcs,False,0.903014842300557,0.725778210116731
"0.2,0.9",02_09,0.2,0.9,largecut,5000,trimix,B05B3B1_751510_trimix.fcs,False,0.958744292237443,0.779999768140136
"0.2,0.9",02_09,0.2,0.9,largecut,5000,segment,B05B3_5545_segment.fcs,False,0.578844623463451,0.85
"0.2,0.9",02_09,0.2,0.9,largecut,5000,bimix,B05B3_7030_bimix.fcs,False,0.817456556082149,0.943722943722944
"0.2,0.9",02_09,0.2,0.9,largecut,5000,segment,B1B05_2575_segment.fcs,False,1.0,0.851418543433753
"0.2,0.9",02_09,0.2,0.9,largecut,5000,bimix,B1B05_4555_bimix.fcs,False,0.591549220925536,0.841704260651629
"0.2,0.9",02_09,0.2,0.9,largecut,5000,bimix,B1B05_7525_bimix.fcs,False,0.762789075715115,0.324294871794872
"0.2,0.9",02_09,0.2,0.9,largecut,5000,bimix,B1B3_2080_bimix.fcs,False,0.834156813124482,0.526941508457313
"0.2,0.9",02_09,0.2,0.9,largecut,5000,segment,B1B3_7030_segment.fcs,False,1.0,0.791087144461264
"0.2,0.9",02_09,0.2,0.9,largecut,5000,trimix,B3B05B1_652510_trimix.fcs,False,0.67584172558106,0.747071428571429
"0.2,0.9",02_09,0.2,0.9,largecut,5000,trimix,B3B05B1_801010_trimix.fcs,False,0.854027833527457,0.619460390355913
"0.2,0.9",02_09,0.2,0.9,largecut,5000,segment,B3B05_2080_segment.fcs,False,1.0,0.606458333333333
"0.2,0.9",02_09,0.2,0.9,largecut,5000,bimix,B3B05_3565_bimix.fcs,False,0.745938572057376,0.872930402930403
"0.2,0.9",02_09,0.2,0.9,largecut,5000,segment,B3B05_6040_segment.fcs,False,0.98957507082153,1.0
"0.2,0.9",02_09,0.2,0.9,largecut,5000,bimix,B3B05_6535_bimix.fcs,False,0.658761483497788,0.818181818181818
"0.2,0.9",02_09,0.2,0.9,largecut,5000,bimix,B3B05_7525_bimix.fcs,False,0.781806074766355,0.705528041761478
"0.2,0.9",02_09,0.2,0.9,largecut,5000,segment,B3B05_8020_segment.fcs,False,1.0,0.544106463878327
"0.2,0.9",02_09,0.2,0.9,largecut,5000,trimix,B3B1B05_204535_trimix.fcs,False,0.483120437956204,0.907283464566929
"0.2,0.9",02_09,0.2,0.9,largecut,5000,trimix,B3B1B05_253540_trimix.fcs,False,0.40787811701407,0.944188034188034
"0.2,0.9",02_09,0.2,0.9,largecut,5000,trimix,B3B1B05_503515_trimix.fcs,False,0.512047913446677,0.651065891472868
"0.2,0.9",02_09,0.2,0.9,largecut,5000,trimix,B3B1B05_651025_trimix.fcs,False,0.65320195975891,0.666666666666667
"0.2,0.9",02_09,0.2,0.9,largecut,5000,segment,B3B1_1090_segment.fcs,False,1.0,0.242629310344828
"0.2,0.9",02_09,0.2,0.9,largecut,5000,bimix,B3B1_1585_bimix.fcs,False,0.998970944309927,0.536291715066085
"0.2,0.9",02_09,0.2,0.9,largecut,5000,bimix,B3B1_2575_bimix.fcs,False,0.770759642917298,0.427076923076923
"0.2,0.9",02_09,0.2,0.9,largecut,5000,segment,B3B1_5545_segment.fcs,False,0.979751441911563,1.0
"0.2,0.9",02_09,0.2,0.9,largecut,5000,bimix,B3B1_6040_bimix.fcs,False,0.602098257839721,0.523341422284375
"0.2,0.9",02_09,0.2,0.9,largecut,5000,segment,B3B1_8020_segment.fcs,False,1.0,0.52151022678119
"0.2,0.9",02_09,0.2,0.9,largecut,5000,bimix,C05C1_7030_bimix.fcs,False,0.760839920948617,0.87138353115727
"0.2,0.9",02_09,0.2,0.9,largecut,5000,bimix,C05C1_7525_bimix.fcs,False,0.943583129694995,0.802687338501292
"0.2,0.9",02_09,0.2,0.9,largecut,5000,bimix,C05C3_8515_bimix.fcs,False,1.0,0.536162790697674
"0.2,0.9",02_09,0.2,0.9,largecut,5000,segment,C1C05_1585_segment.fcs,False,1.0,0.380082417582418
"0.2,0.9",02_09,0.2,0.9,largecut,5000,bimix,C1C05_2080_bimix.fcs,False,0.989237668161435,0.794366197183099
"0.2,0.9",02_09,0.2,0.9,largecut,5000,bimix,C1C05_3070_bimix.fcs,False,0.771155003762227,0.650886146422938
"0.2,0.9",02_09,0.2,0.9,largecut,5000,segment,C1C05_4060_segment.fcs,False,0.994034064256412,0.986666666666667
"0.2,0.9",02_09,0.2,0.9,largecut,5000,segment,C1C05_5545_segment.fcs,False,0.555843378035399,0.590909090909091
"0.2,0.9",02_09,0.2,0.9,largecut,5000,trimix,C1C3C05_107515_trimix.fcs,False,0.855250455373406,0.803839332790107
"0.2,0.9",02_09,0.2,0.9,largecut,5000,trimix,C1C3C05_205525_trimix.fcs,False,0.55585285795133,0.894243986254296
"0.2,0.9",02_09,0.2,0.9,largecut,5000,trimix,C1C3C05_302545_trimix.fcs,False,0.462213379221338,0.725246913580247
"0.2,0.9",02_09,0.2,0.9,largecut,5000,trimix,C1C3C05_452035_trimix.fcs,False,0.477127360664743,0.997057291666667
"0.2,0.9",02_09,0.2,0.9,largecut,5000,bimix,C1C3_1090_bimix.fcs,False,1.0,0.352654123694356
"0.2,0.9",02_09,0.2,0.9,largecut,5000,bimix,C1C3_3070_bimix.fcs,False,0.726601438659824,0.816653144016227
"0.2,0.9",02_09,0.2,0.9,largecut,5000,trimix,C3C05C1_101080_trimix.fcs,False,0.950025247112929,0.602171372930867
"0.2,0.9",02_09,0.2,0.9,largecut,5000,trimix,C3C05C1_651025_trimix.fcs,False,0.677482409231635,0.903999319747173
"0.2,0.9",02_09,0.2,0.9,largecut,5000,segment,C3C05_1090_segment.fcs,False,1.0,0.383734567901235
"0.2,0.9",02_09,0.2,0.9,largecut,5000,segment,C3C05_1585_segment.fcs,False,1.0,0.549007936507937
"0.2,0.9",02_09,0.2,0.9,largecut,5000,segment,C3C05_2575_segment.fcs,False,1.0,0.565151515151515
"0.2,0.9",02_09,0.2,0.9,largecut,5000,bimix,C3C05_6535_bimix.fcs,False,0.665401573566393,0.975194805194805
"0.2,0.9",02_09,0.2,0.9,largecut,5000,bimix,C3C05_9010_bimix.fcs,False,1.0,0.36343169547353
"0.2,0.9",02_09,0.2,0.9,largecut,5000,segment,C3C05_9010_segment.fcs,False,1.0,0.254185374115572
"0.2,0.9",02_09,0.2,0.9,largecut,5000,trimix,C3C1C05_104545_trimix.fcs,False,0.977768888888889,0.581563699921554
"0.2,0.9",02_09,0.2,0.9,largecut,5000,trimix,C3C1C05_403525_trimix.fcs,False,0.40727865644872,0.923076923076923
"0.2,0.9",02_09,0.2,0.9,largecut,5000,segment,C3C1_1585_segment.fcs,False,1.0,0.491472142049386
"0.2,0.9",02_09,0.2,0.9,largecut,5000,segment,C3C1_3070_segment.fcs,False,1.0,0.774743649899432
"0.2,0.9",02_09,0.2,0.9,largecut,5000,bimix,C3C1_4060_bimix.fcs,False,0.602156480165759,0.470588235294118
"0.2,0.9",02_09,0.2,0.9,largecut,5000,segment,C3C1_4555_segment.fcs,False,0.543610360809582,0.0
"0.2,0.9",02_09,0.2,0.9,largecut,5000,segment,C3C1_9010_segment.fcs,False,1.0,0.268257689575108
"0.2,0.9",02_09,0.2,0.9,smallcut,2000,trimix,A05A1A3_405010_trimix.fcs,False,0.505757575757576,0.581697894295095
"0.2,0.9",02_09,0.2,0.9,smallcut,2000,segment,A05A1_1090_segment.fcs,False,1.0,0.340517147523136
"0.2,0.9",02_09,0.2,0.9,smallcut,2000,segment,A05A1_1585_segment.fcs,False,1.0,0.502924134943413
"0.2,0.9",02_09,0.2,0.9,smallcut,2000,bimix,A05A1_3565_bimix.fcs,False,0.659351021871639,0.477219512195122
"0.2,0.9",02_09,0.2,0.9,smallcut,2000,bimix,A05A1_4555_bimix.fcs,False,0.543219160055645,0.3799
"0.2,0.9",02_09,0.2,0.9,smallcut,2000,bimix,A05A1_5545_bimix.fcs,False,0.564007602090575,0.558442307692308
"0.2,0.9",02_09,0.2,0.9,smallcut,2000,bimix,A05A1_7030_bimix.fcs,False,0.728023543990087,0.581830575695606
"0.2,0.9",02_09,0.2,0.9,smallcut,2000,segment,A05A1_9010_segment.fcs,False,0.998516595586872,0.450693069306931
"0.2,0.9",02_09,0.2,0.9,smallcut,2000,bimix,A05A3_1585_bimix.fcs,False,0.870515211640212,0.363362556171257
"0.2,0.9",02_09,0.2,0.9,smallcut,2000,bimix,A05A3_2080_bimix.fcs,False,0.821991692627207,0.450289706281493
"0.2,0.9",02_09,0.2,0.9,smallcut,2000,segment,A05A3_3565_segment.fcs,False,1.0,0.726865924661538
"0.2,0.9",02_09,0.2,0.9,smallcut,2000,bimix,A05A3_7525_bimix.fcs,False,0.85486010426628,0.627694444444444
"0.2,0.9",02_09,0.2,0.9,smallcut,2000,bimix,A05A3_9010_bimix.fcs,False,0.9969643068896,0.354641744548287
"0.2,0.9",02_09,0.2,0.9,smallcut,2000,segment,A05A3_9010_segment.fcs,False,0.999503792443468,0.252908496732026
"0.2,0.9",02_09,0.2,0.9,smallcut,2000,trimix,A1A05A3_501535_trimix.fcs,False,0.505240786117918,0.601896551724138
"0.2,0.9",02_09,0.2,0.9,smallcut,2000,segment,A1A05_4555_segment.fcs,False,0.636375793873473,0.915254237288136
"0.2,0.9",02_09,0.2,0.9,smallcut,2000,trimix,A1A3A05_106525_trimix.fcs,False,0.661613186028929,0.50656462585034
"0.2,0.9",02_09,0.2,0.9,smallcut,2000,trimix,A1A3A05_252055_trimix.fcs,False,0.588135257498585,0.937130419009614
"0.2,0.9",02_09,0.2,0.9,smallcut,2000,segment,A1A3_3070_segment.fcs,False,0.987288176546392,0.861715999067734
"0.2,0.9",02_09,0.2,0.9,smallcut,2000,segment,A1A3_5545_segment.fcs,False,0.986436965811966,0.980519733509954
"0.2,0.9",02_09,0.2,0.9,smallcut,2000,bimix,A1A3_6040_bimix.fcs,False,0.626312941877359,0.589375
"0.2,0.9",02_09,0.2,0.9,smallcut,2000,bimix,A1A3_7525_bimix.fcs,False,0.794141548586889,0.505658914728682
"0.2,0.9",02_09,0.2,0.9,smallcut,2000,trimix,A3A05A1_454510_trimix.fcs,False,0.90143824366011,0.113433962264151
"0.2,0.9",02_09,0.2,0.9,smallcut,2000,segment,A3A05_1585_segment.fcs,False,1.0,0.746360544217687
"0.2,0.9",02_09,0.2,0.9,smallcut,2000,trimix,A3A1A05_106525_trimix.fcs,False,0.671720728184931,0.515602040816327
"0.2,0.9",02_09,0.2,0.9,smallcut,2000,trimix,A3A1A05_305020_trimix.fcs,False,0.510196203881425,0.589385729662671
"0.2,0.9",02_09,0.2,0.9,smallcut,2000,trimix,A3A1A05_502525_trimix.fcs,False,0.495740762058248,0.470472755131356
"0.2,0.9",02_09,0.2,0.9,smallcut,2000,segment,A3A1_1090_segment.fcs,False,1.0,0.23043125325095
"0.2,0.9",02_09,0.2,0.9,smallcut,2000,segment,B05B1_4060_segment.fcs,False,0.974715261958998,0.96969696969697
"0.2,0.9",02_09,0.2,0.9,smallcut,2000,bimix,B05B1_6040_bimix.fcs,False,0.599598145285935,0.394961240310078
"0.2,0.9",02_09,0.2,0.9,smallcut,2000,bimix,B05B1_6535_bimix.fcs,False,0.69631441617743,0.663614150175006
"0.2,0.9",02_09,0.2,0.9,smallcut,2000,bimix,B05B1_7525_bimix.fcs,False,0.798360121056743,0.558913043478261
"0.2,0.9",02_09,0.2,0.9,smallcut,2000,segment,B05B1_8515_segment.fcs,False,1.0,0.474431384521447
"0.2,0.9",02_09,0.2,0.9,smallcut,2000,segment,B05B3_1090_segment.fcs,False,1.0,0.340010206685379
"0.2,0.9",02_09,0.2,0.9,smallcut,2000,segment,B05B3_2080_segment.fcs,False,1.0,0.729171974522293
"0.2,0.9",02_09,0.2,0.9,smallcut,2000,segment,B05B3_4060_segment.fcs,False,0.888623376623377,0.963488843813387
"0.2,0.9",02_09,0.2,0.9,smallcut,2000,bimix,B05B3_6040_bimix.fcs,False,0.627565192743764,0.741652637485971
"0.2,0.9",02_09,0.2,0.9,smallcut,2000,bimix,B05B3_7525_bimix.fcs,False,0.782148692810458,0.477193995381062
"0.2,0.9",02_09,0.2,0.9,smallcut,2000,bimix,B05B3_9010_bimix.fcs,False,0.995637428473249,0.459775280898876
"0.2,0.9",02_09,0.2,0.9,smallcut,2000,trimix,B1B05B3_103060_trimix.fcs,False,0.612184126984127,0.511895043731778
"0.2,0.9",02_09,0.2,0.9,smallcut,2000,trimix,B1B05B3_205030_trimix.fcs,False,0.517983013782231,0.773050193050193
"0.2,0.9",02_09,0.2,0.9,smallcut,2000,trimix,B1B05B3_355510_trimix.fcs,False,0.58071435068498,0.709825870646766
"0.2,0.9",02_09,0.2,0.9,smallcut,2000,segment,B1B05_7525_segment.fcs,False,1.0,0.79577856983738
"0.2,0.9",02_09,0.2,0.9,smallcut,2000,trimix,B1B3B05_101080_trimix.fcs,False,0.869232448642481,0.588958333333333
"0.2,0.9",02_09,0.2,0.9,smallcut,2000,trimix,B1B3B05_302545_trimix.fcs,False,0.48126402521541,0.903067632850241
"0.2,0.9",02_09,0.2,0.9,smallcut,2000,trimix,B1B3B05_504010_trimix.fcs,False,0.510002767527675,0.629857865807889
"0.2,0.9",02_09,0.2,0.9,smallcut,2000,trimix,B1B3B05_651025_trimix.fcs,False,0.664278330019881,0.455020551967117
"0.2,0.9",02_09,0.2,0.9,smallcut,2000,bimix,B1B3_1585_bimix.fcs,False,0.859074712643678,0.226091436951309
"0.2,0.9",02_09,0.2,0.9,smallcut,2000,bimix,B1B3_5545_bimix.fcs,False,0.549869220709285,0.447764705882353
"0.2,0.9",02_09,0.2,0.9,smallcut,2000,segment,B1B3_6040_segment.fcs,False,0.586549059139785,0.0662776156731972
"0.2,0.9",02_09,0.2,0.9,smallcut,2000,bimix,B1B3_8020_bimix.fcs,False,0.81737448180562,0.345132743362832
"0.2,0.9",02_09,0.2,0.9,smallcut,2000,segment,B1B3_8515_segment.fcs,False,1.0,0.364887779068171
"0.2,0.9",02_09,0.2,0.9,smallcut,2000,segment,B3B05_9010_segment.fcs,False,1.0,0.302694896161289
"0.2,0.9",02_09,0.2,0.9,smallcut,2000,segment,B3B1_4060_segment.fcs,False,0.985071240746563,0.921810699588477
"0.2,0.9",02_09,0.2,0.9,smallcut,2000,segment,B3B1_8020_segment.fcs,False,1.0,0.52151022678119
"0.2,0.9",02_09,0.2,0.9,smallcut,2000,segment,C05C1_1090_segment.fcs,False,1.0,0.443782148260212
"0.2,0.9",02_09,0.2,0.9,smallcut,2000,segment,C05C1_1585_segment.fcs,False,1.0,0.545679479380205
"0.2,0.9",02_09,0.2,0.9,smallcut,2000,bimix,C05C1_8515_bimix.fcs,False,0.858558968321918,0.199
"0.2,0.9",02_09,0.2,0.9,smallcut,2000,segment,C05C3_1585_segment.fcs,False,1.0,0.565654160654161
"0.2,0.9",02_09,0.2,0.9,smallcut,2000,segment,C05C3_3565_segment.fcs,False,1.0,0.984920435510888
"0.2,0.9",02_09,0.2,0.9,smallcut,2000,bimix,C05C3_7030_bimix.fcs,False,0.714757661106497,0.605641025641026
"0.2,0.9",02_09,0.2,0.9,smallcut,2000,bimix,C05C3_8515_bimix.fcs,False,0.926095505617977,0.477162880618656
"0.2,0.9",02_09,0.2,0.9,smallcut,2000,segment,C05C3_9010_segment.fcs,False,0.998317086336646,0.269747807017544
"0.2,0.9",02_09,0.2,0.9,smallcut,2000,segment,C1C05_3070_segment.fcs,False,0.994405187004364,0.786069651741294
"0.2,0.9",02_09,0.2,0.9,smallcut,2000,bimix,C1C05_4060_bimix.fcs,False,0.638625039419741,0.618689041881813
"0.2,0.9",02_09,0.2,0.9,smallcut,2000,bimix,C1C05_6040_bimix.fcs,False,0.605576188486236,0.436115384615385
"0.2,0.9",02_09,0.2,0.9,smallcut,2000,segment,C1C05_9010_segment.fcs,False,1.0,0.40843776106934
"0.2,0.9",02_09,0.2,0.9,smallcut,2000,trimix,C1C3C05_106030_trimix.fcs,False,0.620730806471075,0.61211161387632
"0.2,0.9",02_09,0.2,0.9,smallcut,2000,trimix,C1C3C05_352045_trimix.fcs,False,0.466694515027293,0.767777777777778
"0.2,0.9",02_09,0.2,0.9,smallcut,2000,trimix,C1C3C05_353530_trimix.fcs,False,0.70036443148688,0.310733874887176
"0.2,0.9",02_09,0.2,0.9,smallcut,2000,trimix,C1C3C05_801010_trimix.fcs,False,0.824549311269062,0.379164835164835
"0.2,0.9",02_09,0.2,0.9,smallcut,2000,bimix,C1C3_1090_bimix.fcs,False,0.915676795580111,0.266506693883756
"0.2,0.9",02_09,0.2,0.9,smallcut,2000,segment,C1C3_2575_segment.fcs,False,1.0,0.789721069019201
"0.2,0.9",02_09,0.2,0.9,smallcut,2000,segment,C1C3_4555_segment.fcs,False,0.562352959445924,0.8
"0.2,0.9",02_09,0.2,0.9,smallcut,2000,segment,C1C3_7525_segment.fcs,False,1.0,0.642736917270223
"0.2,0.9",02_09,0.2,0.9,smallcut,2000,bimix,C3C05_4060_bimix.fcs,False,0.621390977443609,0.811291490021714
"0.2,0.9",02_09,0.2,0.9,smallcut,2000,segment,C3C05_4555_segment.fcs,False,0.894063823731311,0.939285714285714
"0.2,0.9",02_09,0.2,0.9,smallcut,2000,trimix,C3C1C05_101080_trimix.fcs,False,0.861624019745681,0.618201058201058
"0.2,0.9",02_09,0.2,0.9,smallcut,2000,trimix,C3C1C05_107020_trimix.fcs,False,0.72053739158818,0.525905612244898
"0.2,0.9",02_09,0.2,0.9,smallcut,2000,trimix,C3C1C05_204040_trimix.fcs,False,0.80326829459799,0.2333
"0.2,0.9",02_09,0.2,0.9,smallcut,2000,trimix,C3C1C05_301555_trimix.fcs,False,0.574858685650147,0.759182389937107
"0.2,0.9",02_09,0.2,0.9,smallcut,2000,bimix,C3C1_3565_bimix.fcs,False,0.653891239946853,0.453181818181818
"0.2,0.9",02_09,0.2,0.9,smallcut,2000,bimix,C3C1_8020_bimix.fcs,False,0.815061908940236,0.333700224920495
"0.4,0.9",04_09,0.4,0.9,largecut,5000,trimix,A05A1A3_157510_trimix.fcs,False,0.981924982800212,0.689422442244224
"0.4,0.9",04_09,0.4,0.9,largecut,5000,trimix,A05A1A3_306010_trimix.fcs,False,0.691457023060797,0.814817749603803
"0.4,0.9",04_09,0.4,0.9,largecut,5000,trimix,A05A1A3_601030_trimix.fcs,False,0.731371853952499,0.951488095238095
"0.4,0.9",04_09,0.4,0.9,largecut,5000,bimix,A05A1_2080_bimix.fcs,False,0.895916457600165,0.570443458980044
"0.4,0.9",04_09,0.4,0.9,largecut,5000,bimix,A05A1_2575_bimix.fcs,False,0.791604556526305,0.688707692307692
"0.4,0.9",04_09,0.4,0.9,largecut,5000,bimix,A05A1_3070_bimix.fcs,False,0.723346657306209,0.859875776397516
"0.4,0.9",04_09,0.4,0.9,largecut,5000,bimix,A05A1_4060_bimix.fcs,False,0.595865633074935,0.367758186397985
"0.4,0.9",04_09,0.4,0.9,largecut,5000,segment,A05A1_4555_segment.fcs,False,0.560212877595383,0.736842105263158
"0.4,0.9",04_09,0.4,0.9,largecut,5000,trimix,A05A3A1_454510_trimix.fcs,False,0.959726223123545,0.914905660377359
"0.4,0.9",04_09,0.4,0.9,largecut,5000,bimix,A05A3_1090_bimix.fcs,False,0.994710804373053,0.438211559432933
"0.4,0.9",04_09,0.4,0.9,largecut,5000,bimix,A05A3_2575_bimix.fcs,False,0.771249722036913,0.450756302521008
"0.4,0.9",04_09,0.4,0.9,largecut,5000,segment,A05A3_4060_segment.fcs,False,0.961405750798722,0.84853291038858
"0.4,0.9",04_09,0.4,0.9,largecut,5000,bimix,A05A3_6040_bimix.fcs,False,0.628579525040862,0.988854166666667
"0.4,0.9",04_09,0.4,0.9,largecut,5000,bimix,A05A3_8020_bimix.fcs,False,0.985456763986588,0.706609686609687
"0.4,0.9",04_09,0.4,0.9,largecut,5000,segment,A05A3_8515_segment.fcs,False,0.998331641119455,0.630623188405797
"0.4,0.9",04_09,0.4,0.9,largecut,5000,segment,A1A05_4060_segment.fcs,False,0.591196575574659,0.21875
"0.4,0.9",04_09,0.4,0.9,largecut,5000,segment,A1A05_5545_segment.fcs,False,0.586641651557261,0.872096774193548
"0.4,0.9",04_09,0.4,0.9,largecut,5000,trimix,A1A3A05_551035_trimix.fcs,False,0.606827597195666,0.880602240896359
"0.4,0.9",04_09,0.4,0.9,largecut,5000,trimix,A1A3A05_651025_trimix.fcs,False,0.726277556209872,0.591032887975334
"0.4,0.9",04_09,0.4,0.9,largecut,5000,trimix,A1A3A05_651520_trimix.fcs,False,0.697166352793471,0.88971930379292
"0.4,0.9",04_09,0.4,0.9,largecut,5000,bimix,A1A3_1090_bimix.fcs,False,0.979959772041569,0.404785740758885
"0.4,0.9",04_09,0.4,0.9,largecut,5000,bimix,A1A3_1585_bimix.fcs,False,0.887478559176672,0.4793142426526
"0.4,0.9",04_09,0.4,0.9,largecut,5000,segment,A1A3_7525_segment.fcs,False,1.0,0.668241101901511
"0.4,0.9",04_09,0.4,0.9,largecut,5000,segment,A1A3_8020_segment.fcs,False,1.0,0.486104850925481
"0.4,0.9",04_09,0.4,0.9,largecut,5000,bimix,A1A3_9010_bimix.fcs,False,0.999613732306685,0.539792207792208
"0.4,0.9",04_09,0.4,0.9,largecut,5000,segment,A3A05_1090_segment.fcs,False,1.0,0.231021825396825
"0.4,0.9",04_09,0.4,0.9,largecut,5000,segment,A3A05_7030_segment.fcs,False,1.0,0.823146591676747
"0.4,0.9",04_09,0.4,0.9,largecut,5000,trimix,A3A1A05_103555_trimix.fcs,False,0.652416735480319,0.869065315315315
"0.4,0.9",04_09,0.4,0.9,largecut,5000,segment,A3A1_1090_segment.fcs,False,1.0,0.316506102127143
"0.4,0.9",04_09,0.4,0.9,largecut,5000,segment,A3A1_2575_segment.fcs,False,0.996746985281078,0.888198757763975
"0.4,0.9",04_09,0.4,0.9,largecut,5000,bimix,B05B1_3070_bimix.fcs,False,0.698738317757009,0.285689045936396
"0.4,0.9",04_09,0.4,0.9,largecut,5000,segment,B05B1_3565_segment.fcs,False,1.0,0.897174764890282
"0.4,0.9",04_09,0.4,0.9,largecut,5000,segment,B05B1_6535_segment.fcs,False,0.949513596964399,0.949720670391061
"0.4,0.9",04_09,0.4,0.9,largecut,5000,bimix,B05B1_7030_bimix.fcs,False,0.746939528023599,0.751418439716312
"0.4,0.9",04_09,0.4,0.9,largecut,5000,trimix,B05B3B1_151570_trimix.fcs,False,0.799215070643642,0.69748427672956
"0.4,0.9",04_09,0.4,0.9,largecut,5000,trimix,B05B3B1_751510_trimix.fcs,False,0.942442680776014,0.806319224053327
"0.4,0.9",04_09,0.4,0.9,largecut,5000,segment,B05B3_5545_segment.fcs,False,0.564677944062989,0.894736842105263
"0.4,0.9",04_09,0.4,0.9,largecut,5000,bimix,B05B3_7030_bimix.fcs,False,0.748773448773449,0.909009009009009
"0.4,0.9",04_09,0.4,0.9,largecut,5000,segment,B1B05_2575_segment.fcs,False,1.0,0.724309529733765
"0.4,0.9",04_09,0.4,0.9,largecut,5000,bimix,B1B05_4555_bimix.fcs,False,0.585868609010745,0.849183673469388
"0.4,0.9",04_09,0.4,0.9,largecut,5000,bimix,B1B05_7525_bimix.fcs,False,0.743246869682424,0.199242250287026
"0.4,0.9",04_09,0.4,0.9,largecut,5000,bimix,B1B3_2080_bimix.fcs,False,0.823439815997956,0.499847541055016
"0.4,0.9",04_09,0.4,0.9,largecut,5000,segment,B1B3_7030_segment.fcs,False,0.959813748079877,0.791500938972252
"0.4,0.9",04_09,0.4,0.9,largecut,5000,trimix,B3B05B1_652510_trimix.fcs,False,0.672248027773368,0.767241379310345
"0.4,0.9",04_09,0.4,0.9,largecut,5000,trimix,B3B05B1_801010_trimix.fcs,False,0.839782703635656,0.646928418803419
"0.4,0.9",04_09,0.4,0.9,largecut,5000,segment,B3B05_2080_segment.fcs,False,1.0,0.610699300699301
"0.4,0.9",04_09,0.4,0.9,largecut,5000,bimix,B3B05_3565_bimix.fcs,False,0.702626437343956,0.820960451977401
"0.4,0.9",04_09,0.4,0.9,largecut,5000,segment,B3B05_6040_segment.fcs,False,0.875488721804511,1.0
"0.4,0.9",04_09,0.4,0.9,largecut,5000,bimix,B3B05_6535_bimix.fcs,False,0.654308888137884,0.714285714285714
"0.4,0.9",04_09,0.4,0.9,largecut,5000,bimix,B3B05_7525_bimix.fcs,False,0.760408393501805,0.564151457368564
"0.4,0.9",04_09,0.4,0.9,largecut,5000,segment,B3B05_8020_segment.fcs,False,1.0,0.554651162790698
"0.4,0.9",04_09,0.4,0.9,largecut,5000,trimix,B3B1B05_204535_trimix.fcs,False,0.47136524822695,0.896264367816092
"0.4,0.9",04_09,0.4,0.9,largecut,5000,trimix,B3B1B05_253540_trimix.fcs,False,0.403937955562768,0.922222222222222
"0.4,0.9",04_09,0.4,0.9,largecut,5000,trimix,B3B1B05_503515_trimix.fcs,False,0.510478446958117,0.654391891891892
"0.4,0.9",04_09,0.4,0.9,largecut,5000,trimix,B3B1B05_651025_trimix.fcs,False,0.653269759668528,1.0
"0.4,0.9",04_09,0.4,0.9,largecut,5000,segment,B3B1_1090_segment.fcs,False,1.0,0.242629310344828
"0.4,0.9",04_09,0.4,0.9,largecut,5000,bimix,B3B1_1585_bimix.fcs,False,0.995402298850575,0.610771136123557
"0.4,0.9",04_09,0.4,0.9,largecut,5000,bimix,B3B1_2575_bimix.fcs,False,0.752822216209682,0.290935550935551
"0.4,0.9",04_09,0.4,0.9,largecut,5000,segment,B3B1_5545_segment.fcs,False,0.56399604743083,1.0
"0.4,0.9",04_09,0.4,0.9,largecut,5000,bimix,B3B1_6040_bimix.fcs,False,0.600007638888889,0.399937865686325
"0.4,0.9",04_09,0.4,0.9,largecut,5000,segment,B3B1_8020_segment.fcs,False,1.0,0.523830016137708
"0.4,0.9",04_09,0.4,0.9,largecut,5000,bimix,C05C1_7030_bimix.fcs,False,0.71242673992674,0.789152298850575
"0.4,0.9",04_09,0.4,0.9,largecut,5000,bimix,C05C1_7525_bimix.fcs,False,0.836796693153544,0.689593495934959
"0.4,0.9",04_09,0.4,0.9,largecut,5000,bimix,C05C3_8515_bimix.fcs,False,1.0,0.571611570247934
"0.4,0.9",04_09,0.4,0.9,largecut,5000,segment,C1C05_1585_segment.fcs,False,1.0,0.409319526627219
"0.4,0.9",04_09,0.4,0.9,largecut,5000,bimix,C1C05_2080_bimix.fcs,False,0.974082073434125,0.8448
"0.4,0.9",04_09,0.4,0.9,largecut,5000,bimix,C1C05_3070_bimix.fcs,False,0.752449053857351,0.620986966692659
"0.4,0.9",04_09,0.4,0.9,largecut,5000,segment,C1C05_4060_segment.fcs,False,0.973688167820951,0.986238532110092
"0.4,0.9",04_09,0.4,0.9,largecut,5000,segment,C1C05_5545_segment.fcs,False,0.560809803450589,0.8125
"0.4,0.9",04_09,0.4,0.9,largecut,5000,trimix,C1C3C05_107515_trimix.fcs,False,0.802406020252462,0.848766606423793
"0.4,0.9",04_09,0.4,0.9,largecut,5000,trimix,C1C3C05_205525_trimix.fcs,False,0.55585285795133,0.894243986254296
"0.4,0.9",04_09,0.4,0.9,largecut,5000,trimix,C1C3C05_302545_trimix.fcs,False,0.456906230065915,0.670296296296296
"0.4,0.9",04_09,0.4,0.9,largecut,5000,trimix,C1C3C05_452035_trimix.fcs,False,0.473539419841205,0.996636904761905
"0.4,0.9",04_09,0.4,0.9,largecut,5000,bimix,C1C3_1090_bimix.fcs,False,0.982269005847953,0.426712805982628
"0.4,0.9",04_09,0.4,0.9,largecut,5000,bimix,C1C3_3070_bimix.fcs,False,0.724033780964195,0.803071895424837
"0.4,0.9",04_09,0.4,0.9,largecut,5000,trimix,C3C05C1_101080_trimix.fcs,False,0.918398606135565,0.632449230769231
"0.4,0.9",04_09,0.4,0.9,largecut,5000,trimix,C3C05C1_651025_trimix.fcs,False,0.667957173249468,0.865315536232652
"0.4,0.9",04_09,0.4,0.9,largecut,5000,segment,C3C05_1090_segment.fcs,False,1.0,0.240949612403101
"0.4,0.9",04_09,0.4,0.9,largecut,5000,segment,C3C05_1585_segment.fcs,False,1.0,0.623198198198198
"0.4,0.9",04_09,0.4,0.9,largecut,5000,segment,C3C05_2575_segment.fcs,False,1.0,0.786919831223629
"0.4,0.9",04_09,0.4,0.9,largecut,5000,bimix,C3C05_6535_bimix.fcs,False,0.665401573566393,0.975194805194805
"0.4,0.9",04_09,0.4,0.9,largecut,5000,bimix,C3C05_9010_bimix.fcs,False,0.987760270774977,0.452199166237295
"0.4,0.9",04_09,0.4,0.9,largecut,5000,segment,C3C05_9010_segment.fcs,False,1.0,0.331947661863442
"0.4,0.9",04_09,0.4,0.9,largecut,5000,trimix,C3C1C05_104545_trimix.fcs,False,0.972430555555556,0.639449734081247
"0.4,0.9",04_09,0.4,0.9,largecut,5000,trimix,C3C1C05_403525_trimix.fcs,False,0.40727865644872,0.923076923076923
"0.4,0.9",04_09,0.4,0.9,largecut,5000,segment,C3C1_1585_segment.fcs,False,1.0,0.532355522240708
"0.4,0.9",04_09,0.4,0.9,largecut,5000,segment,C3C1_3070_segment.fcs,False,1.0,0.796405529953917
"0.4,0.9",04_09,0.4,0.9,largecut,5000,bimix,C3C1_4060_bimix.fcs,False,0.601077135387076,0.454545454545455
"0.4,0.9",04_09,0.4,0.9,largecut,5000,segment,C3C1_4555_segment.fcs,False,0.543610360809582,0.0
"0.4,0.9",04_09,0.4,0.9,largecut,5000,segment,C3C1_9010_segment.fcs,False,1.0,0.280930266737177
"0.4,0.9",04_09,0.4,0.9,smallcut,2000,trimix,A05A1A3_405010_trimix.fcs,False,0.506746411483254,0.608380182226038
"0.4,0.9",04_09,0.4,0.9,smallcut,2000,segment,A05A1_1090_segment.fcs,False,1.0,0.486037296037296
"0.4,0.9",04_09,0.4,0.9,smallcut,2000,segment,A05A1_1585_segment.fcs,False,1.0,0.508987778812956
"0.4,0.9",04_09,0.4,0.9,smallcut,2000,bimix,A05A1_3565_bimix.fcs,False,0.652528328611898,0.392
"0.4,0.9",04_09,0.4,0.9,smallcut,2000,bimix,A05A1_4555_bimix.fcs,False,0.544596051604268,0.38625
"0.4,0.9",04_09,0.4,0.9,smallcut,2000,bimix,A05A1_5545_bimix.fcs,False,0.561108548398844,0.565325
"0.4,0.9",04_09,0.4,0.9,smallcut,2000,bimix,A05A1_7030_bimix.fcs,False,0.720598290598291,0.547426657931135
"0.4,0.9",04_09,0.4,0.9,smallcut,2000,segment,A05A1_9010_segment.fcs,False,0.998528870908422,0.464489795918367
"0.4,0.9",04_09,0.4,0.9,smallcut,2000,bimix,A05A3_1585_bimix.fcs,False,0.865877922077922,0.358299456837359
"0.4,0.9",04_09,0.4,0.9,smallcut,2000,bimix,A05A3_2080_bimix.fcs,False,0.813094079480941,0.411079049901371
"0.4,0.9",04_09,0.4,0.9,smallcut,2000,segment,A05A3_3565_segment.fcs,False,1.0,0.770081378353606
"0.4,0.9",04_09,0.4,0.9,smallcut,2000,bimix,A05A3_7525_bimix.fcs,False,0.817053591725392,0.629076305220884
"0.4,0.9",04_09,0.4,0.9,smallcut,2000,bimix,A05A3_9010_bimix.fcs,False,0.978380854231078,0.335120274914089
"0.4,0.9",04_09,0.4,0.9,smallcut,2000,segment,A05A3_9010_segment.fcs,False,0.999507977788712,0.256258278145695
"0.4,0.9",04_09,0.4,0.9,smallcut,2000,trimix,A1A05A3_501535_trimix.fcs,False,0.505240786117918,0.601896551724138
"0.4,0.9",04_09,0.4,0.9,smallcut,2000,segment,A1A05_4555_segment.fcs,False,0.55033870538273,0.466666666666667
"0.4,0.9",04_09,0.4,0.9,smallcut,2000,trimix,A1A3A05_106525_trimix.fcs,False,0.656990158181523,0.481612903225806
"0.4,0.9",04_09,0.4,0.9,smallcut,2000,trimix,A1A3A05_252055_trimix.fcs,False,0.574480375898286,0.909574745630055
"0.4,0.9",04_09,0.4,0.9,smallcut,2000,segment,A1A3_3070_segment.fcs,False,0.943793658088235,0.857425062870833
"0.4,0.9",04_09,0.4,0.9,smallcut,2000,segment,A1A3_5545_segment.fcs,False,0.986436965811966,0.980519733509954
"0.4,0.9",04_09,0.4,0.9,smallcut,2000,bimix,A1A3_6040_bimix.fcs,False,0.624464867999787,0.624612068965517
"0.4,0.9",04_09,0.4,0.9,smallcut,2000,bimix,A1A3_7525_bimix.fcs,False,0.794128478108692,0.52020325203252
"0.4,0.9",04_09,0.4,0.9,smallcut,2000,trimix,A3A05A1_454510_trimix.fcs,False,0.901971698483007,0.123809523809524
"0.4,0.9",04_09,0.4,0.9,smallcut,2000,segment,A3A05_1585_segment.fcs,False,1.0,0.614649859943978
"0.4,0.9",04_09,0.4,0.9,smallcut,2000,trimix,A3A1A05_106525_trimix.fcs,False,0.666177190406265,0.497071428571429
"0.4,0.9",04_09,0.4,0.9,smallcut,2000,trimix,A3A1A05_305020_trimix.fcs,False,0.509949012109624,0.590572123818686
"0.4,0.9",04_09,0.4,0.9,smallcut,2000,trimix,A3A1A05_502525_trimix.fcs,False,0.497610649675731,0.481756263682802
"0.4,0.9",04_09,0.4,0.9,smallcut,2000,segment,A3A1_1090_segment.fcs,False,1.0,0.23043125325095
"0.4,0.9",04_09,0.4,0.9,smallcut,2000,segment,B05B1_4060_segment.fcs,False,0.754756685664182,0.96031746031746
"0.4,0.9",04_09,0.4,0.9,smallcut,2000,bimix,B05B1_6040_bimix.fcs,False,0.594508969291578,0.311470588235294
"0.4,0.9",04_09,0.4,0.9,smallcut,2000,bimix,B05B1_6535_bimix.fcs,False,0.692916666666667,0.685687161166213
"0.4,0.9",04_09,0.4,0.9,smallcut,2000,bimix,B05B1_7525_bimix.fcs,False,0.789098631779131,0.554741379310345
"0.4,0.9",04_09,0.4,0.9,smallcut,2000,segment,B05B1_8515_segment.fcs,False,1.0,0.467839236710165
"0.4,0.9",04_09,0.4,0.9,smallcut,2000,segment,B05B3_1090_segment.fcs,False,1.0,0.340010206685379
"0.4,0.9",04_09,0.4,0.9,smallcut,2000,segment,B05B3_2080_segment.fcs,False,1.0,0.743376623376623
"0.4,0.9",04_09,0.4,0.9,smallcut,2000,segment,B05B3_4060_segment.fcs,False,0.861683168316832,0.993265993265993
"0.4,0.9",04_09,0.4,0.9,smallcut,2000,bimix,B05B3_6040_bimix.fcs,False,0.616073500967118,0.700494539460128
"0.4,0.9",04_09,0.4,0.9,smallcut,2000,bimix,B05B3_7525_bimix.fcs,False,0.769796557120501,0.462248322147651
"0.4,0.9",04_09,0.4,0.9,smallcut,2000,bimix,B05B3_9010_bimix.fcs,False,0.950780615708144,0.497708333333333
"0.4,0.9",04_09,0.4,0.9,smallcut,2000,trimix,B1B05B3_103060_trimix.fcs,False,0.61120527306968,0.51628664495114
"0.4,0.9",04_09,0.4,0.9,smallcut,2000,trimix,B1B05B3_205030_trimix.fcs,False,0.514940288812272,0.816402116402116
"0.4,0.9",04_09,0.4,0.9,smallcut,2000,trimix,B1B05B3_355510_trimix.fcs,False,0.572870047305513,0.73531914893617
"0.4,0.9",04_09,0.4,0.9,smallcut,2000,segment,B1B05_7525_segment.fcs,False,0.991675,0.813476334809979
"0.4,0.9",04_09,0.4,0.9,smallcut,2000,trimix,B1B3B05_101080_trimix.fcs,False,0.845940274152761,0.485707070707071
"0.4,0.9",04_09,0.4,0.9,smallcut,2000,trimix,B1B3B05_302545_trimix.fcs,False,0.476649944539679,0.942037037037037
"0.4,0.9",04_09,0.4,0.9,smallcut,2000,trimix,B1B3B05_504010_trimix.fcs,False,0.507232014388489,0.645151837063629
"0.4,0.9",04_09,0.4,0.9,smallcut,2000,trimix,B1B3B05_651025_trimix.fcs,False,0.665356862745098,0.477683246073298
"0.4,0.9",04_09,0.4,0.9,smallcut,2000,bimix,B1B3_1585_bimix.fcs,False,0.856501876172608,0.217748013729867
"0.4,0.9",04_09,0.4,0.9,smallcut,2000,bimix,B1B3_5545_bimix.fcs,False,0.547634076775611,0.418137254901961
"0.4,0.9",04_09,0.4,0.9,smallcut,2000,segment,B1B3_6040_segment.fcs,False,0.589491770462633,0.0806151766097685
"0.4,0.9",04_09,0.4,0.9,smallcut,2000,bimix,B1B3_8020_bimix.fcs,False,0.813733693207377,0.346849446849447
"0.4,0.9",04_09,0.4,0.9,smallcut,2000,segment,B1B3_8515_segment.fcs,False,1.0,0.364887779068171
"0.4,0.9",04_09,0.4,0.9,smallcut,2000,segment,B3B05_9010_segment.fcs,False,1.0,0.405071315372425
"0.4,0.9",04_09,0.4,0.9,smallcut,2000,segment,B3B1_4060_segment.fcs,False,0.908640439385331,0.924528301886792
"0.4,0.9",04_09,0.4,0.9,smallcut,2000,segment,B3B1_8020_segment.fcs,False,1.0,0.543158707684387
"0.4,0.9",04_09,0.4,0.9,smallcut,2000,segment,C05C1_1090_segment.fcs,False,1.0,0.469644572526417
"0.4,0.9",04_09,0.4,0.9,smallcut,2000,segment,C05C1_1585_segment.fcs,False,1.0,0.552457650365141
"0.4,0.9",04_09,0.4,0.9,smallcut,2000,bimix,C05C1_8515_bimix.fcs,False,0.854244840525328,0.179363636363636
"0.4,0.9",04_09,0.4,0.9,smallcut,2000,segment,C05C3_1585_segment.fcs,False,1.0,0.645264746227709
"0.4,0.9",04_09,0.4,0.9,smallcut,2000,segment,C05C3_3565_segment.fcs,False,0.989132650057292,1.0
"0.4,0.9",04_09,0.4,0.9,smallcut,2000,bimix,C05C3_7030_bimix.fcs,False,0.714337959547999,0.653636363636364
"0.4,0.9",04_09,0.4,0.9,smallcut,2000,bimix,C05C3_8515_bimix.fcs,False,0.913688524590164,0.470175920835624
"0.4,0.9",04_09,0.4,0.9,smallcut,2000,segment,C05C3_9010_segment.fcs,False,0.998390671970364,0.292869047619048
"0.4,0.9",04_09,0.4,0.9,smallcut,2000,segment,C1C05_3070_segment.fcs,False,0.994455311502989,0.797979797979798
"0.4,0.9",04_09,0.4,0.9,smallcut,2000,bimix,C1C05_4060_bimix.fcs,False,0.629095238095238,0.663737932530643
"0.4,0.9",04_09,0.4,0.9,smallcut,2000,bimix,C1C05_6040_bimix.fcs,False,0.60636768124048,0.445985915492958
"0.4,0.9",04_09,0.4,0.9,smallcut,2000,segment,C1C05_9010_segment.fcs,False,1.0,0.469644572526417
"0.4,0.9",04_09,0.4,0.9,smallcut,2000,trimix,C1C3C05_106030_trimix.fcs,False,0.609012368055376,0.523076923076923
"0.4,0.9",04_09,0.4,0.9,smallcut,2000,trimix,C1C3C05_352045_trimix.fcs,False,0.462426312599857,0.779960317460317
"0.4,0.9",04_09,0.4,0.9,smallcut,2000,trimix,C1C3C05_353530_trimix.fcs,False,0.699834160355184,0.294729069635352
"0.4,0.9",04_09,0.4,0.9,smallcut,2000,trimix,C1C3C05_801010_trimix.fcs,False,0.820595234737219,0.369279609279609
"0.4,0.9",04_09,0.4,0.9,smallcut,2000,bimix,C1C3_1090_bimix.fcs,False,0.91598623853211,0.277347766641431
"0.4,0.9",04_09,0.4,0.9,smallcut,2000,segment,C1C3_2575_segment.fcs,False,0.993964928941617,0.789189189189189
"0.4,0.9",04_09,0.4,0.9,smallcut,2000,segment,C1C3_4555_segment.fcs,False,0.561362344023151,0.789473684210526
"0.4,0.9",04_09,0.4,0.9,smallcut,2000,segment,C1C3_7525_segment.fcs,False,1.0,0.74982149232417
"0.4,0.9",04_09,0.4,0.9,smallcut,2000,bimix,C3C05_4060_bimix.fcs,False,0.61489530877286,0.788394959146933
"0.4,0.9",04_09,0.4,0.9,smallcut,2000,segment,C3C05_4555_segment.fcs,False,0.545859016426958,0.346153846153846
"0.4,0.9",04_09,0.4,0.9,smallcut,2000,trimix,C3C1C05_101080_trimix.fcs,False,0.832951339915374,0.616666666666667
"0.4,0.9",04_09,0.4,0.9,smallcut,2000,trimix,C3C1C05_107020_trimix.fcs,False,0.716633524322473,0.540641447368421
"0.4,0.9",04_09,0.4,0.9,smallcut,2000,trimix,C3C1C05_204040_trimix.fcs,False,0.803163936995533,0.232959183673469
"0.4,0.9",04_09,0.4,0.9,smallcut,2000,trimix,C3C1C05_301555_trimix.fcs,False,0.575502559494361,0.773782051282051
"0.4,0.9",04_09,0.4,0.9,smallcut,2000,bimix,C3C1_3565_bimix.fcs,False,0.652219035793885,0.446607142857143
"0.4,0.9",04_09,0.4,0.9,smallcut,2000,bimix,C3C1_8020_bimix.fcs,False,0.814266879937957,0.334159947561182
