algorithm,variant,base_file,input_fcs,status,mix_method,proportions,target_source_ids,retained_count,removed_count,retained_fraction,removed_fraction,sensitivity,specificity,balanced_score,retained_target_count,removed_nontarget_count,time_start,time_end,time_range,time_delta_median,time_delta_p99,time_delta_max,source_transition_count,source_counts,source_multipliers,event_start_index,event_end_index,exit_code,stderr_tail,raw_retained_fraction,delta_retained_fraction_vs_raw,raw_removed_fraction,delta_removed_fraction_vs_raw,raw_sensitivity,delta_sensitivity_vs_raw,raw_specificity,delta_specificity_vs_raw,raw_balanced_score,delta_balanced_score_vs_raw
flowmop,raw,A05A1A3_405010_trimix.fcs,inputs/A05A1A3_405010_trimix_raw.fcs,ok,trimix,"40,50,10",2,462600,37400,0.9252,0.0748,0.5305123216601816,0.6169786096256684,0.5737454656429251,245415,23075,-0.0008335157181136,5000.0,5000.000833515718,0.010009765625,0.01678466796875,0.021484375,289,1:191946;2:259740;3:48314,1:1;2:10.5;3:20,0,500000,,,0.9252,0.0,0.0748,0.0,0.5305123216601816,0.0,0.6169786096256684,0.0,0.5737454656429251,0.0
peacoqc,raw,A05A1A3_405010_trimix.fcs,inputs/A05A1A3_405010_trimix_raw.fcs,ok,trimix,"40,50,10",2,433750,66250,0.8675,0.1325,0.5234028818443804,0.5062037735849056,0.5148033277146431,227026,33536,-0.0008335157181136,5000.0,5000.000833515718,0.010009765625,0.01678466796875,0.021484375,289,1:191946;2:259740;3:48314,1:1;2:10.5;3:20,0,500000,,,0.8675,0.0,0.1325,0.0,0.5234028818443804,0.0,0.5062037735849056,0.0,0.5148033277146431,0.0
flowcut,raw,A05A1A3_405010_trimix.fcs,inputs/A05A1A3_405010_trimix_raw.fcs,ok,trimix,"40,50,10",2,448000,52000,0.896,0.104,0.5590736607142858,0.8216346153846154,0.6903541380494506,250465,42725,-0.0008335157181136,5000.0,5000.000833515718,0.010009765625,0.01678466796875,0.021484375,289,1:191946;2:259740;3:48314,1:1;2:10.5;3:20,0,500000,,,0.896,0.0,0.104,0.0,0.5590736607142858,0.0,0.8216346153846154,0.0,0.6903541380494506,0.0
flowmop,source_timewarp,A05A1A3_405010_trimix.fcs,inputs/A05A1A3_405010_trimix_source_timewarp.fcs,ok,trimix,"40,50,10",2,462600,37400,0.9252,0.0748,0.5305123216601816,0.6169786096256684,0.5737454656429251,245415,23075,-0.0008335157181136,5000.0,5000.000833515718,0.01043701171875,0.03515625,0.05419921875,289,1:191946;2:259740;3:48314,1:1;2:10.5;3:20,0,500000,,,0.9252,0.0,0.0748,0.0,0.5305123216601816,0.0,0.6169786096256684,0.0,0.5737454656429251,0.0
peacoqc,source_timewarp,A05A1A3_405010_trimix.fcs,inputs/A05A1A3_405010_trimix_source_timewarp.fcs,ok,trimix,"40,50,10",2,433750,66250,0.8675,0.1325,0.5234028818443804,0.5062037735849056,0.5148033277146431,227026,33536,-0.0008335157181136,5000.0,5000.000833515718,0.01043701171875,0.03515625,0.05419921875,289,1:191946;2:259740;3:48314,1:1;2:10.5;3:20,0,500000,,,0.8675,0.0,0.1325,0.0,0.5234028818443804,0.0,0.5062037735849056,0.0,0.5148033277146431,0.0
flowcut,source_timewarp,A05A1A3_405010_trimix.fcs,inputs/A05A1A3_405010_trimix_source_timewarp.fcs,ok,trimix,"40,50,10",2,450828,49172,0.901656,0.098344,0.5567600060333431,0.8223175791100626,0.6895387925717029,251003,40435,-0.0008335157181136,5000.0,5000.000833515718,0.01043701171875,0.03515625,0.05419921875,289,1:191946;2:259740;3:48314,1:1;2:10.5;3:20,0,500000,,,0.896,0.0056559999999999,0.104,-0.0056559999999999,0.5590736607142858,-0.0023136546809426,0.8216346153846154,0.0006829637254472,0.6903541380494506,-0.0008153454777476
flowmop,random_timewarp,A05A1A3_405010_trimix.fcs,inputs/A05A1A3_405010_trimix_random_timewarp.fcs,ok,trimix,"40,50,10",2,462600,37400,0.9252,0.0748,0.5305123216601816,0.6169786096256684,0.5737454656429251,245415,23075,-0.0008335157181136,5000.0,5000.000833515718,0.0103759765625,0.02392578125,0.0322265625,289,1:191946;2:259740;3:48314,1:1;2:10.5;3:20,0,500000,,,0.9252,0.0,0.0748,0.0,0.5305123216601816,0.0,0.6169786096256684,0.0,0.5737454656429251,0.0
peacoqc,random_timewarp,A05A1A3_405010_trimix.fcs,inputs/A05A1A3_405010_trimix_random_timewarp.fcs,ok,trimix,"40,50,10",2,433750,66250,0.8675,0.1325,0.5234028818443804,0.5062037735849056,0.5148033277146431,227026,33536,-0.0008335157181136,5000.0,5000.000833515718,0.0103759765625,0.02392578125,0.0322265625,289,1:191946;2:259740;3:48314,1:1;2:10.5;3:20,0,500000,,,0.8675,0.0,0.1325,0.0,0.5234028818443804,0.0,0.5062037735849056,0.0,0.5148033277146431,0.0
flowcut,random_timewarp,A05A1A3_405010_trimix.fcs,inputs/A05A1A3_405010_trimix_random_timewarp.fcs,ok,trimix,"40,50,10",2,448000,52000,0.896,0.104,0.5590736607142858,0.8216346153846154,0.6903541380494506,250465,42725,-0.0008335157181136,5000.0,5000.000833515718,0.0103759765625,0.02392578125,0.0322265625,289,1:191946;2:259740;3:48314,1:1;2:10.5;3:20,0,500000,,,0.896,0.0,0.104,0.0,0.5590736607142858,0.0,0.8216346153846154,0.0,0.6903541380494506,0.0
flowmop,raw,A05A1_1090_segment.fcs,inputs/A05A1_1090_segment_raw.fcs,ok,segment,"10,90",2,416300,83700,0.8326,0.1674,1.0,0.7473476702508961,0.873673835125448,416300,62553,0.0,1818787.0,1818787.0,2.0,35.0,145.0,1,1:62553;2:437447,1:1;2:20,0,500000,,,0.8326,0.0,0.1674,0.0,1.0,0.0,0.7473476702508961,0.0,0.873673835125448,0.0
peacoqc,raw,A05A1_1090_segment.fcs,inputs/A05A1_1090_segment_raw.fcs,ok,segment,"10,90",2,398750,101250,0.7975,0.2025,1.0,0.6178074074074074,0.8089037037037037,398750,62553,0.0,1818787.0,1818787.0,2.0,35.0,145.0,1,1:62553;2:437447,1:1;2:20,0,500000,,,0.7975,0.0,0.2025,0.0,1.0,0.0,0.6178074074074074,0.0,0.8089037037037037,0.0
flowcut,raw,A05A1_1090_segment.fcs,inputs/A05A1_1090_segment_raw.fcs,ok,segment,"10,90",2,479428,20572,0.958856,0.041144,0.8863624986442177,0.3923779895002917,0.6393702440722546,424947,8072,0.0,1818787.0,1818787.0,2.0,35.0,145.0,1,1:62553;2:437447,1:1;2:20,0,500000,,,0.958856,0.0,0.041144,0.0,0.8863624986442177,0.0,0.3923779895002917,0.0,0.6393702440722546,0.0
flowmop,source_timewarp,A05A1_1090_segment.fcs,inputs/A05A1_1090_segment_source_timewarp.fcs,ok,segment,"10,90",2,416300,83700,0.8326,0.1674,1.0,0.7473476702508961,0.873673835125448,416300,62553,0.0,1818787.0,1818787.0,3.0,15.1875,45.5,1,1:62553;2:437447,1:1;2:20,0,500000,,,0.8326,0.0,0.1674,0.0,1.0,0.0,0.7473476702508961,0.0,0.873673835125448,0.0
peacoqc,source_timewarp,A05A1_1090_segment.fcs,inputs/A05A1_1090_segment_source_timewarp.fcs,ok,segment,"10,90",2,398750,101250,0.7975,0.2025,1.0,0.6178074074074074,0.8089037037037037,398750,62553,0.0,1818787.0,1818787.0,3.0,15.1875,45.5,1,1:62553;2:437447,1:1;2:20,0,500000,,,0.7975,0.0,0.2025,0.0,1.0,0.0,0.6178074074074074,0.0,0.8089037037037037,0.0
flowcut,source_timewarp,A05A1_1090_segment.fcs,inputs/A05A1_1090_segment_source_timewarp.fcs,ok,segment,"10,90",2,488500,11500,0.977,0.023,0.876042988741044,0.1739130434782608,0.5249780161096524,427947,2000,0.0,1818787.0,1818787.0,3.0,15.1875,45.5,1,1:62553;2:437447,1:1;2:20,0,500000,,,0.958856,0.0181439999999999,0.041144,-0.018144,0.8863624986442177,-0.0103195099031736,0.3923779895002917,-0.2184649460220308,0.6393702440722546,-0.1143922279626021
flowmop,random_timewarp,A05A1_1090_segment.fcs,inputs/A05A1_1090_segment_random_timewarp.fcs,ok,segment,"10,90",2,416300,83700,0.8326,0.1674,1.0,0.7473476702508961,0.873673835125448,416300,62553,0.0,1818787.0,1818787.0,1.0,41.8125,250.796875,1,1:62553;2:437447,1:1;2:20,0,500000,,,0.8326,0.0,0.1674,0.0,1.0,0.0,0.7473476702508961,0.0,0.873673835125448,0.0
peacoqc,random_timewarp,A05A1_1090_segment.fcs,inputs/A05A1_1090_segment_random_timewarp.fcs,ok,segment,"10,90",2,398750,101250,0.7975,0.2025,1.0,0.6178074074074074,0.8089037037037037,398750,62553,0.0,1818787.0,1818787.0,1.0,41.8125,250.796875,1,1:62553;2:437447,1:1;2:20,0,500000,,,0.7975,0.0,0.2025,0.0,1.0,0.0,0.6178074074074074,0.0,0.8089037037037037,0.0
flowcut,random_timewarp,A05A1_1090_segment.fcs,inputs/A05A1_1090_segment_random_timewarp.fcs,ok,segment,"10,90",2,280839,219161,0.561678,0.438322,0.8679634950986153,0.1162250582904805,0.4920942766945478,243758,25472,0.0,1818787.0,1818787.0,1.0,41.8125,250.796875,1,1:62553;2:437447,1:1;2:20,0,500000,,,0.958856,-0.397178,0.041144,0.397178,0.8863624986442177,-0.0183990035456024,0.3923779895002917,-0.2761529312098111,0.6393702440722546,-0.1472759673777068
flowmop,raw,A05A1_3565_bimix.fcs,inputs/A05A1_3565_bimix_raw.fcs,ok,bimix,"35,65",2,465800,34200,0.9316,0.0684,0.6611378273937312,0.4039181286549708,0.532527978024351,307958,13814,0.0032486906275153,4999.9970703125,4999.9938216218725,0.010009765625,0.0167236328125,0.021484375,226,1:171656;2:328344,1:1;2:20,0,500000,,,0.9316,0.0,0.0684,0.0,0.6611378273937312,0.0,0.4039181286549708,0.0,0.532527978024351,0.0
peacoqc,raw,A05A1_3565_bimix.fcs,inputs/A05A1_3565_bimix_raw.fcs,ok,bimix,"35,65",2,451250,48750,0.9025,0.0975,0.660432132963989,0.3779692307692308,0.5192006818666098,298020,18426,0.0032486906275153,4999.9970703125,4999.9938216218725,0.010009765625,0.0167236328125,0.021484375,226,1:171656;2:328344,1:1;2:20,0,500000,,,0.9025,0.0,0.0975,0.0,0.660432132963989,0.0,0.3779692307692308,0.0,0.5192006818666098,0.0
flowcut,raw,A05A1_3565_bimix.fcs,inputs/A05A1_3565_bimix_raw.fcs,ok,bimix,"35,65",2,482500,17500,0.965,0.035,0.6655834196891192,0.5885714285714285,0.6270774241302739,321144,10300,0.0032486906275153,4999.9970703125,4999.9938216218725,0.010009765625,0.0167236328125,0.021484375,226,1:171656;2:328344,1:1;2:20,0,500000,,,0.965,0.0,0.035,0.0,0.6655834196891192,0.0,0.5885714285714285,0.0,0.6270774241302739,0.0
flowmop,source_timewarp,A05A1_3565_bimix.fcs,inputs/A05A1_3565_bimix_source_timewarp.fcs,ok,bimix,"35,65",2,465800,34200,0.9316,0.0684,0.6611378273937312,0.4039181286549708,0.532527978024351,307958,13814,0.0032486906275153,4999.9970703125,4999.9938216218725,0.01171875,0.02392578125,0.0322265625,226,1:171656;2:328344,1:1;2:20,0,500000,,,0.9316,0.0,0.0684,0.0,0.6611378273937312,0.0,0.4039181286549708,0.0,0.532527978024351,0.0
peacoqc,source_timewarp,A05A1_3565_bimix.fcs,inputs/A05A1_3565_bimix_source_timewarp.fcs,ok,bimix,"35,65",2,451250,48750,0.9025,0.0975,0.660432132963989,0.3779692307692308,0.5192006818666098,298020,18426,0.0032486906275153,4999.9970703125,4999.9938216218725,0.01171875,0.02392578125,0.0322265625,226,1:171656;2:328344,1:1;2:20,0,500000,,,0.9025,0.0,0.0975,0.0,0.660432132963989,0.0,0.3779692307692308,0.0,0.5192006818666098,0.0
flowcut,source_timewarp,A05A1_3565_bimix.fcs,inputs/A05A1_3565_bimix_source_timewarp.fcs,ok,bimix,"35,65",2,489442,10558,0.978884,0.021116,0.6641563249578091,0.6895245311612048,0.676840428059507,325066,7280,0.0032486906275153,4999.9970703125,4999.9938216218725,0.01171875,0.02392578125,0.0322265625,226,1:171656;2:328344,1:1;2:20,0,500000,,,0.965,0.013884,0.035,-0.013884,0.6655834196891192,-0.00142709473131,0.5885714285714285,0.1009531025897763,0.6270774241302739,0.049763003929233
flowmop,random_timewarp,A05A1_3565_bimix.fcs,inputs/A05A1_3565_bimix_random_timewarp.fcs,ok,bimix,"35,65",2,465800,34200,0.9316,0.0684,0.6611378273937312,0.4039181286549708,0.532527978024351,307958,13814,0.0032486906275153,4999.9970703125,4999.9938216218725,0.00146484375,0.0360107421875,0.0498046875,226,1:171656;2:328344,1:1;2:20,0,500000,,,0.9316,0.0,0.0684,0.0,0.6611378273937312,0.0,0.4039181286549708,0.0,0.532527978024351,0.0
peacoqc,random_timewarp,A05A1_3565_bimix.fcs,inputs/A05A1_3565_bimix_random_timewarp.fcs,ok,bimix,"35,65",2,451250,48750,0.9025,0.0975,0.660432132963989,0.3779692307692308,0.5192006818666098,298020,18426,0.0032486906275153,4999.9970703125,4999.9938216218725,0.00146484375,0.0360107421875,0.0498046875,226,1:171656;2:328344,1:1;2:20,0,500000,,,0.9025,0.0,0.0975,0.0,0.660432132963989,0.0,0.3779692307692308,0.0,0.5192006818666098,0.0
flowcut,random_timewarp,A05A1_3565_bimix.fcs,inputs/A05A1_3565_bimix_random_timewarp.fcs,ok,bimix,"35,65",2,302241,197759,0.604482,0.395518,0.6601553065269107,0.348611188365637,0.5043832474462738,199526,68941,0.0032486906275153,4999.9970703125,4999.9938216218725,0.00146484375,0.0360107421875,0.0498046875,226,1:171656;2:328344,1:1;2:20,0,500000,,,0.965,-0.360518,0.035,0.360518,0.6655834196891192,-0.0054281131622084,0.5885714285714285,-0.2399602402057915,0.6270774241302739,-0.122694176684
flowmop,raw,A05A3_1585_bimix.fcs,inputs/A05A3_1585_bimix_raw.fcs,ok,bimix,"15,85",2,347900,152100,0.6958,0.3042,1.0,0.4133727810650887,0.7066863905325443,347900,62874,0.0035281046293675,4999.99560546875,4999.992077364121,0.010009765625,0.0167236328125,0.021484375,97,1:62874;2:437126,1:1;2:20,0,500000,,,0.6958,0.0,0.3042,0.0,1.0,0.0,0.4133727810650887,0.0,0.7066863905325443,0.0
peacoqc,raw,A05A3_1585_bimix.fcs,inputs/A05A3_1585_bimix_raw.fcs,ok,bimix,"15,85",2,377500,122500,0.755,0.245,0.9060026490066224,0.2235918367346938,0.5647972428706582,342016,27390,0.0035281046293675,4999.99560546875,4999.992077364121,0.010009765625,0.0167236328125,0.021484375,97,1:62874;2:437126,1:1;2:20,0,500000,,,0.755,0.0,0.245,0.0,0.9060026490066224,0.0,0.2235918367346938,0.0,0.5647972428706582,0.0
flowcut,raw,A05A3_1585_bimix.fcs,inputs/A05A3_1585_bimix_raw.fcs,ok,bimix,"15,85",2,420000,80000,0.84,0.16,0.9843714285714286,0.703875,0.8441232142857142,413436,56310,0.0035281046293675,4999.99560546875,4999.992077364121,0.010009765625,0.0167236328125,0.021484375,97,1:62874;2:437126,1:1;2:20,0,500000,,,0.84,0.0,0.16,0.0,0.9843714285714286,0.0,0.703875,0.0,0.8441232142857142,0.0
flowmop,source_timewarp,A05A3_1585_bimix.fcs,inputs/A05A3_1585_bimix_source_timewarp.fcs,ok,bimix,"15,85",2,347900,152100,0.6958,0.3042,1.0,0.4133727810650887,0.7066863905325443,347900,62874,0.0035281046293675,4999.99560546875,4999.992077364121,0.0107421875,0.0186080932617187,0.0244140625,97,1:62874;2:437126,1:1;2:20,0,500000,,,0.6958,0.0,0.3042,0.0,1.0,0.0,0.4133727810650887,0.0,0.7066863905325443,0.0
peacoqc,source_timewarp,A05A3_1585_bimix.fcs,inputs/A05A3_1585_bimix_source_timewarp.fcs,ok,bimix,"15,85",2,377500,122500,0.755,0.245,0.9060026490066224,0.2235918367346938,0.5647972428706582,342016,27390,0.0035281046293675,4999.99560546875,4999.992077364121,0.0107421875,0.0186080932617187,0.0244140625,97,1:62874;2:437126,1:1;2:20,0,500000,,,0.755,0.0,0.245,0.0,0.9060026490066224,0.0,0.2235918367346938,0.0,0.5647972428706582,0.0
flowcut,source_timewarp,A05A3_1585_bimix.fcs,inputs/A05A3_1585_bimix_source_timewarp.fcs,ok,bimix,"15,85",2,420000,80000,0.84,0.16,0.9843714285714286,0.703875,0.8441232142857142,413436,56310,0.0035281046293675,4999.99560546875,4999.992077364121,0.0107421875,0.0186080932617187,0.0244140625,97,1:62874;2:437126,1:1;2:20,0,500000,,,0.84,0.0,0.16,0.0,0.9843714285714286,0.0,0.703875,0.0,0.8441232142857142,0.0
flowmop,random_timewarp,A05A3_1585_bimix.fcs,inputs/A05A3_1585_bimix_random_timewarp.fcs,ok,bimix,"15,85",2,347900,152100,0.6958,0.3042,1.0,0.4133727810650887,0.7066863905325443,347900,62874,0.0035281046293675,4999.99560546875,4999.992077364121,0.00146484375,0.035888671875,0.05029296875,97,1:62874;2:437126,1:1;2:20,0,500000,,,0.6958,0.0,0.3042,0.0,1.0,0.0,0.4133727810650887,0.0,0.7066863905325443,0.0
peacoqc,random_timewarp,A05A3_1585_bimix.fcs,inputs/A05A3_1585_bimix_random_timewarp.fcs,ok,bimix,"15,85",2,377500,122500,0.755,0.245,0.9060026490066224,0.2235918367346938,0.5647972428706582,342016,27390,0.0035281046293675,4999.99560546875,4999.992077364121,0.00146484375,0.035888671875,0.05029296875,97,1:62874;2:437126,1:1;2:20,0,500000,,,0.755,0.0,0.245,0.0,0.9060026490066224,0.0,0.2235918367346938,0.0,0.5647972428706582,0.0
flowcut,random_timewarp,A05A3_1585_bimix.fcs,inputs/A05A3_1585_bimix_random_timewarp.fcs,ok,bimix,"15,85",2,249182,250818,0.498364,0.501636,0.9889919817643328,0.2397395721200232,0.6143657769421781,246439,60131,0.0035281046293675,4999.99560546875,4999.992077364121,0.00146484375,0.035888671875,0.05029296875,97,1:62874;2:437126,1:1;2:20,0,500000,,,0.84,-0.341636,0.16,0.3416359999999999,0.9843714285714286,0.0046205531929042,0.703875,-0.4641354278799768,0.8441232142857142,-0.2297574373435361
flowmop,raw,A1A05A3_501535_trimix.fcs,inputs/A1A05A3_501535_trimix_raw.fcs,ok,trimix,"50,15,35",1,479300,20700,0.9586,0.0414,0.5005946171500104,0.6381642512077295,0.5693794341788699,239935,13210,0.0035281046293675,4999.99560546875,4999.992077364121,0.010009765625,0.016845703125,0.021484375,311,1:247425;2:80919;3:171656,1:1;2:10.5;3:20,0,500000,,,0.9586,0.0,0.0414,0.0,0.5005946171500104,0.0,0.6381642512077295,0.0,0.5693794341788699,0.0
peacoqc,raw,A1A05A3_501535_trimix.fcs,inputs/A1A05A3_501535_trimix_raw.fcs,ok,trimix,"50,15,35",1,363750,136250,0.7275,0.2725,0.5151037800687285,0.5592220183486238,0.5371628992086761,187369,76194,0.0035281046293675,4999.99560546875,4999.992077364121,0.010009765625,0.016845703125,0.021484375,311,1:247425;2:80919;3:171656,1:1;2:10.5;3:20,0,500000,,,0.7275,0.0,0.2725,0.0,0.5151037800687285,0.0,0.5592220183486238,0.0,0.5371628992086761,0.0
flowcut,raw,A1A05A3_501535_trimix.fcs,inputs/A1A05A3_501535_trimix_raw.fcs,ok,trimix,"50,15,35",1,492000,8000,0.984,0.016,0.4965670731707317,0.61075,0.5536585365853659,244311,4886,0.0035281046293675,4999.99560546875,4999.992077364121,0.010009765625,0.016845703125,0.021484375,311,1:247425;2:80919;3:171656,1:1;2:10.5;3:20,0,500000,,,0.984,0.0,0.016,0.0,0.4965670731707317,0.0,0.61075,0.0,0.5536585365853659,0.0
flowmop,source_timewarp,A1A05A3_501535_trimix.fcs,inputs/A1A05A3_501535_trimix_source_timewarp.fcs,ok,trimix,"50,15,35",1,479300,20700,0.9586,0.0414,0.5005946171500104,0.6381642512077295,0.5693794341788699,239935,13210,0.0035281046293675,4999.99560546875,4999.992077364121,0.0050048828125,0.0341796875,0.04638671875,311,1:247425;2:80919;3:171656,1:1;2:10.5;3:20,0,500000,,,0.9586,0.0,0.0414,0.0,0.5005946171500104,0.0,0.6381642512077295,0.0,0.5693794341788699,0.0
peacoqc,source_timewarp,A1A05A3_501535_trimix.fcs,inputs/A1A05A3_501535_trimix_source_timewarp.fcs,ok,trimix,"50,15,35",1,363750,136250,0.7275,0.2725,0.5151037800687285,0.5592220183486238,0.5371628992086761,187369,76194,0.0035281046293675,4999.99560546875,4999.992077364121,0.0050048828125,0.0341796875,0.04638671875,311,1:247425;2:80919;3:171656,1:1;2:10.5;3:20,0,500000,,,0.7275,0.0,0.2725,0.0,0.5151037800687285,0.0,0.5592220183486238,0.0,0.5371628992086761,0.0
flowcut,source_timewarp,A1A05A3_501535_trimix.fcs,inputs/A1A05A3_501535_trimix_source_timewarp.fcs,ok,trimix,"50,15,35",1,492000,8000,0.984,0.016,0.4965670731707317,0.61075,0.5536585365853659,244311,4886,0.0035281046293675,4999.99560546875,4999.992077364121,0.0050048828125,0.0341796875,0.04638671875,311,1:247425;2:80919;3:171656,1:1;2:10.5;3:20,0,500000,,,0.984,0.0,0.016,0.0,0.4965670731707317,0.0,0.61075,0.0,0.5536585365853659,0.0
flowmop,random_timewarp,A1A05A3_501535_trimix.fcs,inputs/A1A05A3_501535_trimix_random_timewarp.fcs,ok,trimix,"50,15,35",1,479300,20700,0.9586,0.0414,0.5005946171500104,0.6381642512077295,0.5693794341788699,239935,13210,0.0035281046293675,4999.99560546875,4999.992077364121,0.009765625,0.025390625,0.03466796875,311,1:247425;2:80919;3:171656,1:1;2:10.5;3:20,0,500000,,,0.9586,0.0,0.0414,0.0,0.5005946171500104,0.0,0.6381642512077295,0.0,0.5693794341788699,0.0
peacoqc,random_timewarp,A1A05A3_501535_trimix.fcs,inputs/A1A05A3_501535_trimix_random_timewarp.fcs,ok,trimix,"50,15,35",1,363750,136250,0.7275,0.2725,0.5151037800687285,0.5592220183486238,0.5371628992086761,187369,76194,0.0035281046293675,4999.99560546875,4999.992077364121,0.009765625,0.025390625,0.03466796875,311,1:247425;2:80919;3:171656,1:1;2:10.5;3:20,0,500000,,,0.7275,0.0,0.2725,0.0,0.5151037800687285,0.0,0.5592220183486238,0.0,0.5371628992086761,0.0
flowcut,random_timewarp,A1A05A3_501535_trimix.fcs,inputs/A1A05A3_501535_trimix_random_timewarp.fcs,ok,trimix,"50,15,35",1,246623,253377,0.493246,0.506754,0.5371315732920288,0.5463045185632477,0.5417180459276383,132469,138421,0.0035281046293675,4999.99560546875,4999.992077364121,0.009765625,0.025390625,0.03466796875,311,1:247425;2:80919;3:171656,1:1;2:10.5;3:20,0,500000,,,0.984,-0.4907539999999999,0.016,0.490754,0.4965670731707317,0.040564500121297,0.61075,-0.0644454814367523,0.5536585365853659,-0.0119404906577276
flowmop,raw,A1A3A05_106525_trimix.fcs,inputs/A1A3A05_106525_trimix_raw.fcs,ok,trimix,"10,65,25",2,474800,25200,0.9496,0.0504,0.6454675652906487,0.5279365079365079,0.5867020366135783,306468,13304,0.0032486906275153,4999.994140625,4999.9908919343725,0.010009765625,0.016845703125,0.021484375,258,1:52894;2:318364;3:128742,1:1;2:10.5;3:20,0,500000,,,0.9496,0.0,0.0504,0.0,0.6454675652906487,0.0,0.5279365079365079,0.0,0.5867020366135783,0.0
peacoqc,raw,A1A3A05_106525_trimix.fcs,inputs/A1A3A05_106525_trimix_raw.fcs,ok,trimix,"10,65,25",2,397500,102500,0.795,0.205,0.6502062893081761,0.4155414634146341,0.5328738763614052,258457,42593,0.0032486906275153,4999.994140625,4999.9908919343725,0.010009765625,0.016845703125,0.021484375,258,1:52894;2:318364;3:128742,1:1;2:10.5;3:20,0,500000,,,0.795,0.0,0.205,0.0,0.6502062893081761,0.0,0.4155414634146341,0.0,0.5328738763614052,0.0
flowcut,raw,A1A3A05_106525_trimix.fcs,inputs/A1A3A05_106525_trimix_raw.fcs,ok,trimix,"10,65,25",2,492000,8000,0.984,0.016,0.64425,0.825875,0.7350625,316971,6607,0.0032486906275153,4999.994140625,4999.9908919343725,0.010009765625,0.016845703125,0.021484375,258,1:52894;2:318364;3:128742,1:1;2:10.5;3:20,0,500000,,,0.984,0.0,0.016,0.0,0.64425,0.0,0.825875,0.0,0.7350625,0.0
flowmop,source_timewarp,A1A3A05_106525_trimix.fcs,inputs/A1A3A05_106525_trimix_source_timewarp.fcs,ok,trimix,"10,65,25",2,474800,25200,0.9496,0.0504,0.6454675652906487,0.5279365079365079,0.5867020366135783,306468,13304,0.0032486906275153,4999.994140625,4999.9908919343725,0.009521484375,0.025390625,0.03515625,258,1:52894;2:318364;3:128742,1:1;2:10.5;3:20,0,500000,,,0.9496,0.0,0.0504,0.0,0.6454675652906487,0.0,0.5279365079365079,0.0,0.5867020366135783,0.0
peacoqc,source_timewarp,A1A3A05_106525_trimix.fcs,inputs/A1A3A05_106525_trimix_source_timewarp.fcs,ok,trimix,"10,65,25",2,397500,102500,0.795,0.205,0.6502062893081761,0.4155414634146341,0.5328738763614052,258457,42593,0.0032486906275153,4999.994140625,4999.9908919343725,0.009521484375,0.025390625,0.03515625,258,1:52894;2:318364;3:128742,1:1;2:10.5;3:20,0,500000,,,0.795,0.0,0.205,0.0,0.6502062893081761,0.0,0.4155414634146341,0.0,0.5328738763614052,0.0
flowcut,source_timewarp,A1A3A05_106525_trimix.fcs,inputs/A1A3A05_106525_trimix_source_timewarp.fcs,ok,trimix,"10,65,25",2,492000,8000,0.984,0.016,0.64425,0.825875,0.7350625,316971,6607,0.0032486906275153,4999.994140625,4999.9908919343725,0.009521484375,0.025390625,0.03515625,258,1:52894;2:318364;3:128742,1:1;2:10.5;3:20,0,500000,,,0.984,0.0,0.016,0.0,0.64425,0.0,0.825875,0.0,0.7350625,0.0
flowmop,random_timewarp,A1A3A05_106525_trimix.fcs,inputs/A1A3A05_106525_trimix_random_timewarp.fcs,ok,trimix,"10,65,25",2,474800,25200,0.9496,0.0504,0.6454675652906487,0.5279365079365079,0.5867020366135783,306468,13304,0.0032486906275153,4999.994140625,4999.9908919343725,0.00970458984375,0.021484375,0.029296875,258,1:52894;2:318364;3:128742,1:1;2:10.5;3:20,0,500000,,,0.9496,0.0,0.0504,0.0,0.6454675652906487,0.0,0.5279365079365079,0.0,0.5867020366135783,0.0
peacoqc,random_timewarp,A1A3A05_106525_trimix.fcs,inputs/A1A3A05_106525_trimix_random_timewarp.fcs,ok,trimix,"10,65,25",2,397500,102500,0.795,0.205,0.6502062893081761,0.4155414634146341,0.5328738763614052,258457,42593,0.0032486906275153,4999.994140625,4999.9908919343725,0.00970458984375,0.021484375,0.029296875,258,1:52894;2:318364;3:128742,1:1;2:10.5;3:20,0,500000,,,0.795,0.0,0.205,0.0,0.6502062893081761,0.0,0.4155414634146341,0.0,0.5328738763614052,0.0
flowcut,random_timewarp,A1A3A05_106525_trimix.fcs,inputs/A1A3A05_106525_trimix_random_timewarp.fcs,ok,trimix,"10,65,25",2,492000,8000,0.984,0.016,0.64425,0.825875,0.7350625,316971,6607,0.0032486906275153,4999.994140625,4999.9908919343725,0.00970458984375,0.021484375,0.029296875,258,1:52894;2:318364;3:128742,1:1;2:10.5;3:20,0,500000,,,0.984,0.0,0.016,0.0,0.64425,0.0,0.825875,0.0,0.7350625,0.0
flowmop,raw,A1A3_5050_bimix.fcs,inputs/A1A3_5050_bimix_raw.fcs,ok,bimix,"50,50","1,2",481100,18900,0.9622,0.0378,1.0,0.0,0.5,481100,0,0.0035281046293675,4999.99365234375,4999.990124239121,0.010009765625,0.0167236328125,0.021484375,249,1:248502;2:251498,1:1;2:20,0,500000,,,0.9622,0.0,0.0378,0.0,1.0,0.0,0.0,0.0,0.5,0.0
peacoqc,raw,A1A3_5050_bimix.fcs,inputs/A1A3_5050_bimix_raw.fcs,ok,bimix,"50,50","1,2",131250,368750,0.2625,0.7375,1.0,0.0,0.5,131250,0,0.0035281046293675,4999.99365234375,4999.990124239121,0.010009765625,0.0167236328125,0.021484375,249,1:248502;2:251498,1:1;2:20,0,500000,,,0.2625,0.0,0.7375,0.0,1.0,0.0,0.0,0.0,0.5,0.0
flowcut,raw,A1A3_5050_bimix.fcs,inputs/A1A3_5050_bimix_raw.fcs,ok,bimix,"50,50","1,2",489500,10500,0.979,0.021,1.0,0.0,0.5,489500,0,0.0035281046293675,4999.99365234375,4999.990124239121,0.010009765625,0.0167236328125,0.021484375,249,1:248502;2:251498,1:1;2:20,0,500000,,,0.979,0.0,0.021,0.0,1.0,0.0,0.0,0.0,0.5,0.0
flowmop,source_timewarp,A1A3_5050_bimix.fcs,inputs/A1A3_5050_bimix_source_timewarp.fcs,ok,bimix,"50,50","1,2",481100,18900,0.9622,0.0378,1.0,0.0,0.5,481100,0,0.0035281046293675,4999.99365234375,4999.990124239121,0.006103515625,0.02960205078125,0.041015625,249,1:248502;2:251498,1:1;2:20,0,500000,,,0.9622,0.0,0.0378,0.0,1.0,0.0,0.0,0.0,0.5,0.0
peacoqc,source_timewarp,A1A3_5050_bimix.fcs,inputs/A1A3_5050_bimix_source_timewarp.fcs,ok,bimix,"50,50","1,2",131250,368750,0.2625,0.7375,1.0,0.0,0.5,131250,0,0.0035281046293675,4999.99365234375,4999.990124239121,0.006103515625,0.02960205078125,0.041015625,249,1:248502;2:251498,1:1;2:20,0,500000,,,0.2625,0.0,0.7375,0.0,1.0,0.0,0.0,0.0,0.5,0.0
flowcut,source_timewarp,A1A3_5050_bimix.fcs,inputs/A1A3_5050_bimix_source_timewarp.fcs,ok,bimix,"50,50","1,2",489500,10500,0.979,0.021,1.0,0.0,0.5,489500,0,0.0035281046293675,4999.99365234375,4999.990124239121,0.006103515625,0.02960205078125,0.041015625,249,1:248502;2:251498,1:1;2:20,0,500000,,,0.979,0.0,0.021,0.0,1.0,0.0,0.0,0.0,0.5,0.0
flowmop,random_timewarp,A1A3_5050_bimix.fcs,inputs/A1A3_5050_bimix_random_timewarp.fcs,ok,bimix,"50,50","1,2",481100,18900,0.9622,0.0378,1.0,0.0,0.5,481100,0,0.0035281046293675,4999.99365234375,4999.990124239121,0.010986328125,0.02783203125,0.03759765625,249,1:248502;2:251498,1:1;2:20,0,500000,,,0.9622,0.0,0.0378,0.0,1.0,0.0,0.0,0.0,0.5,0.0
peacoqc,random_timewarp,A1A3_5050_bimix.fcs,inputs/A1A3_5050_bimix_random_timewarp.fcs,ok,bimix,"50,50","1,2",131250,368750,0.2625,0.7375,1.0,0.0,0.5,131250,0,0.0035281046293675,4999.99365234375,4999.990124239121,0.010986328125,0.02783203125,0.03759765625,249,1:248502;2:251498,1:1;2:20,0,500000,,,0.2625,0.0,0.7375,0.0,1.0,0.0,0.0,0.0,0.5,0.0
flowcut,random_timewarp,A1A3_5050_bimix.fcs,inputs/A1A3_5050_bimix_random_timewarp.fcs,ok,bimix,"50,50","1,2",489500,10500,0.979,0.021,1.0,0.0,0.5,489500,0,0.0035281046293675,4999.99365234375,4999.990124239121,0.010986328125,0.02783203125,0.03759765625,249,1:248502;2:251498,1:1;2:20,0,500000,,,0.979,0.0,0.021,0.0,1.0,0.0,0.0,0.0,0.5,0.0
flowmop,raw,A1A3_5545_segment.fcs,inputs/A1A3_5545_segment_raw.fcs,ok,segment,"55,45",1,466700,33300,0.9334,0.0666,0.5356760231412042,1.0,0.767838011570602,250000,33300,721417.0,1449192.0,727775.0,1.0,10.0,26.0,1,1:250000;2:250000,1:1;2:20,312983,812983,,,0.9334,0.0,0.0666,0.0,0.5356760231412042,0.0,1.0,0.0,0.767838011570602,0.0
peacoqc,raw,A1A3_5545_segment.fcs,inputs/A1A3_5545_segment_raw.fcs,ok,segment,"55,45",1,185000,315000,0.37,0.63,0.9594594594594594,0.7698412698412699,0.8646503646503647,177500,242500,721417.0,1449192.0,727775.0,1.0,10.0,26.0,1,1:250000;2:250000,1:1;2:20,312983,812983,,,0.37,0.0,0.63,0.0,0.9594594594594594,0.0,0.7698412698412699,0.0,0.8646503646503647,0.0
flowcut,raw,A1A3_5545_segment.fcs,inputs/A1A3_5545_segment_raw.fcs,ok,segment,"55,45",1,489500,10500,0.979,0.021,0.4964249233912155,0.3333333333333333,0.4148791283622744,243000,3500,721417.0,1449192.0,727775.0,1.0,10.0,26.0,1,1:250000;2:250000,1:1;2:20,312983,812983,,,0.979,0.0,0.021,0.0,0.4964249233912155,0.0,0.3333333333333333,0.0,0.4148791283622744,0.0
flowmop,source_timewarp,A1A3_5545_segment.fcs,inputs/A1A3_5545_segment_source_timewarp.fcs,ok,segment,"55,45",1,466700,33300,0.9334,0.0666,0.5356760231412042,1.0,0.767838011570602,250000,33300,721417.0,1449192.0,727775.0,2.375,4.875,16.75,1,1:250000;2:250000,1:1;2:20,312983,812983,,,0.9334,0.0,0.0666,0.0,0.5356760231412042,0.0,1.0,0.0,0.767838011570602,0.0
peacoqc,source_timewarp,A1A3_5545_segment.fcs,inputs/A1A3_5545_segment_source_timewarp.fcs,ok,segment,"55,45",1,185000,315000,0.37,0.63,0.9594594594594594,0.7698412698412699,0.8646503646503647,177500,242500,721417.0,1449192.0,727775.0,2.375,4.875,16.75,1,1:250000;2:250000,1:1;2:20,312983,812983,,,0.37,0.0,0.63,0.0,0.9594594594594594,0.0,0.7698412698412699,0.0,0.8646503646503647,0.0
flowcut,source_timewarp,A1A3_5545_segment.fcs,inputs/A1A3_5545_segment_source_timewarp.fcs,ok,segment,"55,45",1,488685,11315,0.97737,0.02263,0.4972528315786242,0.3813521873619089,0.4393025094702666,243000,4315,721417.0,1449192.0,727775.0,2.375,4.875,16.75,1,1:250000;2:250000,1:1;2:20,312983,812983,,,0.979,-0.00163,0.021,0.0016299999999999,0.4964249233912155,0.0008279081874086,0.3333333333333333,0.0480188540285755,0.4148791283622744,0.0244233811079921
flowmop,random_timewarp,A1A3_5545_segment.fcs,inputs/A1A3_5545_segment_random_timewarp.fcs,ok,segment,"55,45",1,466700,33300,0.9334,0.0666,0.5356760231412042,1.0,0.767838011570602,250000,33300,721417.0,1449192.0,727775.0,1.375,11.125,36.375,1,1:250000;2:250000,1:1;2:20,312983,812983,,,0.9334,0.0,0.0666,0.0,0.5356760231412042,0.0,1.0,0.0,0.767838011570602,0.0
peacoqc,random_timewarp,A1A3_5545_segment.fcs,inputs/A1A3_5545_segment_random_timewarp.fcs,ok,segment,"55,45",1,185000,315000,0.37,0.63,0.9594594594594594,0.7698412698412699,0.8646503646503647,177500,242500,721417.0,1449192.0,727775.0,1.375,11.125,36.375,1,1:250000;2:250000,1:1;2:20,312983,812983,,,0.37,0.0,0.63,0.0,0.9594594594594594,0.0,0.7698412698412699,0.0,0.8646503646503647,0.0
flowcut,random_timewarp,A1A3_5545_segment.fcs,inputs/A1A3_5545_segment_random_timewarp.fcs,ok,segment,"55,45",1,489500,10500,0.979,0.021,0.4964249233912155,0.3333333333333333,0.4148791283622744,243000,3500,721417.0,1449192.0,727775.0,1.375,11.125,36.375,1,1:250000;2:250000,1:1;2:20,312983,812983,,,0.979,0.0,0.021,0.0,0.4964249233912155,0.0,0.3333333333333333,0.0,0.4148791283622744,0.0
flowmop,raw,A1A3_6040_bimix.fcs,inputs/A1A3_6040_bimix_raw.fcs,ok,bimix,"60,40",1,457700,42300,0.9154,0.0846,0.6445990823683636,0.707966903073286,0.6762829927208248,295033,29947,0.0032486906275153,4999.9921875,4999.9889388093725,0.010009765625,0.0167236328125,0.021484375,253,1:307386;2:192614,1:1;2:20,0,500000,,,0.9154,0.0,0.0846,0.0,0.6445990823683636,0.0,0.707966903073286,0.0,0.6762829927208248,0.0
peacoqc,raw,A1A3_6040_bimix.fcs,inputs/A1A3_6040_bimix_raw.fcs,ok,bimix,"60,40",1,492500,7500,0.985,0.015,0.6152527918781726,0.4168,0.5160263959390863,303012,3126,0.0032486906275153,4999.9921875,4999.9889388093725,0.010009765625,0.0167236328125,0.021484375,253,1:307386;2:192614,1:1;2:20,0,500000,,,0.985,0.0,0.015,0.0,0.6152527918781726,0.0,0.4168,0.0,0.5160263959390863,0.0
flowcut,raw,A1A3_6040_bimix.fcs,inputs/A1A3_6040_bimix_raw.fcs,ok,bimix,"60,40",1,492000,8000,0.984,0.016,0.6115813008130081,0.189,0.400290650406504,300898,1512,0.0032486906275153,4999.9921875,4999.9889388093725,0.010009765625,0.0167236328125,0.021484375,253,1:307386;2:192614,1:1;2:20,0,500000,,,0.984,0.0,0.016,0.0,0.6115813008130081,0.0,0.189,0.0,0.400290650406504,0.0
flowmop,source_timewarp,A1A3_6040_bimix.fcs,inputs/A1A3_6040_bimix_source_timewarp.fcs,ok,bimix,"60,40",1,457700,42300,0.9154,0.0846,0.6445990823683636,0.707966903073286,0.6762829927208248,295033,29947,0.0032486906275153,4999.9921875,4999.9889388093725,0.00146484375,0.036865234375,0.0517578125,253,1:307386;2:192614,1:1;2:20,0,500000,,,0.9154,0.0,0.0846,0.0,0.6445990823683636,0.0,0.707966903073286,0.0,0.6762829927208248,0.0
peacoqc,source_timewarp,A1A3_6040_bimix.fcs,inputs/A1A3_6040_bimix_source_timewarp.fcs,ok,bimix,"60,40",1,492500,7500,0.985,0.015,0.6152527918781726,0.4168,0.5160263959390863,303012,3126,0.0032486906275153,4999.9921875,4999.9889388093725,0.00146484375,0.036865234375,0.0517578125,253,1:307386;2:192614,1:1;2:20,0,500000,,,0.985,0.0,0.015,0.0,0.6152527918781726,0.0,0.4168,0.0,0.5160263959390863,0.0
flowcut,source_timewarp,A1A3_6040_bimix.fcs,inputs/A1A3_6040_bimix_source_timewarp.fcs,ok,bimix,"60,40",1,452268,47732,0.904536,0.095464,0.6690900085789842,0.8998994385318025,0.7844947235553934,302608,42954,0.0032486906275153,4999.9921875,4999.9889388093725,0.00146484375,0.036865234375,0.0517578125,253,1:307386;2:192614,1:1;2:20,0,500000,,,0.984,-0.0794639999999999,0.016,0.0794639999999999,0.6115813008130081,0.057508707765976,0.189,0.7108994385318026,0.400290650406504,0.3842040731488894
flowmop,random_timewarp,A1A3_6040_bimix.fcs,inputs/A1A3_6040_bimix_random_timewarp.fcs,ok,bimix,"60,40",1,457700,42300,0.9154,0.0846,0.6445990823683636,0.707966903073286,0.6762829927208248,295033,29947,0.0032486906275153,4999.9921875,4999.9889388093725,0.01177978515625,0.024169921875,0.0322265625,253,1:307386;2:192614,1:1;2:20,0,500000,,,0.9154,0.0,0.0846,0.0,0.6445990823683636,0.0,0.707966903073286,0.0,0.6762829927208248,0.0
peacoqc,random_timewarp,A1A3_6040_bimix.fcs,inputs/A1A3_6040_bimix_random_timewarp.fcs,ok,bimix,"60,40",1,492500,7500,0.985,0.015,0.6152527918781726,0.4168,0.5160263959390863,303012,3126,0.0032486906275153,4999.9921875,4999.9889388093725,0.01177978515625,0.024169921875,0.0322265625,253,1:307386;2:192614,1:1;2:20,0,500000,,,0.985,0.0,0.015,0.0,0.6152527918781726,0.0,0.4168,0.0,0.5160263959390863,0.0
flowcut,random_timewarp,A1A3_6040_bimix.fcs,inputs/A1A3_6040_bimix_random_timewarp.fcs,ok,bimix,"60,40",1,492000,8000,0.984,0.016,0.6115813008130081,0.189,0.400290650406504,300898,1512,0.0032486906275153,4999.9921875,4999.9889388093725,0.01177978515625,0.024169921875,0.0322265625,253,1:307386;2:192614,1:1;2:20,0,500000,,,0.984,0.0,0.016,0.0,0.6115813008130081,0.0,0.189,0.0,0.400290650406504,0.0
flowmop,raw,A3A1A05_305020_trimix.fcs,inputs/A3A1A05_305020_trimix_raw.fcs,ok,trimix,"30,50,20",2,459000,41000,0.918,0.082,0.5169237472766884,0.7016097560975609,0.6092667516871246,237268,28766,0.0032486906275153,4999.998046875,4999.9947981843725,0.010009765625,0.016845703125,0.021484375,300,1:145708;2:249502;3:104790,1:1;2:10.5;3:20,0,500000,,,0.918,0.0,0.082,0.0,0.5169237472766884,0.0,0.7016097560975609,0.0,0.6092667516871246,0.0
peacoqc,raw,A3A1A05_305020_trimix.fcs,inputs/A3A1A05_305020_trimix_raw.fcs,ok,trimix,"30,50,20",2,376250,123750,0.7525,0.2475,0.495824584717608,0.4913292929292929,0.4935769388234504,186554,60802,0.0032486906275153,4999.998046875,4999.9947981843725,0.010009765625,0.016845703125,0.021484375,300,1:145708;2:249502;3:104790,1:1;2:10.5;3:20,0,500000,,,0.7525,0.0,0.2475,0.0,0.495824584717608,0.0,0.4913292929292929,0.0,0.4935769388234504,0.0
flowcut,raw,A3A1A05_305020_trimix.fcs,inputs/A3A1A05_305020_trimix_raw.fcs,ok,trimix,"30,50,20",2,494000,6000,0.988,0.012,0.5007246963562753,0.6426666666666667,0.571695681511471,247358,3856,0.0032486906275153,4999.998046875,4999.9947981843725,0.010009765625,0.016845703125,0.021484375,300,1:145708;2:249502;3:104790,1:1;2:10.5;3:20,0,500000,,,0.988,0.0,0.012,0.0,0.5007246963562753,0.0,0.6426666666666667,0.0,0.571695681511471,0.0
flowmop,source_timewarp,A3A1A05_305020_trimix.fcs,inputs/A3A1A05_305020_trimix_source_timewarp.fcs,ok,trimix,"30,50,20",2,459000,41000,0.918,0.082,0.5169237472766884,0.7016097560975609,0.6092667516871246,237268,28766,0.0032486906275153,4999.998046875,4999.9947981843725,0.010009765625,0.03076171875,0.04345703125,300,1:145708;2:249502;3:104790,1:1;2:10.5;3:20,0,500000,,,0.918,0.0,0.082,0.0,0.5169237472766884,0.0,0.7016097560975609,0.0,0.6092667516871246,0.0
peacoqc,source_timewarp,A3A1A05_305020_trimix.fcs,inputs/A3A1A05_305020_trimix_source_timewarp.fcs,ok,trimix,"30,50,20",2,376250,123750,0.7525,0.2475,0.495824584717608,0.4913292929292929,0.4935769388234504,186554,60802,0.0032486906275153,4999.998046875,4999.9947981843725,0.010009765625,0.03076171875,0.04345703125,300,1:145708;2:249502;3:104790,1:1;2:10.5;3:20,0,500000,,,0.7525,0.0,0.2475,0.0,0.495824584717608,0.0,0.4913292929292929,0.0,0.4935769388234504,0.0
flowcut,source_timewarp,A3A1A05_305020_trimix.fcs,inputs/A3A1A05_305020_trimix_source_timewarp.fcs,ok,trimix,"30,50,20",2,494000,6000,0.988,0.012,0.5007246963562753,0.6426666666666667,0.571695681511471,247358,3856,0.0032486906275153,4999.998046875,4999.9947981843725,0.010009765625,0.03076171875,0.04345703125,300,1:145708;2:249502;3:104790,1:1;2:10.5;3:20,0,500000,,,0.988,0.0,0.012,0.0,0.5007246963562753,0.0,0.6426666666666667,0.0,0.571695681511471,0.0
flowmop,random_timewarp,A3A1A05_305020_trimix.fcs,inputs/A3A1A05_305020_trimix_random_timewarp.fcs,ok,trimix,"30,50,20",2,459000,41000,0.918,0.082,0.5169237472766884,0.7016097560975609,0.6092667516871246,237268,28766,0.0032486906275153,4999.998046875,4999.9947981843725,0.00927734375,0.03057861328125,0.04296875,300,1:145708;2:249502;3:104790,1:1;2:10.5;3:20,0,500000,,,0.918,0.0,0.082,0.0,0.5169237472766884,0.0,0.7016097560975609,0.0,0.6092667516871246,0.0
peacoqc,random_timewarp,A3A1A05_305020_trimix.fcs,inputs/A3A1A05_305020_trimix_random_timewarp.fcs,ok,trimix,"30,50,20",2,376250,123750,0.7525,0.2475,0.495824584717608,0.4913292929292929,0.4935769388234504,186554,60802,0.0032486906275153,4999.998046875,4999.9947981843725,0.00927734375,0.03057861328125,0.04296875,300,1:145708;2:249502;3:104790,1:1;2:10.5;3:20,0,500000,,,0.7525,0.0,0.2475,0.0,0.495824584717608,0.0,0.4913292929292929,0.0,0.4935769388234504,0.0
flowcut,random_timewarp,A3A1A05_305020_trimix.fcs,inputs/A3A1A05_305020_trimix_random_timewarp.fcs,ok,trimix,"30,50,20",2,494000,6000,0.988,0.012,0.5007246963562753,0.6426666666666667,0.571695681511471,247358,3856,0.0032486906275153,4999.998046875,4999.9947981843725,0.00927734375,0.03057861328125,0.04296875,300,1:145708;2:249502;3:104790,1:1;2:10.5;3:20,0,500000,,,0.988,0.0,0.012,0.0,0.5007246963562753,0.0,0.6426666666666667,0.0,0.571695681511471,0.0
flowmop,raw,A3A1A05_502525_trimix.fcs,inputs/A3A1A05_502525_trimix_raw.fcs,ok,trimix,"50,25,25",1,464000,36000,0.928,0.072,0.4542068965517241,0.2562777777777777,0.3552423371647509,210752,9226,0.0035281046293675,4999.99560546875,4999.992077364121,0.010009765625,0.016845703125,0.021484375,324,1:237526;2:132734;3:129740,1:1;2:10.5;3:20,0,500000,,,0.928,0.0,0.072,0.0,0.4542068965517241,0.0,0.2562777777777777,0.0,0.3552423371647509,0.0
peacoqc,raw,A3A1A05_502525_trimix.fcs,inputs/A3A1A05_502525_trimix_raw.fcs,ok,trimix,"50,25,25",1,105000,395000,0.21,0.79,0.7790285714285714,0.6057518987341772,0.6923902350813743,81798,239272,0.0035281046293675,4999.99560546875,4999.992077364121,0.010009765625,0.016845703125,0.021484375,324,1:237526;2:132734;3:129740,1:1;2:10.5;3:20,0,500000,,,0.21,0.0,0.79,0.0,0.7790285714285714,0.0,0.6057518987341772,0.0,0.6923902350813743,0.0
flowcut,raw,A3A1A05_502525_trimix.fcs,inputs/A3A1A05_502525_trimix_raw.fcs,ok,trimix,"50,25,25",1,491500,8500,0.983,0.017,0.4788240081383519,0.7430588235294118,0.6109414158338818,235342,6316,0.0035281046293675,4999.99560546875,4999.992077364121,0.010009765625,0.016845703125,0.021484375,324,1:237526;2:132734;3:129740,1:1;2:10.5;3:20,0,500000,,,0.983,0.0,0.017,0.0,0.4788240081383519,0.0,0.7430588235294118,0.0,0.6109414158338818,0.0
flowmop,source_timewarp,A3A1A05_502525_trimix.fcs,inputs/A3A1A05_502525_trimix_source_timewarp.fcs,ok,trimix,"50,25,25",1,464000,36000,0.928,0.072,0.4542068965517241,0.2562777777777777,0.3552423371647509,210752,9226,0.0035281046293675,4999.99560546875,4999.992077364121,0.007568359375,0.035888671875,0.0498046875,324,1:237526;2:132734;3:129740,1:1;2:10.5;3:20,0,500000,,,0.928,0.0,0.072,0.0,0.4542068965517241,0.0,0.2562777777777777,0.0,0.3552423371647509,0.0
peacoqc,source_timewarp,A3A1A05_502525_trimix.fcs,inputs/A3A1A05_502525_trimix_source_timewarp.fcs,ok,trimix,"50,25,25",1,105000,395000,0.21,0.79,0.7790285714285714,0.6057518987341772,0.6923902350813743,81798,239272,0.0035281046293675,4999.99560546875,4999.992077364121,0.007568359375,0.035888671875,0.0498046875,324,1:237526;2:132734;3:129740,1:1;2:10.5;3:20,0,500000,,,0.21,0.0,0.79,0.0,0.7790285714285714,0.0,0.6057518987341772,0.0,0.6923902350813743,0.0
flowcut,source_timewarp,A3A1A05_502525_trimix.fcs,inputs/A3A1A05_502525_trimix_source_timewarp.fcs,ok,trimix,"50,25,25",1,491159,8841,0.982318,0.017682,0.4791523722460547,0.7527429023866079,0.6159476373163313,235340,6655,0.0035281046293675,4999.99560546875,4999.992077364121,0.007568359375,0.035888671875,0.0498046875,324,1:237526;2:132734;3:129740,1:1;2:10.5;3:20,0,500000,,,0.983,-0.0006819999999999,0.017,0.0006819999999999,0.4788240081383519,0.0003283641077028,0.7430588235294118,0.0096840788571961,0.6109414158338818,0.0050062214824494
flowmop,random_timewarp,A3A1A05_502525_trimix.fcs,inputs/A3A1A05_502525_trimix_random_timewarp.fcs,ok,trimix,"50,25,25",1,464000,36000,0.928,0.072,0.4542068965517241,0.2562777777777777,0.3552423371647509,210752,9226,0.0035281046293675,4999.99560546875,4999.992077364121,0.01025390625,0.025634765625,0.03466796875,324,1:237526;2:132734;3:129740,1:1;2:10.5;3:20,0,500000,,,0.928,0.0,0.072,0.0,0.4542068965517241,0.0,0.2562777777777777,0.0,0.3552423371647509,0.0
peacoqc,random_timewarp,A3A1A05_502525_trimix.fcs,inputs/A3A1A05_502525_trimix_random_timewarp.fcs,ok,trimix,"50,25,25",1,105000,395000,0.21,0.79,0.7790285714285714,0.6057518987341772,0.6923902350813743,81798,239272,0.0035281046293675,4999.99560546875,4999.992077364121,0.01025390625,0.025634765625,0.03466796875,324,1:237526;2:132734;3:129740,1:1;2:10.5;3:20,0,500000,,,0.21,0.0,0.79,0.0,0.7790285714285714,0.0,0.6057518987341772,0.0,0.6923902350813743,0.0
flowcut,random_timewarp,A3A1A05_502525_trimix.fcs,inputs/A3A1A05_502525_trimix_random_timewarp.fcs,ok,trimix,"50,25,25",1,491500,8500,0.983,0.017,0.4788240081383519,0.7430588235294118,0.6109414158338818,235342,6316,0.0035281046293675,4999.99560546875,4999.992077364121,0.01025390625,0.025634765625,0.03466796875,324,1:237526;2:132734;3:129740,1:1;2:10.5;3:20,0,500000,,,0.983,0.0,0.017,0.0,0.4788240081383519,0.0,0.7430588235294118,0.0,0.6109414158338818,0.0
flowmop,raw,B05B3_1090_segment.fcs,inputs/B05B3_1090_segment_raw.fcs,ok,segment,"10,90",2,265100,234900,0.5302,0.4698,1.0,0.941656023839932,0.970828011919966,265100,221195,0.0,1583712.0,1583712.0,2.0,22.0,67.0,1,1:221195;2:278805,1:1;2:20,0,500000,,,0.5302,0.0,0.4698,0.0,1.0,0.0,0.941656023839932,0.0,0.970828011919966,0.0
peacoqc,raw,B05B3_1090_segment.fcs,inputs/B05B3_1090_segment_raw.fcs,ok,segment,"10,90",2,241250,258750,0.4825,0.5175,1.0,0.8548599033816425,0.9274299516908212,241250,221195,0.0,1583712.0,1583712.0,2.0,22.0,67.0,1,1:221195;2:278805,1:1;2:20,0,500000,,,0.4825,0.0,0.5175,0.0,1.0,0.0,0.8548599033816425,0.0,0.9274299516908212,0.0
flowcut,raw,B05B3_1090_segment.fcs,inputs/B05B3_1090_segment_raw.fcs,ok,segment,"10,90",2,488993,11007,0.977986,0.022014,0.5660714979560034,0.8182974470791314,0.6921844725175674,276805,9007,0.0,1583712.0,1583712.0,2.0,22.0,67.0,1,1:221195;2:278805,1:1;2:20,0,500000,,,0.977986,0.0,0.022014,0.0,0.5660714979560034,0.0,0.8182974470791314,0.0,0.6921844725175674,0.0
flowmop,source_timewarp,B05B3_1090_segment.fcs,inputs/B05B3_1090_segment_source_timewarp.fcs,ok,segment,"10,90",2,265100,234900,0.5302,0.4698,1.0,0.941656023839932,0.970828011919966,265100,221195,0.0,1583712.0,1583712.0,2.75,13.71875,38.40625,1,1:221195;2:278805,1:1;2:20,0,500000,,,0.5302,0.0,0.4698,0.0,1.0,0.0,0.941656023839932,0.0,0.970828011919966,0.0
peacoqc,source_timewarp,B05B3_1090_segment.fcs,inputs/B05B3_1090_segment_source_timewarp.fcs,ok,segment,"10,90",2,241250,258750,0.4825,0.5175,1.0,0.8548599033816425,0.9274299516908212,241250,221195,0.0,1583712.0,1583712.0,2.75,13.71875,38.40625,1,1:221195;2:278805,1:1;2:20,0,500000,,,0.4825,0.0,0.5175,0.0,1.0,0.0,0.8548599033816425,0.0,0.9274299516908212,0.0
flowcut,source_timewarp,B05B3_1090_segment.fcs,inputs/B05B3_1090_segment_source_timewarp.fcs,ok,segment,"10,90",2,489094,10906,0.978188,0.021812,0.5651244954957534,0.7793874931230516,0.6722559943094024,276399,8500,0.0,1583712.0,1583712.0,2.75,13.71875,38.40625,1,1:221195;2:278805,1:1;2:20,0,500000,,,0.977986,0.0002019999999999,0.022014,-0.0002019999999999,0.5660714979560034,-0.00094700246025,0.8182974470791314,-0.0389099539560798,0.6921844725175674,-0.019928478208165
flowmop,random_timewarp,B05B3_1090_segment.fcs,inputs/B05B3_1090_segment_random_timewarp.fcs,ok,segment,"10,90",2,265100,234900,0.5302,0.4698,1.0,0.941656023839932,0.970828011919966,265100,221195,0.0,1583712.0,1583712.0,1.6875,27.125,111.80859375,1,1:221195;2:278805,1:1;2:20,0,500000,,,0.5302,0.0,0.4698,0.0,1.0,0.0,0.941656023839932,0.0,0.970828011919966,0.0
peacoqc,random_timewarp,B05B3_1090_segment.fcs,inputs/B05B3_1090_segment_random_timewarp.fcs,ok,segment,"10,90",2,241250,258750,0.4825,0.5175,1.0,0.8548599033816425,0.9274299516908212,241250,221195,0.0,1583712.0,1583712.0,1.6875,27.125,111.80859375,1,1:221195;2:278805,1:1;2:20,0,500000,,,0.4825,0.0,0.5175,0.0,1.0,0.0,0.8548599033816425,0.0,0.9274299516908212,0.0
flowcut,random_timewarp,B05B3_1090_segment.fcs,inputs/B05B3_1090_segment_random_timewarp.fcs,ok,segment,"10,90",2,489500,10500,0.979,0.021,0.565485188968335,0.8095238095238095,0.6875044992460723,276805,8500,0.0,1583712.0,1583712.0,1.6875,27.125,111.80859375,1,1:221195;2:278805,1:1;2:20,0,500000,,,0.977986,0.0010139999999999,0.022014,-0.0010139999999999,0.5660714979560034,-0.0005863089876684,0.8182974470791314,-0.0087736375553219,0.6921844725175674,-0.0046799732714951
flowmop,raw,B1B05B3_103060_trimix.fcs,inputs/B1B05B3_103060_trimix_raw.fcs,ok,trimix,"10,30,60",3,478400,21600,0.9568,0.0432,0.6028051839464883,0.5822222222222222,0.5925137030843552,288382,12576,-0.0008335157181136,4999.9970703125,4999.997903828218,0.010009765625,0.0169984436035157,0.021484375,255,1:50898;2:151696;3:297406,1:1;2:10.5;3:20,0,500000,,,0.9568,0.0,0.0432,0.0,0.6028051839464883,0.0,0.5822222222222222,0.0,0.5925137030843552,0.0
peacoqc,raw,B1B05B3_103060_trimix.fcs,inputs/B1B05B3_103060_trimix_raw.fcs,ok,trimix,"10,30,60",3,188750,311250,0.3775,0.6225,0.828958940397351,0.5471807228915663,0.6880698316444587,156466,170310,-0.0008335157181136,4999.9970703125,4999.997903828218,0.010009765625,0.0169984436035157,0.021484375,255,1:50898;2:151696;3:297406,1:1;2:10.5;3:20,0,500000,,,0.3775,0.0,0.6225,0.0,0.828958940397351,0.0,0.5471807228915663,0.0,0.6880698316444587,0.0
flowcut,raw,B1B05B3_103060_trimix.fcs,inputs/B1B05B3_103060_trimix_raw.fcs,ok,trimix,"10,30,60",3,484000,16000,0.968,0.032,0.6079049586776859,0.80125,0.704577479338843,294226,12820,-0.0008335157181136,4999.9970703125,4999.997903828218,0.010009765625,0.0169984436035157,0.021484375,255,1:50898;2:151696;3:297406,1:1;2:10.5;3:20,0,500000,,,0.968,0.0,0.032,0.0,0.6079049586776859,0.0,0.80125,0.0,0.704577479338843,0.0
flowmop,source_timewarp,B1B05B3_103060_trimix.fcs,inputs/B1B05B3_103060_trimix_source_timewarp.fcs,ok,trimix,"10,30,60",3,478400,21600,0.9568,0.0432,0.6028051839464883,0.5822222222222222,0.5925137030843552,288382,12576,-0.0008335157181136,4999.9970703125,4999.997903828218,0.010009765625,0.021240234375,0.02783203125,255,1:50898;2:151696;3:297406,1:1;2:10.5;3:20,0,500000,,,0.9568,0.0,0.0432,0.0,0.6028051839464883,0.0,0.5822222222222222,0.0,0.5925137030843552,0.0
peacoqc,source_timewarp,B1B05B3_103060_trimix.fcs,inputs/B1B05B3_103060_trimix_source_timewarp.fcs,ok,trimix,"10,30,60",3,188750,311250,0.3775,0.6225,0.828958940397351,0.5471807228915663,0.6880698316444587,156466,170310,-0.0008335157181136,4999.9970703125,4999.997903828218,0.010009765625,0.021240234375,0.02783203125,255,1:50898;2:151696;3:297406,1:1;2:10.5;3:20,0,500000,,,0.3775,0.0,0.6225,0.0,0.828958940397351,0.0,0.5471807228915663,0.0,0.6880698316444587,0.0
flowcut,source_timewarp,B1B05B3_103060_trimix.fcs,inputs/B1B05B3_103060_trimix_source_timewarp.fcs,ok,trimix,"10,30,60",3,484000,16000,0.968,0.032,0.6079049586776859,0.80125,0.704577479338843,294226,12820,-0.0008335157181136,4999.9970703125,4999.997903828218,0.010009765625,0.021240234375,0.02783203125,255,1:50898;2:151696;3:297406,1:1;2:10.5;3:20,0,500000,,,0.968,0.0,0.032,0.0,0.6079049586776859,0.0,0.80125,0.0,0.704577479338843,0.0
flowmop,random_timewarp,B1B05B3_103060_trimix.fcs,inputs/B1B05B3_103060_trimix_random_timewarp.fcs,ok,trimix,"10,30,60",3,478400,21600,0.9568,0.0432,0.6028051839464883,0.5822222222222222,0.5925137030843552,288382,12576,-0.0008335157181136,4999.9970703125,4999.997903828218,0.009521484375,0.02587890625,0.0361328125,255,1:50898;2:151696;3:297406,1:1;2:10.5;3:20,0,500000,,,0.9568,0.0,0.0432,0.0,0.6028051839464883,0.0,0.5822222222222222,0.0,0.5925137030843552,0.0
peacoqc,random_timewarp,B1B05B3_103060_trimix.fcs,inputs/B1B05B3_103060_trimix_random_timewarp.fcs,ok,trimix,"10,30,60",3,188750,311250,0.3775,0.6225,0.828958940397351,0.5471807228915663,0.6880698316444587,156466,170310,-0.0008335157181136,4999.9970703125,4999.997903828218,0.009521484375,0.02587890625,0.0361328125,255,1:50898;2:151696;3:297406,1:1;2:10.5;3:20,0,500000,,,0.3775,0.0,0.6225,0.0,0.828958940397351,0.0,0.5471807228915663,0.0,0.6880698316444587,0.0
flowcut,random_timewarp,B1B05B3_103060_trimix.fcs,inputs/B1B05B3_103060_trimix_random_timewarp.fcs,ok,trimix,"10,30,60",3,319699,180301,0.639398,0.360602,0.6100050359869752,0.4321273869806601,0.5210662114838176,195018,77913,-0.0008335157181136,4999.9970703125,4999.997903828218,0.009521484375,0.02587890625,0.0361328125,255,1:50898;2:151696;3:297406,1:1;2:10.5;3:20,0,500000,,,0.968,-0.3286019999999999,0.032,0.3286019999999999,0.6079049586776859,0.0021000773092892,0.80125,-0.3691226130193399,0.704577479338843,-0.1835112678550253
flowmop,raw,B1B05_7525_segment.fcs,inputs/B1B05_7525_segment_raw.fcs,ok,segment,"75,25",1,304200,195800,0.6084,0.3916,1.0,0.9487078651685392,0.9743539325842696,304200,185757,532206.0,2423929.0,1891723.0,3.0,23.0,86.0,1,1:314243;2:185757,1:1;2:20,243028,743028,,,0.6084,0.0,0.3916,0.0,1.0,0.0,0.9487078651685392,0.0,0.9743539325842696,0.0
peacoqc,raw,B1B05_7525_segment.fcs,inputs/B1B05_7525_segment_raw.fcs,ok,segment,"75,25",1,250000,250000,0.5,0.5,1.0,0.743028,0.871514,250000,185757,532206.0,2423929.0,1891723.0,3.0,23.0,86.0,1,1:314243;2:185757,1:1;2:20,243028,743028,,,0.5,0.0,0.5,0.0,1.0,0.0,0.743028,0.0,0.871514,0.0
flowcut,raw,B1B05_7525_segment.fcs,inputs/B1B05_7525_segment_raw.fcs,ok,segment,"75,25",1,484000,16000,0.968,0.032,0.6368657024793388,0.625,0.6309328512396695,308243,10000,532206.0,2423929.0,1891723.0,3.0,23.0,86.0,1,1:314243;2:185757,1:1;2:20,243028,743028,,,0.968,0.0,0.032,0.0,0.6368657024793388,0.0,0.625,0.0,0.6309328512396695,0.0
flowmop,source_timewarp,B1B05_7525_segment.fcs,inputs/B1B05_7525_segment_source_timewarp.fcs,ok,segment,"75,25",1,304200,195800,0.6084,0.3916,1.0,0.9487078651685392,0.9743539325842696,304200,185757,532206.0,2423929.0,1891723.0,0.3125,34.25,133.9375,1,1:314243;2:185757,1:1;2:20,243028,743028,,,0.6084,0.0,0.3916,0.0,1.0,0.0,0.9487078651685392,0.0,0.9743539325842696,0.0
peacoqc,source_timewarp,B1B05_7525_segment.fcs,inputs/B1B05_7525_segment_source_timewarp.fcs,ok,segment,"75,25",1,250000,250000,0.5,0.5,1.0,0.743028,0.871514,250000,185757,532206.0,2423929.0,1891723.0,0.3125,34.25,133.9375,1,1:314243;2:185757,1:1;2:20,243028,743028,,,0.5,0.0,0.5,0.0,1.0,0.0,0.743028,0.0,0.871514,0.0
flowcut,source_timewarp,B1B05_7525_segment.fcs,inputs/B1B05_7525_segment_source_timewarp.fcs,ok,segment,"75,25",1,500000,0,1.0,0.0,0.628486,,0.628486,314243,0,532206.0,2423929.0,1891723.0,0.3125,34.25,133.9375,1,1:314243;2:185757,1:1;2:20,243028,743028,,,0.968,0.032,0.032,-0.032,0.6368657024793388,-0.0083797024793388,0.625,,0.6309328512396695,-0.0024468512396694
flowmop,random_timewarp,B1B05_7525_segment.fcs,inputs/B1B05_7525_segment_random_timewarp.fcs,ok,segment,"75,25",1,304200,195800,0.6084,0.3916,1.0,0.9487078651685392,0.9743539325842696,304200,185757,532206.0,2423929.0,1891723.0,1.875,30.25,126.75,1,1:314243;2:185757,1:1;2:20,243028,743028,,,0.6084,0.0,0.3916,0.0,1.0,0.0,0.9487078651685392,0.0,0.9743539325842696,0.0
peacoqc,random_timewarp,B1B05_7525_segment.fcs,inputs/B1B05_7525_segment_random_timewarp.fcs,ok,segment,"75,25",1,250000,250000,0.5,0.5,1.0,0.743028,0.871514,250000,185757,532206.0,2423929.0,1891723.0,1.875,30.25,126.75,1,1:314243;2:185757,1:1;2:20,243028,743028,,,0.5,0.0,0.5,0.0,1.0,0.0,0.743028,0.0,0.871514,0.0
flowcut,random_timewarp,B1B05_7525_segment.fcs,inputs/B1B05_7525_segment_random_timewarp.fcs,ok,segment,"75,25",1,246071,253929,0.492142,0.507858,0.5066952221106916,0.2534921178754691,0.3800936699930803,124683,64369,532206.0,2423929.0,1891723.0,1.875,30.25,126.75,1,1:314243;2:185757,1:1;2:20,243028,743028,,,0.968,-0.4758579999999999,0.032,0.475858,0.6368657024793388,-0.1301704803686472,0.625,-0.3715078821245309,0.6309328512396695,-0.2508391812465891
flowmop,raw,B1B3B05_504010_trimix.fcs,inputs/B1B3B05_504010_trimix_raw.fcs,ok,trimix,"50,40,10",1,481100,18900,0.9622,0.0378,0.4793327790480149,0.7474074074074074,0.6133700932277112,230607,14126,0.0032486906275153,4999.9951171875,4999.9918684968725,0.010009765625,0.016845703125,0.021484375,288,1:235381;2:206793;3:57826,1:1;2:10.5;3:20,0,500000,,,0.9622,0.0,0.0378,0.0,0.4793327790480149,0.0,0.7474074074074074,0.0,0.6133700932277112,0.0
peacoqc,raw,B1B3B05_504010_trimix.fcs,inputs/B1B3B05_504010_trimix_raw.fcs,ok,trimix,"50,40,10",1,228750,271250,0.4575,0.5425,0.604520218579235,0.6420387096774194,0.6232794641283272,138284,174153,0.0032486906275153,4999.9951171875,4999.9918684968725,0.010009765625,0.016845703125,0.021484375,288,1:235381;2:206793;3:57826,1:1;2:10.5;3:20,0,500000,,,0.4575,0.0,0.5425,0.0,0.604520218579235,0.0,0.6420387096774194,0.0,0.6232794641283272,0.0
flowcut,raw,B1B3B05_504010_trimix.fcs,inputs/B1B3B05_504010_trimix_raw.fcs,ok,trimix,"50,40,10",1,490500,9500,0.981,0.019,0.4758960244648318,0.7943157894736842,0.635105906969258,233427,7546,0.0032486906275153,4999.9951171875,4999.9918684968725,0.010009765625,0.016845703125,0.021484375,288,1:235381;2:206793;3:57826,1:1;2:10.5;3:20,0,500000,,,0.981,0.0,0.019,0.0,0.4758960244648318,0.0,0.7943157894736842,0.0,0.635105906969258,0.0
flowmop,source_timewarp,B1B3B05_504010_trimix.fcs,inputs/B1B3B05_504010_trimix_source_timewarp.fcs,ok,trimix,"50,40,10",1,481100,18900,0.9622,0.0378,0.4793327790480149,0.7474074074074074,0.6133700932277112,230607,14126,0.0032486906275153,4999.9951171875,4999.9918684968725,0.0083217620849609,0.039306640625,0.05908203125,288,1:235381;2:206793;3:57826,1:1;2:10.5;3:20,0,500000,,,0.9622,0.0,0.0378,0.0,0.4793327790480149,0.0,0.7474074074074074,0.0,0.6133700932277112,0.0
peacoqc,source_timewarp,B1B3B05_504010_trimix.fcs,inputs/B1B3B05_504010_trimix_source_timewarp.fcs,ok,trimix,"50,40,10",1,228750,271250,0.4575,0.5425,0.604520218579235,0.6420387096774194,0.6232794641283272,138284,174153,0.0032486906275153,4999.9951171875,4999.9918684968725,0.0083217620849609,0.039306640625,0.05908203125,288,1:235381;2:206793;3:57826,1:1;2:10.5;3:20,0,500000,,,0.4575,0.0,0.5425,0.0,0.604520218579235,0.0,0.6420387096774194,0.0,0.6232794641283272,0.0
flowcut,source_timewarp,B1B3B05_504010_trimix.fcs,inputs/B1B3B05_504010_trimix_source_timewarp.fcs,ok,trimix,"50,40,10",1,486397,13603,0.972794,0.027206,0.47727884834816,0.7622583253694039,0.6197685868587819,232147,10369,0.0032486906275153,4999.9951171875,4999.9918684968725,0.0083217620849609,0.039306640625,0.05908203125,288,1:235381;2:206793;3:57826,1:1;2:10.5;3:20,0,500000,,,0.981,-0.0082059999999999,0.019,0.008206,0.4758960244648318,0.0013828238833281,0.7943157894736842,-0.0320574641042803,0.635105906969258,-0.015337320110476
flowmop,random_timewarp,B1B3B05_504010_trimix.fcs,inputs/B1B3B05_504010_trimix_random_timewarp.fcs,ok,trimix,"50,40,10",1,481100,18900,0.9622,0.0378,0.4793327790480149,0.7474074074074074,0.6133700932277112,230607,14126,0.0032486906275153,4999.9951171875,4999.9918684968725,0.009521484375,0.03173828125,0.04541015625,288,1:235381;2:206793;3:57826,1:1;2:10.5;3:20,0,500000,,,0.9622,0.0,0.0378,0.0,0.4793327790480149,0.0,0.7474074074074074,0.0,0.6133700932277112,0.0
peacoqc,random_timewarp,B1B3B05_504010_trimix.fcs,inputs/B1B3B05_504010_trimix_random_timewarp.fcs,ok,trimix,"50,40,10",1,228750,271250,0.4575,0.5425,0.604520218579235,0.6420387096774194,0.6232794641283272,138284,174153,0.0032486906275153,4999.9951171875,4999.9918684968725,0.009521484375,0.03173828125,0.04541015625,288,1:235381;2:206793;3:57826,1:1;2:10.5;3:20,0,500000,,,0.4575,0.0,0.5425,0.0,0.604520218579235,0.0,0.6420387096774194,0.0,0.6232794641283272,0.0
flowcut,random_timewarp,B1B3B05_504010_trimix.fcs,inputs/B1B3B05_504010_trimix_random_timewarp.fcs,ok,trimix,"50,40,10",1,490500,9500,0.981,0.019,0.4758960244648318,0.7943157894736842,0.635105906969258,233427,7546,0.0032486906275153,4999.9951171875,4999.9918684968725,0.009521484375,0.03173828125,0.04541015625,288,1:235381;2:206793;3:57826,1:1;2:10.5;3:20,0,500000,,,0.981,0.0,0.019,0.0,0.4758960244648318,0.0,0.7943157894736842,0.0,0.635105906969258,0.0
flowmop,raw,B1B3B05_651025_trimix.fcs,inputs/B1B3B05_651025_trimix_raw.fcs,ok,trimix,"65,10,25",1,456800,43200,0.9136,0.0864,0.667338003502627,0.6176851851851852,0.6425115943439061,304840,26684,0.0035281046293675,5000.0009765625,4999.997448457871,0.010009765625,0.016845703125,0.021484375,265,1:321356;2:50796;3:127848,1:1;2:10.5;3:20,0,500000,,,0.9136,0.0,0.0864,0.0,0.667338003502627,0.0,0.6176851851851852,0.0,0.6425115943439061,0.0
peacoqc,raw,B1B3B05_651025_trimix.fcs,inputs/B1B3B05_651025_trimix_raw.fcs,ok,trimix,"65,10,25",1,387500,112500,0.775,0.225,0.6449754838709677,0.3650844444444444,0.5050299641577061,249928,41072,0.0035281046293675,5000.0009765625,4999.997448457871,0.010009765625,0.016845703125,0.021484375,265,1:321356;2:50796;3:127848,1:1;2:10.5;3:20,0,500000,,,0.775,0.0,0.225,0.0,0.6449754838709677,0.0,0.3650844444444444,0.0,0.5050299641577061,0.0
flowcut,raw,B1B3B05_651025_trimix.fcs,inputs/B1B3B05_651025_trimix_raw.fcs,ok,trimix,"65,10,25",1,495000,5000,0.99,0.01,0.64509898989899,0.5936,0.619349494949495,319324,2968,0.0035281046293675,5000.0009765625,4999.997448457871,0.010009765625,0.016845703125,0.021484375,265,1:321356;2:50796;3:127848,1:1;2:10.5;3:20,0,500000,,,0.99,0.0,0.01,0.0,0.64509898989899,0.0,0.5936,0.0,0.619349494949495,0.0
flowmop,source_timewarp,B1B3B05_651025_trimix.fcs,inputs/B1B3B05_651025_trimix_source_timewarp.fcs,ok,trimix,"65,10,25",1,456800,43200,0.9136,0.0864,0.667338003502627,0.6176851851851852,0.6425115943439061,304840,26684,0.0035281046293675,5000.0009765625,4999.997448457871,0.001739501953125,0.04443359375,0.0615234375,265,1:321356;2:50796;3:127848,1:1;2:10.5;3:20,0,500000,,,0.9136,0.0,0.0864,0.0,0.667338003502627,0.0,0.6176851851851852,0.0,0.6425115943439061,0.0
peacoqc,source_timewarp,B1B3B05_651025_trimix.fcs,inputs/B1B3B05_651025_trimix_source_timewarp.fcs,ok,trimix,"65,10,25",1,387500,112500,0.775,0.225,0.6449754838709677,0.3650844444444444,0.5050299641577061,249928,41072,0.0035281046293675,5000.0009765625,4999.997448457871,0.001739501953125,0.04443359375,0.0615234375,265,1:321356;2:50796;3:127848,1:1;2:10.5;3:20,0,500000,,,0.775,0.0,0.225,0.0,0.6449754838709677,0.0,0.3650844444444444,0.0,0.5050299641577061,0.0
flowcut,source_timewarp,B1B3B05_651025_trimix.fcs,inputs/B1B3B05_651025_trimix_source_timewarp.fcs,ok,trimix,"65,10,25",1,474463,25537,0.948926,0.051074,0.67567123253025,0.969651877667698,0.822661555098974,320581,24762,0.0035281046293675,5000.0009765625,4999.997448457871,0.001739501953125,0.04443359375,0.0615234375,265,1:321356;2:50796;3:127848,1:1;2:10.5;3:20,0,500000,,,0.99,-0.0410739999999999,0.01,0.041074,0.64509898989899,0.03057224263126,0.5936,0.376051877667698,0.619349494949495,0.203312060149479
flowmop,random_timewarp,B1B3B05_651025_trimix.fcs,inputs/B1B3B05_651025_trimix_random_timewarp.fcs,ok,trimix,"65,10,25",1,456800,43200,0.9136,0.0864,0.667338003502627,0.6176851851851852,0.6425115943439061,304840,26684,0.0035281046293675,5000.0009765625,4999.997448457871,0.010009765625,0.024658203125,0.033203125,265,1:321356;2:50796;3:127848,1:1;2:10.5;3:20,0,500000,,,0.9136,0.0,0.0864,0.0,0.667338003502627,0.0,0.6176851851851852,0.0,0.6425115943439061,0.0
peacoqc,random_timewarp,B1B3B05_651025_trimix.fcs,inputs/B1B3B05_651025_trimix_random_timewarp.fcs,ok,trimix,"65,10,25",1,387500,112500,0.775,0.225,0.6449754838709677,0.3650844444444444,0.5050299641577061,249928,41072,0.0035281046293675,5000.0009765625,4999.997448457871,0.010009765625,0.024658203125,0.033203125,265,1:321356;2:50796;3:127848,1:1;2:10.5;3:20,0,500000,,,0.775,0.0,0.225,0.0,0.6449754838709677,0.0,0.3650844444444444,0.0,0.5050299641577061,0.0
flowcut,random_timewarp,B1B3B05_651025_trimix.fcs,inputs/B1B3B05_651025_trimix_random_timewarp.fcs,ok,trimix,"65,10,25",1,229897,270103,0.459794,0.540206,0.696838149258146,0.403357237794471,0.5500976935263086,160201,108948,0.0035281046293675,5000.0009765625,4999.997448457871,0.010009765625,0.024658203125,0.033203125,265,1:321356;2:50796;3:127848,1:1;2:10.5;3:20,0,500000,,,0.99,-0.530206,0.01,0.530206,0.64509898989899,0.051739159359156,0.5936,-0.190242762205529,0.619349494949495,-0.0692518014231864
flowmop,raw,B1B3_1585_bimix.fcs,inputs/B1B3_1585_bimix_raw.fcs,ok,bimix,"15,85",2,393800,106200,0.7876,0.2124,0.9463230066023364,0.4775706214689265,0.7119468140356314,372662,50718,0.0032486906275153,4999.99365234375,4999.9904036531225,0.010009765625,0.0167236328125,0.021484375,126,1:71856;2:428144,1:1;2:20,0,500000,,,0.7876,0.0,0.2124,0.0,0.9463230066023364,0.0,0.4775706214689265,0.0,0.7119468140356314,0.0
peacoqc,raw,B1B3_1585_bimix.fcs,inputs/B1B3_1585_bimix_raw.fcs,ok,bimix,"15,85",2,461250,38750,0.9225,0.0775,0.8571967479674797,0.1545290322580645,0.5058628901127721,395382,5988,0.0032486906275153,4999.99365234375,4999.9904036531225,0.010009765625,0.0167236328125,0.021484375,126,1:71856;2:428144,1:1;2:20,0,500000,,,0.9225,0.0,0.0775,0.0,0.8571967479674797,0.0,0.1545290322580645,0.0,0.5058628901127721,0.0
flowcut,raw,B1B3_1585_bimix.fcs,inputs/B1B3_1585_bimix_raw.fcs,ok,bimix,"15,85",2,448000,52000,0.896,0.104,0.9417544642857144,0.8800384615384615,0.910896462912088,421906,45762,0.0032486906275153,4999.99365234375,4999.9904036531225,0.010009765625,0.0167236328125,0.021484375,126,1:71856;2:428144,1:1;2:20,0,500000,,,0.896,0.0,0.104,0.0,0.9417544642857144,0.0,0.8800384615384615,0.0,0.910896462912088,0.0
flowmop,source_timewarp,B1B3_1585_bimix.fcs,inputs/B1B3_1585_bimix_source_timewarp.fcs,ok,bimix,"15,85",2,393800,106200,0.7876,0.2124,0.9463230066023364,0.4775706214689265,0.7119468140356314,372662,50718,0.0032486906275153,4999.99365234375,4999.9904036531225,0.010986328125,0.01904296875,0.02490234375,126,1:71856;2:428144,1:1;2:20,0,500000,,,0.7876,0.0,0.2124,0.0,0.9463230066023364,0.0,0.4775706214689265,0.0,0.7119468140356314,0.0
peacoqc,source_timewarp,B1B3_1585_bimix.fcs,inputs/B1B3_1585_bimix_source_timewarp.fcs,ok,bimix,"15,85",2,461250,38750,0.9225,0.0775,0.8571967479674797,0.1545290322580645,0.5058628901127721,395382,5988,0.0032486906275153,4999.99365234375,4999.9904036531225,0.010986328125,0.01904296875,0.02490234375,126,1:71856;2:428144,1:1;2:20,0,500000,,,0.9225,0.0,0.0775,0.0,0.8571967479674797,0.0,0.1545290322580645,0.0,0.5058628901127721,0.0
flowcut,source_timewarp,B1B3_1585_bimix.fcs,inputs/B1B3_1585_bimix_source_timewarp.fcs,ok,bimix,"15,85",2,448000,52000,0.896,0.104,0.9417544642857144,0.8800384615384615,0.910896462912088,421906,45762,0.0032486906275153,4999.99365234375,4999.9904036531225,0.010986328125,0.01904296875,0.02490234375,126,1:71856;2:428144,1:1;2:20,0,500000,,,0.896,0.0,0.104,0.0,0.9417544642857144,0.0,0.8800384615384615,0.0,0.910896462912088,0.0
flowmop,random_timewarp,B1B3_1585_bimix.fcs,inputs/B1B3_1585_bimix_random_timewarp.fcs,ok,bimix,"15,85",2,393800,106200,0.7876,0.2124,0.9463230066023364,0.4775706214689265,0.7119468140356314,372662,50718,0.0032486906275153,4999.99365234375,4999.9904036531225,0.00146484375,0.035888671875,0.05029296875,126,1:71856;2:428144,1:1;2:20,0,500000,,,0.7876,0.0,0.2124,0.0,0.9463230066023364,0.0,0.4775706214689265,0.0,0.7119468140356314,0.0
peacoqc,random_timewarp,B1B3_1585_bimix.fcs,inputs/B1B3_1585_bimix_random_timewarp.fcs,ok,bimix,"15,85",2,461250,38750,0.9225,0.0775,0.8571967479674797,0.1545290322580645,0.5058628901127721,395382,5988,0.0032486906275153,4999.99365234375,4999.9904036531225,0.00146484375,0.035888671875,0.05029296875,126,1:71856;2:428144,1:1;2:20,0,500000,,,0.9225,0.0,0.0775,0.0,0.8571967479674797,0.0,0.1545290322580645,0.0,0.5058628901127721,0.0
flowcut,random_timewarp,B1B3_1585_bimix.fcs,inputs/B1B3_1585_bimix_random_timewarp.fcs,ok,bimix,"15,85",2,267581,232419,0.535162,0.464838,0.9553069911540804,0.2577112886640076,0.6065091399090441,255622,59897,0.0032486906275153,4999.99365234375,4999.9904036531225,0.00146484375,0.035888671875,0.05029296875,126,1:71856;2:428144,1:1;2:20,0,500000,,,0.896,-0.360838,0.104,0.360838,0.9417544642857144,0.0135525268683659,0.8800384615384615,-0.6223271728744539,0.910896462912088,-0.3043873230030439
flowmop,raw,B1B3_5545_bimix.fcs,inputs/B1B3_5545_bimix_raw.fcs,ok,bimix,"55,45",1,473000,27000,0.946,0.054,0.5470782241014799,0.3822222222222222,0.464650223161851,258768,10320,0.0032486906275153,4999.99462890625,4999.991380215623,0.010009765625,0.0167236328125,0.021484375,248,1:275448;2:224552,1:1;2:20,0,500000,,,0.946,0.0,0.054,0.0,0.5470782241014799,0.0,0.3822222222222222,0.0,0.464650223161851,0.0
peacoqc,raw,B1B3_5545_bimix.fcs,inputs/B1B3_5545_bimix_raw.fcs,ok,bimix,"55,45",1,176250,323750,0.3525,0.6475,0.7365106382978723,0.5501528957528957,0.643331767025384,129810,178112,0.0032486906275153,4999.99462890625,4999.991380215623,0.010009765625,0.0167236328125,0.021484375,248,1:275448;2:224552,1:1;2:20,0,500000,,,0.3525,0.0,0.6475,0.0,0.7365106382978723,0.0,0.5501528957528957,0.0,0.643331767025384,0.0
flowcut,raw,B1B3_5545_bimix.fcs,inputs/B1B3_5545_bimix_raw.fcs,ok,bimix,"55,45",1,488500,11500,0.977,0.023,0.5523152507676561,0.5093913043478261,0.530853277557741,269806,5858,0.0032486906275153,4999.99462890625,4999.991380215623,0.010009765625,0.0167236328125,0.021484375,248,1:275448;2:224552,1:1;2:20,0,500000,,,0.977,0.0,0.023,0.0,0.5523152507676561,0.0,0.5093913043478261,0.0,0.530853277557741,0.0
flowmop,source_timewarp,B1B3_5545_bimix.fcs,inputs/B1B3_5545_bimix_source_timewarp.fcs,ok,bimix,"55,45",1,473000,27000,0.946,0.054,0.5470782241014799,0.3822222222222222,0.464650223161851,258768,10320,0.0032486906275153,4999.99462890625,4999.991380215623,0.00146484375,0.03271484375,0.04541015625,248,1:275448;2:224552,1:1;2:20,0,500000,,,0.946,0.0,0.054,0.0,0.5470782241014799,0.0,0.3822222222222222,0.0,0.464650223161851,0.0
peacoqc,source_timewarp,B1B3_5545_bimix.fcs,inputs/B1B3_5545_bimix_source_timewarp.fcs,ok,bimix,"55,45",1,176250,323750,0.3525,0.6475,0.7365106382978723,0.5501528957528957,0.643331767025384,129810,178112,0.0032486906275153,4999.99462890625,4999.991380215623,0.00146484375,0.03271484375,0.04541015625,248,1:275448;2:224552,1:1;2:20,0,500000,,,0.3525,0.0,0.6475,0.0,0.7365106382978723,0.0,0.5501528957528957,0.0,0.643331767025384,0.0
flowcut,source_timewarp,B1B3_5545_bimix.fcs,inputs/B1B3_5545_bimix_source_timewarp.fcs,ok,bimix,"55,45",1,451592,48408,0.903184,0.096816,0.5940472816170348,0.8516567509502562,0.7228520162836455,268267,41227,0.0032486906275153,4999.99462890625,4999.991380215623,0.00146484375,0.03271484375,0.04541015625,248,1:275448;2:224552,1:1;2:20,0,500000,,,0.977,-0.0738159999999999,0.023,0.0738159999999999,0.5523152507676561,0.0417320308493787,0.5093913043478261,0.3422654466024301,0.530853277557741,0.1919987387259044
flowmop,random_timewarp,B1B3_5545_bimix.fcs,inputs/B1B3_5545_bimix_random_timewarp.fcs,ok,bimix,"55,45",1,473000,27000,0.946,0.054,0.5470782241014799,0.3822222222222222,0.464650223161851,258768,10320,0.0032486906275153,4999.99462890625,4999.991380215623,0.010986328125,0.02783203125,0.03759765625,248,1:275448;2:224552,1:1;2:20,0,500000,,,0.946,0.0,0.054,0.0,0.5470782241014799,0.0,0.3822222222222222,0.0,0.464650223161851,0.0
peacoqc,random_timewarp,B1B3_5545_bimix.fcs,inputs/B1B3_5545_bimix_random_timewarp.fcs,ok,bimix,"55,45",1,176250,323750,0.3525,0.6475,0.7365106382978723,0.5501528957528957,0.643331767025384,129810,178112,0.0032486906275153,4999.99462890625,4999.991380215623,0.010986328125,0.02783203125,0.03759765625,248,1:275448;2:224552,1:1;2:20,0,500000,,,0.3525,0.0,0.6475,0.0,0.7365106382978723,0.0,0.5501528957528957,0.0,0.643331767025384,0.0
flowcut,random_timewarp,B1B3_5545_bimix.fcs,inputs/B1B3_5545_bimix_random_timewarp.fcs,ok,bimix,"55,45",1,488500,11500,0.977,0.023,0.5523152507676561,0.5093913043478261,0.530853277557741,269806,5858,0.0032486906275153,4999.99462890625,4999.991380215623,0.010986328125,0.02783203125,0.03759765625,248,1:275448;2:224552,1:1;2:20,0,500000,,,0.977,0.0,0.023,0.0,0.5523152507676561,0.0,0.5093913043478261,0.0,0.530853277557741,0.0
flowmop,raw,B1B3_8515_segment.fcs,inputs/B1B3_8515_segment_raw.fcs,ok,segment,"85,15",1,391500,108500,0.783,0.217,1.0,0.906377880184332,0.953188940092166,391500,98342,327129.0,1422808.0,1095679.0,2.0,11.0,30.0,1,1:401658;2:98342,1:1;2:20,155613,655613,,,0.783,0.0,0.217,0.0,1.0,0.0,0.906377880184332,0.0,0.953188940092166,0.0
peacoqc,raw,B1B3_8515_segment.fcs,inputs/B1B3_8515_segment_raw.fcs,ok,segment,"85,15",1,363750,136250,0.7275,0.2725,0.8969072164948454,0.4465467889908256,0.6717270027428355,326250,60842,327129.0,1422808.0,1095679.0,2.0,11.0,30.0,1,1:401658;2:98342,1:1;2:20,155613,655613,,,0.7275,0.0,0.2725,0.0,0.8969072164948454,0.0,0.4465467889908256,0.0,0.6717270027428355,0.0
flowcut,raw,B1B3_8515_segment.fcs,inputs/B1B3_8515_segment_raw.fcs,ok,segment,"85,15",1,380500,119500,0.761,0.239,0.9973718791064388,0.8145774058577406,0.9059746424820898,379500,97342,327129.0,1422808.0,1095679.0,2.0,11.0,30.0,1,1:401658;2:98342,1:1;2:20,155613,655613,,,0.761,0.0,0.239,0.0,0.9973718791064388,0.0,0.8145774058577406,0.0,0.9059746424820898,0.0
flowmop,source_timewarp,B1B3_8515_segment.fcs,inputs/B1B3_8515_segment_source_timewarp.fcs,ok,segment,"85,15",1,391500,108500,0.783,0.217,1.0,0.906377880184332,0.953188940092166,391500,98342,327129.0,1422808.0,1095679.0,0.5,18.375,59.75,1,1:401658;2:98342,1:1;2:20,155613,655613,,,0.783,0.0,0.217,0.0,1.0,0.0,0.906377880184332,0.0,0.953188940092166,0.0
peacoqc,source_timewarp,B1B3_8515_segment.fcs,inputs/B1B3_8515_segment_source_timewarp.fcs,ok,segment,"85,15",1,363750,136250,0.7275,0.2725,0.8969072164948454,0.4465467889908256,0.6717270027428355,326250,60842,327129.0,1422808.0,1095679.0,0.5,18.375,59.75,1,1:401658;2:98342,1:1;2:20,155613,655613,,,0.7275,0.0,0.2725,0.0,0.8969072164948454,0.0,0.4465467889908256,0.0,0.6717270027428355,0.0
flowcut,source_timewarp,B1B3_8515_segment.fcs,inputs/B1B3_8515_segment_source_timewarp.fcs,ok,segment,"85,15",1,500000,0,1.0,0.0,0.803316,,0.803316,401658,0,327129.0,1422808.0,1095679.0,0.5,18.375,59.75,1,1:401658;2:98342,1:1;2:20,155613,655613,,,0.761,0.239,0.239,-0.239,0.9973718791064388,-0.1940558791064387,0.8145774058577406,,0.9059746424820898,-0.1026586424820897
flowmop,random_timewarp,B1B3_8515_segment.fcs,inputs/B1B3_8515_segment_random_timewarp.fcs,ok,segment,"85,15",1,391500,108500,0.783,0.217,1.0,0.906377880184332,0.953188940092166,391500,98342,327129.0,1422808.0,1095679.0,1.375,13.4375,40.5,1,1:401658;2:98342,1:1;2:20,155613,655613,,,0.783,0.0,0.217,0.0,1.0,0.0,0.906377880184332,0.0,0.953188940092166,0.0
peacoqc,random_timewarp,B1B3_8515_segment.fcs,inputs/B1B3_8515_segment_random_timewarp.fcs,ok,segment,"85,15",1,363750,136250,0.7275,0.2725,0.8969072164948454,0.4465467889908256,0.6717270027428355,326250,60842,327129.0,1422808.0,1095679.0,1.375,13.4375,40.5,1,1:401658;2:98342,1:1;2:20,155613,655613,,,0.7275,0.0,0.2725,0.0,0.8969072164948454,0.0,0.4465467889908256,0.0,0.6717270027428355,0.0
flowcut,random_timewarp,B1B3_8515_segment.fcs,inputs/B1B3_8515_segment_random_timewarp.fcs,ok,segment,"85,15",1,380500,119500,0.761,0.239,0.9973718791064388,0.8145774058577406,0.9059746424820898,379500,97342,327129.0,1422808.0,1095679.0,1.375,13.4375,40.5,1,1:401658;2:98342,1:1;2:20,155613,655613,,,0.761,0.0,0.239,0.0,0.9973718791064388,0.0,0.8145774058577406,0.0,0.9059746424820898,0.0
flowmop,raw,B3B05_9010_segment.fcs,inputs/B3B05_9010_segment_raw.fcs,ok,segment,"90,10",1,268200,231800,0.5364,0.4636,1.0,0.9041932700603968,0.9520966350301984,268200,209592,2075273.0,3745700.0,1670427.0,2.0,24.0,86.0,1,1:290408;2:209592,1:1;2:20,1595920,2095920,,,0.5364,0.0,0.4636,0.0,1.0,0.0,0.9041932700603968,0.0,0.9520966350301984,0.0
peacoqc,raw,B3B05_9010_segment.fcs,inputs/B3B05_9010_segment_raw.fcs,ok,segment,"90,10",1,432500,67500,0.865,0.135,0.6473988439306358,0.8458074074074075,0.7466031256690216,280000,57092,2075273.0,3745700.0,1670427.0,2.0,24.0,86.0,1,1:290408;2:209592,1:1;2:20,1595920,2095920,,,0.865,0.0,0.135,0.0,0.6473988439306358,0.0,0.8458074074074075,0.0,0.7466031256690216,0.0
flowcut,raw,B3B05_9010_segment.fcs,inputs/B3B05_9010_segment_raw.fcs,ok,segment,"90,10",1,475500,24500,0.951,0.049,0.6044332281808622,0.8775510204081632,0.7409921242945128,287408,21500,2075273.0,3745700.0,1670427.0,2.0,24.0,86.0,1,1:290408;2:209592,1:1;2:20,1595920,2095920,,,0.951,0.0,0.049,0.0,0.6044332281808622,0.0,0.8775510204081632,0.0,0.7409921242945128,0.0
flowmop,source_timewarp,B3B05_9010_segment.fcs,inputs/B3B05_9010_segment_source_timewarp.fcs,ok,segment,"90,10",1,268200,231800,0.5364,0.4636,1.0,0.9041932700603968,0.9520966350301984,268200,209592,2075273.0,3745700.0,1670427.0,1.25,30.0,107.25,1,1:290408;2:209592,1:1;2:20,1595920,2095920,,,0.5364,0.0,0.4636,0.0,1.0,0.0,0.9041932700603968,0.0,0.9520966350301984,0.0
peacoqc,source_timewarp,B3B05_9010_segment.fcs,inputs/B3B05_9010_segment_source_timewarp.fcs,ok,segment,"90,10",1,432500,67500,0.865,0.135,0.6473988439306358,0.8458074074074075,0.7466031256690216,280000,57092,2075273.0,3745700.0,1670427.0,1.25,30.0,107.25,1,1:290408;2:209592,1:1;2:20,1595920,2095920,,,0.865,0.0,0.135,0.0,0.6473988439306358,0.0,0.8458074074074075,0.0,0.7466031256690216,0.0
flowcut,source_timewarp,B3B05_9010_segment.fcs,inputs/B3B05_9010_segment_source_timewarp.fcs,ok,segment,"90,10",1,500000,0,1.0,0.0,0.580816,,0.580816,290408,0,2075273.0,3745700.0,1670427.0,1.25,30.0,107.25,1,1:290408;2:209592,1:1;2:20,1595920,2095920,,,0.951,0.049,0.049,-0.049,0.6044332281808622,-0.0236172281808622,0.8775510204081632,,0.7409921242945128,-0.1601761242945127
flowmop,random_timewarp,B3B05_9010_segment.fcs,inputs/B3B05_9010_segment_random_timewarp.fcs,ok,segment,"90,10",1,268200,231800,0.5364,0.4636,1.0,0.9041932700603968,0.9520966350301984,268200,209592,2075273.0,3745700.0,1670427.0,1.5,32.0,131.25,1,1:290408;2:209592,1:1;2:20,1595920,2095920,,,0.5364,0.0,0.4636,0.0,1.0,0.0,0.9041932700603968,0.0,0.9520966350301984,0.0
peacoqc,random_timewarp,B3B05_9010_segment.fcs,inputs/B3B05_9010_segment_random_timewarp.fcs,ok,segment,"90,10",1,432500,67500,0.865,0.135,0.6473988439306358,0.8458074074074075,0.7466031256690216,280000,57092,2075273.0,3745700.0,1670427.0,1.5,32.0,131.25,1,1:290408;2:209592,1:1;2:20,1595920,2095920,,,0.865,0.0,0.135,0.0,0.6473988439306358,0.0,0.8458074074074075,0.0,0.7466031256690216,0.0
flowcut,random_timewarp,B3B05_9010_segment.fcs,inputs/B3B05_9010_segment_random_timewarp.fcs,ok,segment,"90,10",1,182500,317500,0.365,0.635,0.9863013698630136,0.6522582677165354,0.8192798187897745,180000,207092,2075273.0,3745700.0,1670427.0,1.5,32.0,131.25,1,1:290408;2:209592,1:1;2:20,1595920,2095920,,,0.951,-0.586,0.049,0.586,0.6044332281808622,0.3818681416821514,0.8775510204081632,-0.2252927526916278,0.7409921242945128,0.0782876944952617
flowmop,raw,B3B1_5050_bimix.fcs,inputs/B3B1_5050_bimix_raw.fcs,ok,bimix,"50,50","1,2",479300,20700,0.9586,0.0414,1.0,0.0,0.5,479300,0,0.0032486906275153,4999.9931640625,4999.9899153718725,0.010009765625,0.0167236328125,0.021484375,266,1:251496;2:248504,1:1;2:20,0,500000,,,0.9586,0.0,0.0414,0.0,1.0,0.0,0.0,0.0,0.5,0.0
peacoqc,raw,B3B1_5050_bimix.fcs,inputs/B3B1_5050_bimix_raw.fcs,ok,bimix,"50,50","1,2",233750,266250,0.4675,0.5325,1.0,0.0,0.5,233750,0,0.0032486906275153,4999.9931640625,4999.9899153718725,0.010009765625,0.0167236328125,0.021484375,266,1:251496;2:248504,1:1;2:20,0,500000,,,0.4675,0.0,0.5325,0.0,1.0,0.0,0.0,0.0,0.5,0.0
flowcut,raw,B3B1_5050_bimix.fcs,inputs/B3B1_5050_bimix_raw.fcs,ok,bimix,"50,50","1,2",492500,7500,0.985,0.015,1.0,0.0,0.5,492500,0,0.0032486906275153,4999.9931640625,4999.9899153718725,0.010009765625,0.0167236328125,0.021484375,266,1:251496;2:248504,1:1;2:20,0,500000,,,0.985,0.0,0.015,0.0,1.0,0.0,0.0,0.0,0.5,0.0
flowmop,source_timewarp,B3B1_5050_bimix.fcs,inputs/B3B1_5050_bimix_source_timewarp.fcs,ok,bimix,"50,50","1,2",479300,20700,0.9586,0.0414,1.0,0.0,0.5,479300,0,0.0032486906275153,4999.9931640625,4999.9899153718725,0.001708984375,0.0299072265625,0.04150390625,266,1:251496;2:248504,1:1;2:20,0,500000,,,0.9586,0.0,0.0414,0.0,1.0,0.0,0.0,0.0,0.5,0.0
peacoqc,source_timewarp,B3B1_5050_bimix.fcs,inputs/B3B1_5050_bimix_source_timewarp.fcs,ok,bimix,"50,50","1,2",233750,266250,0.4675,0.5325,1.0,0.0,0.5,233750,0,0.0032486906275153,4999.9931640625,4999.9899153718725,0.001708984375,0.0299072265625,0.04150390625,266,1:251496;2:248504,1:1;2:20,0,500000,,,0.4675,0.0,0.5325,0.0,1.0,0.0,0.0,0.0,0.5,0.0
flowcut,source_timewarp,B3B1_5050_bimix.fcs,inputs/B3B1_5050_bimix_source_timewarp.fcs,ok,bimix,"50,50","1,2",492256,7744,0.984512,0.015488,1.0,0.0,0.5,492256,0,0.0032486906275153,4999.9931640625,4999.9899153718725,0.001708984375,0.0299072265625,0.04150390625,266,1:251496;2:248504,1:1;2:20,0,500000,,,0.985,-0.0004879999999999,0.015,0.000488,1.0,0.0,0.0,0.0,0.5,0.0
flowmop,random_timewarp,B3B1_5050_bimix.fcs,inputs/B3B1_5050_bimix_random_timewarp.fcs,ok,bimix,"50,50","1,2",479300,20700,0.9586,0.0414,1.0,0.0,0.5,479300,0,0.0032486906275153,4999.9931640625,4999.9899153718725,0.01171875,0.02587890625,0.03466796875,266,1:251496;2:248504,1:1;2:20,0,500000,,,0.9586,0.0,0.0414,0.0,1.0,0.0,0.0,0.0,0.5,0.0
peacoqc,random_timewarp,B3B1_5050_bimix.fcs,inputs/B3B1_5050_bimix_random_timewarp.fcs,ok,bimix,"50,50","1,2",233750,266250,0.4675,0.5325,1.0,0.0,0.5,233750,0,0.0032486906275153,4999.9931640625,4999.9899153718725,0.01171875,0.02587890625,0.03466796875,266,1:251496;2:248504,1:1;2:20,0,500000,,,0.4675,0.0,0.5325,0.0,1.0,0.0,0.0,0.0,0.5,0.0
flowcut,random_timewarp,B3B1_5050_bimix.fcs,inputs/B3B1_5050_bimix_random_timewarp.fcs,ok,bimix,"50,50","1,2",492500,7500,0.985,0.015,1.0,0.0,0.5,492500,0,0.0032486906275153,4999.9931640625,4999.9899153718725,0.01171875,0.02587890625,0.03466796875,266,1:251496;2:248504,1:1;2:20,0,500000,,,0.985,0.0,0.015,0.0,1.0,0.0,0.0,0.0,0.5,0.0
flowmop,raw,B3B1_8020_segment.fcs,inputs/B3B1_8020_segment_raw.fcs,ok,segment,"80,20",1,480200,19800,0.9604,0.0396,0.5131195335276968,0.8181818181818182,0.6656506758547576,246400,16200,2315749.0,3182748.0,866999.0,2.0,9.0,27.0,1,1:250000;2:250000,1:1;2:20,1775504,2275504,,,0.9604,0.0,0.0396,0.0,0.5131195335276968,0.0,0.8181818181818182,0.0,0.6656506758547576,0.0
peacoqc,raw,B3B1_8020_segment.fcs,inputs/B3B1_8020_segment_raw.fcs,ok,segment,"80,20",1,241250,258750,0.4825,0.5175,0.8393782383419689,0.8164251207729468,0.8279016795574579,202500,211250,2315749.0,3182748.0,866999.0,2.0,9.0,27.0,1,1:250000;2:250000,1:1;2:20,1775504,2275504,,,0.4825,0.0,0.5175,0.0,0.8393782383419689,0.0,0.8164251207729468,0.0,0.8279016795574579,0.0
flowcut,raw,B3B1_8020_segment.fcs,inputs/B3B1_8020_segment_raw.fcs,ok,segment,"80,20",1,488000,12000,0.976,0.024,0.507172131147541,0.7916666666666666,0.6494193989071038,247500,9500,2315749.0,3182748.0,866999.0,2.0,9.0,27.0,1,1:250000;2:250000,1:1;2:20,1775504,2275504,,,0.976,0.0,0.024,0.0,0.507172131147541,0.0,0.7916666666666666,0.0,0.6494193989071038,0.0
flowmop,source_timewarp,B3B1_8020_segment.fcs,inputs/B3B1_8020_segment_source_timewarp.fcs,ok,segment,"80,20",1,480200,19800,0.9604,0.0396,0.5131195335276968,0.8181818181818182,0.6656506758547576,246400,16200,2315749.0,3182748.0,866999.0,1.5,12.0,35.75,1,1:250000;2:250000,1:1;2:20,1775504,2275504,,,0.9604,0.0,0.0396,0.0,0.5131195335276968,0.0,0.8181818181818182,0.0,0.6656506758547576,0.0
peacoqc,source_timewarp,B3B1_8020_segment.fcs,inputs/B3B1_8020_segment_source_timewarp.fcs,ok,segment,"80,20",1,241250,258750,0.4825,0.5175,0.8393782383419689,0.8164251207729468,0.8279016795574579,202500,211250,2315749.0,3182748.0,866999.0,1.5,12.0,35.75,1,1:250000;2:250000,1:1;2:20,1775504,2275504,,,0.4825,0.0,0.5175,0.0,0.8393782383419689,0.0,0.8164251207729468,0.0,0.8279016795574579,0.0
flowcut,source_timewarp,B3B1_8020_segment.fcs,inputs/B3B1_8020_segment_source_timewarp.fcs,ok,segment,"80,20",1,500000,0,1.0,0.0,0.5,,0.5,250000,0,2315749.0,3182748.0,866999.0,1.5,12.0,35.75,1,1:250000;2:250000,1:1;2:20,1775504,2275504,,,0.976,0.024,0.024,-0.024,0.507172131147541,-0.007172131147541,0.7916666666666666,,0.6494193989071038,-0.1494193989071037
flowmop,random_timewarp,B3B1_8020_segment.fcs,inputs/B3B1_8020_segment_random_timewarp.fcs,ok,segment,"80,20",1,480200,19800,0.9604,0.0396,0.5131195335276968,0.8181818181818182,0.6656506758547576,246400,16200,2315749.0,3182748.0,866999.0,0.5,14.25,54.5,1,1:250000;2:250000,1:1;2:20,1775504,2275504,,,0.9604,0.0,0.0396,0.0,0.5131195335276968,0.0,0.8181818181818182,0.0,0.6656506758547576,0.0
peacoqc,random_timewarp,B3B1_8020_segment.fcs,inputs/B3B1_8020_segment_random_timewarp.fcs,ok,segment,"80,20",1,241250,258750,0.4825,0.5175,0.8393782383419689,0.8164251207729468,0.8279016795574579,202500,211250,2315749.0,3182748.0,866999.0,0.5,14.25,54.5,1,1:250000;2:250000,1:1;2:20,1775504,2275504,,,0.4825,0.0,0.5175,0.0,0.8393782383419689,0.0,0.8164251207729468,0.0,0.8279016795574579,0.0
flowcut,random_timewarp,B3B1_8020_segment.fcs,inputs/B3B1_8020_segment_random_timewarp.fcs,ok,segment,"80,20",1,323090,176910,0.64618,0.35382,0.5436256151536724,0.5796732801989712,0.5616494476763219,175640,102550,2315749.0,3182748.0,866999.0,0.5,14.25,54.5,1,1:250000;2:250000,1:1;2:20,1775504,2275504,,,0.976,-0.32982,0.024,0.32982,0.507172131147541,0.0364534840061313,0.7916666666666666,-0.2119933864676954,0.6494193989071038,-0.0877699512307819
flowmop,raw,C05C3_1585_segment.fcs,inputs/C05C3_1585_segment_raw.fcs,ok,segment,"15,85",2,257000,243000,0.514,0.486,1.0,0.9678971193415636,0.983948559670782,257000,235199,0.0,1669494.0,1669494.0,2.0,22.0,73.0,1,1:235199;2:264801,1:1;2:20,0,500000,,,0.514,0.0,0.486,0.0,1.0,0.0,0.9678971193415636,0.0,0.983948559670782,0.0
peacoqc,raw,C05C3_1585_segment.fcs,inputs/C05C3_1585_segment_raw.fcs,ok,segment,"15,85",2,285000,215000,0.57,0.43,0.2229859649122807,0.063953488372093,0.1434697266421868,63551,13750,0.0,1669494.0,1669494.0,2.0,22.0,73.0,1,1:235199;2:264801,1:1;2:20,0,500000,,,0.57,0.0,0.43,0.0,0.2229859649122807,0.0,0.063953488372093,0.0,0.1434697266421868,0.0
flowcut,raw,C05C3_1585_segment.fcs,inputs/C05C3_1585_segment_raw.fcs,ok,segment,"15,85",2,462500,37500,0.925,0.075,0.5552454054054055,0.7866666666666666,0.670956036036036,256801,29500,0.0,1669494.0,1669494.0,2.0,22.0,73.0,1,1:235199;2:264801,1:1;2:20,0,500000,,,0.925,0.0,0.075,0.0,0.5552454054054055,0.0,0.7866666666666666,0.0,0.670956036036036,0.0
flowmop,source_timewarp,C05C3_1585_segment.fcs,inputs/C05C3_1585_segment_source_timewarp.fcs,ok,segment,"15,85",2,257000,243000,0.514,0.486,1.0,0.9678971193415636,0.983948559670782,257000,235199,0.0,1669494.0,1669494.0,2.8125,17.0,51.0,1,1:235199;2:264801,1:1;2:20,0,500000,,,0.514,0.0,0.486,0.0,1.0,0.0,0.9678971193415636,0.0,0.983948559670782,0.0
peacoqc,source_timewarp,C05C3_1585_segment.fcs,inputs/C05C3_1585_segment_source_timewarp.fcs,ok,segment,"15,85",2,285000,215000,0.57,0.43,0.2229859649122807,0.063953488372093,0.1434697266421868,63551,13750,0.0,1669494.0,1669494.0,2.8125,17.0,51.0,1,1:235199;2:264801,1:1;2:20,0,500000,,,0.57,0.0,0.43,0.0,0.2229859649122807,0.0,0.063953488372093,0.0,0.1434697266421868,0.0
flowcut,source_timewarp,C05C3_1585_segment.fcs,inputs/C05C3_1585_segment_source_timewarp.fcs,ok,segment,"15,85",2,462039,37961,0.924078,0.075922,0.5548016509428858,0.7771133531782619,0.6659575020605739,256340,29500,0.0,1669494.0,1669494.0,2.8125,17.0,51.0,1,1:235199;2:264801,1:1;2:20,0,500000,,,0.925,-0.000922,0.075,0.000922,0.5552454054054055,-0.0004437544625196,0.7866666666666666,-0.0095533134884047,0.670956036036036,-0.0049985339754621
flowmop,random_timewarp,C05C3_1585_segment.fcs,inputs/C05C3_1585_segment_random_timewarp.fcs,ok,segment,"15,85",2,257000,243000,0.514,0.486,1.0,0.9678971193415636,0.983948559670782,257000,235199,0.0,1669494.0,1669494.0,0.80419921875,34.4375,147.03125,1,1:235199;2:264801,1:1;2:20,0,500000,,,0.514,0.0,0.486,0.0,1.0,0.0,0.9678971193415636,0.0,0.983948559670782,0.0
peacoqc,random_timewarp,C05C3_1585_segment.fcs,inputs/C05C3_1585_segment_random_timewarp.fcs,ok,segment,"15,85",2,285000,215000,0.57,0.43,0.2229859649122807,0.063953488372093,0.1434697266421868,63551,13750,0.0,1669494.0,1669494.0,0.80419921875,34.4375,147.03125,1,1:235199;2:264801,1:1;2:20,0,500000,,,0.57,0.0,0.43,0.0,0.2229859649122807,0.0,0.063953488372093,0.0,0.1434697266421868,0.0
flowcut,random_timewarp,C05C3_1585_segment.fcs,inputs/C05C3_1585_segment_random_timewarp.fcs,ok,segment,"15,85",2,292281,207719,0.584562,0.415438,0.4840752563457768,0.4063374077479672,0.445206332046872,141486,84404,0.0,1669494.0,1669494.0,0.80419921875,34.4375,147.03125,1,1:235199;2:264801,1:1;2:20,0,500000,,,0.925,-0.340438,0.075,0.3404379999999999,0.5552454054054055,-0.0711701490596286,0.7866666666666666,-0.3803292589186994,0.670956036036036,-0.225749703989164
flowmop,raw,C1C05_6040_bimix.fcs,inputs/C1C05_6040_bimix_raw.fcs,ok,bimix,"60,40",1,471200,28800,0.9424,0.0576,0.5857427843803056,0.3810416666666666,0.4833922255234861,276002,10974,0.0035281046293675,4999.99609375,4999.992565645371,0.010009765625,0.0167236328125,0.021484375,230,1:293828;2:206172,1:1;2:20,0,500000,,,0.9424,0.0,0.0576,0.0,0.5857427843803056,0.0,0.3810416666666666,0.0,0.4833922255234861,0.0
peacoqc,raw,C1C05_6040_bimix.fcs,inputs/C1C05_6040_bimix_raw.fcs,ok,bimix,"60,40",1,458750,41250,0.9175,0.0825,0.5752196185286104,0.2740363636363636,0.424627991082487,263882,11304,0.0035281046293675,4999.99609375,4999.992565645371,0.010009765625,0.0167236328125,0.021484375,230,1:293828;2:206172,1:1;2:20,0,500000,,,0.9175,0.0,0.0825,0.0,0.5752196185286104,0.0,0.2740363636363636,0.0,0.424627991082487,0.0
flowcut,raw,C1C05_6040_bimix.fcs,inputs/C1C05_6040_bimix_raw.fcs,ok,bimix,"60,40",1,475500,24500,0.951,0.049,0.6005299684542587,0.6622040816326531,0.6313670250434559,285552,16224,0.0035281046293675,4999.99609375,4999.992565645371,0.010009765625,0.0167236328125,0.021484375,230,1:293828;2:206172,1:1;2:20,0,500000,,,0.951,0.0,0.049,0.0,0.6005299684542587,0.0,0.6622040816326531,0.0,0.6313670250434559,0.0
flowmop,source_timewarp,C1C05_6040_bimix.fcs,inputs/C1C05_6040_bimix_source_timewarp.fcs,ok,bimix,"60,40",1,471200,28800,0.9424,0.0576,0.5857427843803056,0.3810416666666666,0.4833922255234861,276002,10974,0.0035281046293675,4999.99609375,4999.992565645371,0.00146484375,0.034912109375,0.048828125,230,1:293828;2:206172,1:1;2:20,0,500000,,,0.9424,0.0,0.0576,0.0,0.5857427843803056,0.0,0.3810416666666666,0.0,0.4833922255234861,0.0
peacoqc,source_timewarp,C1C05_6040_bimix.fcs,inputs/C1C05_6040_bimix_source_timewarp.fcs,ok,bimix,"60,40",1,458750,41250,0.9175,0.0825,0.5752196185286104,0.2740363636363636,0.424627991082487,263882,11304,0.0035281046293675,4999.99609375,4999.992565645371,0.00146484375,0.034912109375,0.048828125,230,1:293828;2:206172,1:1;2:20,0,500000,,,0.9175,0.0,0.0825,0.0,0.5752196185286104,0.0,0.2740363636363636,0.0,0.424627991082487,0.0
flowcut,source_timewarp,C1C05_6040_bimix.fcs,inputs/C1C05_6040_bimix_source_timewarp.fcs,ok,bimix,"60,40",1,433127,66873,0.866254,0.133746,0.6627848183096413,0.8989427721202877,0.7808637952149645,287070,60115,0.0035281046293675,4999.99609375,4999.992565645371,0.00146484375,0.034912109375,0.048828125,230,1:293828;2:206172,1:1;2:20,0,500000,,,0.951,-0.0847459999999999,0.049,0.084746,0.6005299684542587,0.0622548498553826,0.6622040816326531,0.2367386904876346,0.6313670250434559,0.1494967701715086
flowmop,random_timewarp,C1C05_6040_bimix.fcs,inputs/C1C05_6040_bimix_random_timewarp.fcs,ok,bimix,"60,40",1,471200,28800,0.9424,0.0576,0.5857427843803056,0.3810416666666666,0.4833922255234861,276002,10974,0.0035281046293675,4999.99609375,4999.992565645371,0.01171875,0.02587890625,0.03466796875,230,1:293828;2:206172,1:1;2:20,0,500000,,,0.9424,0.0,0.0576,0.0,0.5857427843803056,0.0,0.3810416666666666,0.0,0.4833922255234861,0.0
peacoqc,random_timewarp,C1C05_6040_bimix.fcs,inputs/C1C05_6040_bimix_random_timewarp.fcs,ok,bimix,"60,40",1,458750,41250,0.9175,0.0825,0.5752196185286104,0.2740363636363636,0.424627991082487,263882,11304,0.0035281046293675,4999.99609375,4999.992565645371,0.01171875,0.02587890625,0.03466796875,230,1:293828;2:206172,1:1;2:20,0,500000,,,0.9175,0.0,0.0825,0.0,0.5752196185286104,0.0,0.2740363636363636,0.0,0.424627991082487,0.0
flowcut,random_timewarp,C1C05_6040_bimix.fcs,inputs/C1C05_6040_bimix_random_timewarp.fcs,ok,bimix,"60,40",1,475500,24500,0.951,0.049,0.6005299684542587,0.6622040816326531,0.6313670250434559,285552,16224,0.0035281046293675,4999.99609375,4999.992565645371,0.01171875,0.02587890625,0.03466796875,230,1:293828;2:206172,1:1;2:20,0,500000,,,0.951,0.0,0.049,0.0,0.6005299684542587,0.0,0.6622040816326531,0.0,0.6313670250434559,0.0
flowmop,raw,C1C05_9010_segment.fcs,inputs/C1C05_9010_segment_raw.fcs,ok,segment,"90,10",1,410400,89600,0.8208,0.1792,1.0,0.8184709821428572,0.9092354910714286,410400,73335,498029.0,1793857.0,1295828.0,2.0,16.0,61.0,1,1:426665;2:73335,1:1;2:20,233350,733350,,,0.8208,0.0,0.1792,0.0,1.0,0.0,0.8184709821428572,0.0,0.9092354910714286,0.0
peacoqc,raw,C1C05_9010_segment.fcs,inputs/C1C05_9010_segment_raw.fcs,ok,segment,"90,10",1,411250,88750,0.8225,0.1775,1.0,0.8263098591549296,0.9131549295774648,411250,73335,498029.0,1793857.0,1295828.0,2.0,16.0,61.0,1,1:426665;2:73335,1:1;2:20,233350,733350,,,0.8225,0.0,0.1775,0.0,1.0,0.0,0.8263098591549296,0.0,0.9131549295774648,0.0
flowcut,raw,C1C05_9010_segment.fcs,inputs/C1C05_9010_segment_raw.fcs,ok,segment,"90,10",1,472500,27500,0.945,0.055,0.8920634920634921,0.8121818181818182,0.8521226551226552,421500,22335,498029.0,1793857.0,1295828.0,2.0,16.0,61.0,1,1:426665;2:73335,1:1;2:20,233350,733350,,,0.945,0.0,0.055,0.0,0.8920634920634921,0.0,0.8121818181818182,0.0,0.8521226551226552,0.0
flowmop,source_timewarp,C1C05_9010_segment.fcs,inputs/C1C05_9010_segment_source_timewarp.fcs,ok,segment,"90,10",1,410400,89600,0.8208,0.1792,1.0,0.8184709821428572,0.9092354910714286,410400,73335,498029.0,1793857.0,1295828.0,0.3125,41.0,166.625,1,1:426665;2:73335,1:1;2:20,233350,733350,,,0.8208,0.0,0.1792,0.0,1.0,0.0,0.8184709821428572,0.0,0.9092354910714286,0.0
peacoqc,source_timewarp,C1C05_9010_segment.fcs,inputs/C1C05_9010_segment_source_timewarp.fcs,ok,segment,"90,10",1,411250,88750,0.8225,0.1775,1.0,0.8263098591549296,0.9131549295774648,411250,73335,498029.0,1793857.0,1295828.0,0.3125,41.0,166.625,1,1:426665;2:73335,1:1;2:20,233350,733350,,,0.8225,0.0,0.1775,0.0,1.0,0.0,0.8263098591549296,0.0,0.9131549295774648,0.0
flowcut,source_timewarp,C1C05_9010_segment.fcs,inputs/C1C05_9010_segment_source_timewarp.fcs,ok,segment,"90,10",1,500000,0,1.0,0.0,0.85333,,0.85333,426665,0,498029.0,1793857.0,1295828.0,0.3125,41.0,166.625,1,1:426665;2:73335,1:1;2:20,233350,733350,,,0.945,0.055,0.055,-0.055,0.8920634920634921,-0.038733492063492,0.8121818181818182,,0.8521226551226552,0.0012073448773448
flowmop,random_timewarp,C1C05_9010_segment.fcs,inputs/C1C05_9010_segment_random_timewarp.fcs,ok,segment,"90,10",1,410400,89600,0.8208,0.1792,1.0,0.8184709821428572,0.9092354910714286,410400,73335,498029.0,1793857.0,1295828.0,1.5,19.5,91.375,1,1:426665;2:73335,1:1;2:20,233350,733350,,,0.8208,0.0,0.1792,0.0,1.0,0.0,0.8184709821428572,0.0,0.9092354910714286,0.0
peacoqc,random_timewarp,C1C05_9010_segment.fcs,inputs/C1C05_9010_segment_random_timewarp.fcs,ok,segment,"90,10",1,411250,88750,0.8225,0.1775,1.0,0.8263098591549296,0.9131549295774648,411250,73335,498029.0,1793857.0,1295828.0,1.5,19.5,91.375,1,1:426665;2:73335,1:1;2:20,233350,733350,,,0.8225,0.0,0.1775,0.0,1.0,0.0,0.8263098591549296,0.0,0.9131549295774648,0.0
flowcut,random_timewarp,C1C05_9010_segment.fcs,inputs/C1C05_9010_segment_random_timewarp.fcs,ok,segment,"90,10",1,472500,27500,0.945,0.055,0.8920634920634921,0.8121818181818182,0.8521226551226552,421500,22335,498029.0,1793857.0,1295828.0,1.5,19.5,91.375,1,1:426665;2:73335,1:1;2:20,233350,733350,,,0.945,0.0,0.055,0.0,0.8920634920634921,0.0,0.8121818181818182,0.0,0.8521226551226552,0.0
flowmop,raw,C1C3C05_353530_trimix.fcs,inputs/C1C3C05_353530_trimix_raw.fcs,ok,trimix,"35,35,30","1,2",480200,19800,0.9604,0.0396,0.6874864639733445,0.1674242424242424,0.4274553531987934,330131,3315,0.0035281046293675,4999.99853515625,4999.995007051621,0.010009765625,0.01690673828125,0.021484375,339,1:165502;2:181114;3:153384,1:1;2:10.5;3:20,0,500000,,,0.9604,0.0,0.0396,0.0,0.6874864639733445,0.0,0.1674242424242424,0.0,0.4274553531987934,0.0
peacoqc,raw,C1C3C05_353530_trimix.fcs,inputs/C1C3C05_353530_trimix_raw.fcs,ok,trimix,"35,35,30","1,2",485000,15000,0.97,0.03,0.691958762886598,0.2656,0.478779381443299,335600,3984,0.0035281046293675,4999.99853515625,4999.995007051621,0.010009765625,0.01690673828125,0.021484375,339,1:165502;2:181114;3:153384,1:1;2:10.5;3:20,0,500000,,,0.97,0.0,0.03,0.0,0.691958762886598,0.0,0.2656,0.0,0.478779381443299,0.0
flowcut,raw,C1C3C05_353530_trimix.fcs,inputs/C1C3C05_353530_trimix_raw.fcs,ok,trimix,"35,35,30","1,2",495500,4500,0.991,0.009,0.6979152371342079,0.8224444444444444,0.7601798407893261,345817,3701,0.0035281046293675,4999.99853515625,4999.995007051621,0.010009765625,0.01690673828125,0.021484375,339,1:165502;2:181114;3:153384,1:1;2:10.5;3:20,0,500000,,,0.991,0.0,0.009,0.0,0.6979152371342079,0.0,0.8224444444444444,0.0,0.7601798407893261,0.0
flowmop,source_timewarp,C1C3C05_353530_trimix.fcs,inputs/C1C3C05_353530_trimix_source_timewarp.fcs,ok,trimix,"35,35,30","1,2",480200,19800,0.9604,0.0396,0.6874864639733445,0.1674242424242424,0.4274553531987934,330131,3315,0.0035281046293675,4999.99853515625,4999.995007051621,0.009765625,0.0299072265625,0.041015625,339,1:165502;2:181114;3:153384,1:1;2:10.5;3:20,0,500000,,,0.9604,0.0,0.0396,0.0,0.6874864639733445,0.0,0.1674242424242424,0.0,0.4274553531987934,0.0
peacoqc,source_timewarp,C1C3C05_353530_trimix.fcs,inputs/C1C3C05_353530_trimix_source_timewarp.fcs,ok,trimix,"35,35,30","1,2",485000,15000,0.97,0.03,0.691958762886598,0.2656,0.478779381443299,335600,3984,0.0035281046293675,4999.99853515625,4999.995007051621,0.009765625,0.0299072265625,0.041015625,339,1:165502;2:181114;3:153384,1:1;2:10.5;3:20,0,500000,,,0.97,0.0,0.03,0.0,0.691958762886598,0.0,0.2656,0.0,0.478779381443299,0.0
flowcut,source_timewarp,C1C3C05_353530_trimix.fcs,inputs/C1C3C05_353530_trimix_source_timewarp.fcs,ok,trimix,"35,35,30","1,2",495500,4500,0.991,0.009,0.6979152371342079,0.8224444444444444,0.7601798407893261,345817,3701,0.0035281046293675,4999.99853515625,4999.995007051621,0.009765625,0.0299072265625,0.041015625,339,1:165502;2:181114;3:153384,1:1;2:10.5;3:20,0,500000,,,0.991,0.0,0.009,0.0,0.6979152371342079,0.0,0.8224444444444444,0.0,0.7601798407893261,0.0
flowmop,random_timewarp,C1C3C05_353530_trimix.fcs,inputs/C1C3C05_353530_trimix_random_timewarp.fcs,ok,trimix,"35,35,30","1,2",480200,19800,0.9604,0.0396,0.6874864639733445,0.1674242424242424,0.4274553531987934,330131,3315,0.0035281046293675,4999.99853515625,4999.995007051621,0.008544921875,0.03350830078125,0.04736328125,339,1:165502;2:181114;3:153384,1:1;2:10.5;3:20,0,500000,,,0.9604,0.0,0.0396,0.0,0.6874864639733445,0.0,0.1674242424242424,0.0,0.4274553531987934,0.0
peacoqc,random_timewarp,C1C3C05_353530_trimix.fcs,inputs/C1C3C05_353530_trimix_random_timewarp.fcs,ok,trimix,"35,35,30","1,2",485000,15000,0.97,0.03,0.691958762886598,0.2656,0.478779381443299,335600,3984,0.0035281046293675,4999.99853515625,4999.995007051621,0.008544921875,0.03350830078125,0.04736328125,339,1:165502;2:181114;3:153384,1:1;2:10.5;3:20,0,500000,,,0.97,0.0,0.03,0.0,0.691958762886598,0.0,0.2656,0.0,0.478779381443299,0.0
flowcut,random_timewarp,C1C3C05_353530_trimix.fcs,inputs/C1C3C05_353530_trimix_random_timewarp.fcs,ok,trimix,"35,35,30","1,2",495500,4500,0.991,0.009,0.6979152371342079,0.8224444444444444,0.7601798407893261,345817,3701,0.0035281046293675,4999.99853515625,4999.995007051621,0.008544921875,0.03350830078125,0.04736328125,339,1:165502;2:181114;3:153384,1:1;2:10.5;3:20,0,500000,,,0.991,0.0,0.009,0.0,0.6979152371342079,0.0,0.8224444444444444,0.0,0.7601798407893261,0.0
flowmop,raw,C1C3_1090_bimix.fcs,inputs/C1C3_1090_bimix_raw.fcs,ok,bimix,"10,90",2,373100,126900,0.7462,0.2538,1.0,0.3606776989755713,0.6803388494877857,373100,45770,0.0032486906275153,4999.99755859375,4999.9943099031225,0.010009765625,0.0167236328125,0.021484375,80,1:45770;2:454230,1:1;2:20,0,500000,,,0.7462,0.0,0.2538,0.0,1.0,0.0,0.3606776989755713,0.0,0.6803388494877857,0.0
peacoqc,raw,C1C3_1090_bimix.fcs,inputs/C1C3_1090_bimix_raw.fcs,ok,bimix,"10,90",2,408750,91250,0.8175,0.1825,0.9082422018348624,0.0905643835616438,0.4994032926982531,371244,8264,0.0032486906275153,4999.99755859375,4999.9943099031225,0.010009765625,0.0167236328125,0.021484375,80,1:45770;2:454230,1:1;2:20,0,500000,,,0.8175,0.0,0.1825,0.0,0.9082422018348624,0.0,0.0905643835616438,0.0,0.4994032926982531,0.0
flowcut,raw,C1C3_1090_bimix.fcs,inputs/C1C3_1090_bimix_raw.fcs,ok,bimix,"10,90",2,448000,52000,0.896,0.104,0.9818459821428572,0.7237884615384615,0.8528172218406593,439867,37637,0.0032486906275153,4999.99755859375,4999.9943099031225,0.010009765625,0.0167236328125,0.021484375,80,1:45770;2:454230,1:1;2:20,0,500000,,,0.896,0.0,0.104,0.0,0.9818459821428572,0.0,0.7237884615384615,0.0,0.8528172218406593,0.0
flowmop,source_timewarp,C1C3_1090_bimix.fcs,inputs/C1C3_1090_bimix_source_timewarp.fcs,ok,bimix,"10,90",2,373100,126900,0.7462,0.2538,1.0,0.3606776989755713,0.6803388494877857,373100,45770,0.0032486906275153,4999.99755859375,4999.9943099031225,0.0106201171875,0.01806640625,0.02392578125,80,1:45770;2:454230,1:1;2:20,0,500000,,,0.7462,0.0,0.2538,0.0,1.0,0.0,0.3606776989755713,0.0,0.6803388494877857,0.0
peacoqc,source_timewarp,C1C3_1090_bimix.fcs,inputs/C1C3_1090_bimix_source_timewarp.fcs,ok,bimix,"10,90",2,408750,91250,0.8175,0.1825,0.9082422018348624,0.0905643835616438,0.4994032926982531,371244,8264,0.0032486906275153,4999.99755859375,4999.9943099031225,0.0106201171875,0.01806640625,0.02392578125,80,1:45770;2:454230,1:1;2:20,0,500000,,,0.8175,0.0,0.1825,0.0,0.9082422018348624,0.0,0.0905643835616438,0.0,0.4994032926982531,0.0
flowcut,source_timewarp,C1C3_1090_bimix.fcs,inputs/C1C3_1090_bimix_source_timewarp.fcs,ok,bimix,"10,90",2,448000,52000,0.896,0.104,0.9818459821428572,0.7237884615384615,0.8528172218406593,439867,37637,0.0032486906275153,4999.99755859375,4999.9943099031225,0.0106201171875,0.01806640625,0.02392578125,80,1:45770;2:454230,1:1;2:20,0,500000,,,0.896,0.0,0.104,0.0,0.9818459821428572,0.0,0.7237884615384615,0.0,0.8528172218406593,0.0
flowmop,random_timewarp,C1C3_1090_bimix.fcs,inputs/C1C3_1090_bimix_random_timewarp.fcs,ok,bimix,"10,90",2,373100,126900,0.7462,0.2538,1.0,0.3606776989755713,0.6803388494877857,373100,45770,0.0032486906275153,4999.99755859375,4999.9943099031225,0.0116119384765625,0.0258172607421878,0.03466796875,80,1:45770;2:454230,1:1;2:20,0,500000,,,0.7462,0.0,0.2538,0.0,1.0,0.0,0.3606776989755713,0.0,0.6803388494877857,0.0
peacoqc,random_timewarp,C1C3_1090_bimix.fcs,inputs/C1C3_1090_bimix_random_timewarp.fcs,ok,bimix,"10,90",2,408750,91250,0.8175,0.1825,0.9082422018348624,0.0905643835616438,0.4994032926982531,371244,8264,0.0032486906275153,4999.99755859375,4999.9943099031225,0.0116119384765625,0.0258172607421878,0.03466796875,80,1:45770;2:454230,1:1;2:20,0,500000,,,0.8175,0.0,0.1825,0.0,0.9082422018348624,0.0,0.0905643835616438,0.0,0.4994032926982531,0.0
flowcut,random_timewarp,C1C3_1090_bimix.fcs,inputs/C1C3_1090_bimix_random_timewarp.fcs,ok,bimix,"10,90",2,448000,52000,0.896,0.104,0.9818459821428572,0.7237884615384615,0.8528172218406593,439867,37637,0.0032486906275153,4999.99755859375,4999.9943099031225,0.0116119384765625,0.0258172607421878,0.03466796875,80,1:45770;2:454230,1:1;2:20,0,500000,,,0.896,0.0,0.104,0.0,0.9818459821428572,0.0,0.7237884615384615,0.0,0.8528172218406593,0.0
flowmop,raw,C1C3_2575_segment.fcs,inputs/C1C3_2575_segment_raw.fcs,ok,segment,"25,75",2,481100,18900,0.9622,0.0378,0.5046767823737269,0.6190476190476191,0.561862200710673,242800,11700,739572.0,1623861.0,884289.0,2.0,9.0,27.0,1,1:250000;2:250000,1:1;2:20,358717,858717,,,0.9622,0.0,0.0378,0.0,0.5046767823737269,0.0,0.6190476190476191,0.0,0.561862200710673,0.0
peacoqc,raw,C1C3_2575_segment.fcs,inputs/C1C3_2575_segment_raw.fcs,ok,segment,"25,75",2,191250,308750,0.3825,0.6175,1.0,0.8097165991902834,0.9048582995951416,191250,250000,739572.0,1623861.0,884289.0,2.0,9.0,27.0,1,1:250000;2:250000,1:1;2:20,358717,858717,,,0.3825,0.0,0.6175,0.0,1.0,0.0,0.8097165991902834,0.0,0.9048582995951416,0.0
flowcut,raw,C1C3_2575_segment.fcs,inputs/C1C3_2575_segment_raw.fcs,ok,segment,"25,75",2,488500,11500,0.977,0.023,0.5015353121801432,0.5652173913043478,0.5333763517422455,245000,6500,739572.0,1623861.0,884289.0,2.0,9.0,27.0,1,1:250000;2:250000,1:1;2:20,358717,858717,,,0.977,0.0,0.023,0.0,0.5015353121801432,0.0,0.5652173913043478,0.0,0.5333763517422455,0.0
flowmop,source_timewarp,C1C3_2575_segment.fcs,inputs/C1C3_2575_segment_source_timewarp.fcs,ok,segment,"25,75",2,481100,18900,0.9622,0.0378,0.5046767823737269,0.6190476190476191,0.561862200710673,242800,11700,739572.0,1623861.0,884289.0,1.625,10.125,28.75,1,1:250000;2:250000,1:1;2:20,358717,858717,,,0.9622,0.0,0.0378,0.0,0.5046767823737269,0.0,0.6190476190476191,0.0,0.561862200710673,0.0
peacoqc,source_timewarp,C1C3_2575_segment.fcs,inputs/C1C3_2575_segment_source_timewarp.fcs,ok,segment,"25,75",2,191250,308750,0.3825,0.6175,1.0,0.8097165991902834,0.9048582995951416,191250,250000,739572.0,1623861.0,884289.0,1.625,10.125,28.75,1,1:250000;2:250000,1:1;2:20,358717,858717,,,0.3825,0.0,0.6175,0.0,1.0,0.0,0.8097165991902834,0.0,0.9048582995951416,0.0
flowcut,source_timewarp,C1C3_2575_segment.fcs,inputs/C1C3_2575_segment_source_timewarp.fcs,ok,segment,"25,75",2,244500,255500,0.489,0.511,0.0,0.0215264187866927,0.0107632093933463,0,5500,739572.0,1623861.0,884289.0,1.625,10.125,28.75,1,1:250000;2:250000,1:1;2:20,358717,858717,,,0.977,-0.488,0.023,0.488,0.5015353121801432,-0.5015353121801432,0.5652173913043478,-0.5436909725176551,0.5333763517422455,-0.5226131423488992
flowmop,random_timewarp,C1C3_2575_segment.fcs,inputs/C1C3_2575_segment_random_timewarp.fcs,ok,segment,"25,75",2,481100,18900,0.9622,0.0378,0.5046767823737269,0.6190476190476191,0.561862200710673,242800,11700,739572.0,1623861.0,884289.0,0.5,11.5,37.75,1,1:250000;2:250000,1:1;2:20,358717,858717,,,0.9622,0.0,0.0378,0.0,0.5046767823737269,0.0,0.6190476190476191,0.0,0.561862200710673,0.0
peacoqc,random_timewarp,C1C3_2575_segment.fcs,inputs/C1C3_2575_segment_random_timewarp.fcs,ok,segment,"25,75",2,191250,308750,0.3825,0.6175,1.0,0.8097165991902834,0.9048582995951416,191250,250000,739572.0,1623861.0,884289.0,0.5,11.5,37.75,1,1:250000;2:250000,1:1;2:20,358717,858717,,,0.3825,0.0,0.6175,0.0,1.0,0.0,0.8097165991902834,0.0,0.9048582995951416,0.0
flowcut,random_timewarp,C1C3_2575_segment.fcs,inputs/C1C3_2575_segment_random_timewarp.fcs,ok,segment,"25,75",2,266412,233588,0.532824,0.467176,0.5483349098388961,0.5551269757008066,0.5517309427698514,146083,129671,739572.0,1623861.0,884289.0,0.5,11.5,37.75,1,1:250000;2:250000,1:1;2:20,358717,858717,,,0.977,-0.444176,0.023,0.4441759999999999,0.5015353121801432,0.0467995976587528,0.5652173913043478,-0.0100904156035411,0.5333763517422455,0.0183545910276058
flowmop,raw,C3C1C05_107020_trimix.fcs,inputs/C3C1C05_107020_trimix_raw.fcs,ok,trimix,"10,70,20",2,461300,38700,0.9226,0.0774,0.7333535660091047,0.7052454780361758,0.7192995220226402,338296,27293,-0.0008335157181136,4999.99609375,4999.996927265718,0.010009765625,0.016845703125,0.021484375,218,1:49600;2:349703;3:100697,1:1;2:10.5;3:20,0,500000,,,0.9226,0.0,0.0774,0.0,0.7333535660091047,0.0,0.7052454780361758,0.0,0.7192995220226402,0.0
peacoqc,raw,C3C1C05_107020_trimix.fcs,inputs/C3C1C05_107020_trimix_raw.fcs,ok,trimix,"10,70,20",2,465000,35000,0.93,0.07,0.7067913978494623,0.3987142857142857,0.552752841781874,328658,13955,-0.0008335157181136,4999.99609375,4999.996927265718,0.010009765625,0.016845703125,0.021484375,218,1:49600;2:349703;3:100697,1:1;2:10.5;3:20,0,500000,,,0.93,0.0,0.07,0.0,0.7067913978494623,0.0,0.3987142857142857,0.0,0.552752841781874,0.0
flowcut,raw,C3C1C05_107020_trimix.fcs,inputs/C3C1C05_107020_trimix_raw.fcs,ok,trimix,"10,70,20",2,491500,8500,0.983,0.017,0.7074689725330621,0.7668235294117647,0.7371462509724134,347721,6518,-0.0008335157181136,4999.99609375,4999.996927265718,0.010009765625,0.016845703125,0.021484375,218,1:49600;2:349703;3:100697,1:1;2:10.5;3:20,0,500000,,,0.983,0.0,0.017,0.0,0.7074689725330621,0.0,0.7668235294117647,0.0,0.7371462509724134,0.0
flowmop,source_timewarp,C3C1C05_107020_trimix.fcs,inputs/C3C1C05_107020_trimix_source_timewarp.fcs,ok,trimix,"10,70,20",2,461300,38700,0.9226,0.0774,0.7333535660091047,0.7052454780361758,0.7192995220226402,338296,27293,-0.0008335157181136,4999.99609375,4999.996927265718,0.009552001953125,0.026123046875,0.03662109375,218,1:49600;2:349703;3:100697,1:1;2:10.5;3:20,0,500000,,,0.9226,0.0,0.0774,0.0,0.7333535660091047,0.0,0.7052454780361758,0.0,0.7192995220226402,0.0
peacoqc,source_timewarp,C3C1C05_107020_trimix.fcs,inputs/C3C1C05_107020_trimix_source_timewarp.fcs,ok,trimix,"10,70,20",2,465000,35000,0.93,0.07,0.7067913978494623,0.3987142857142857,0.552752841781874,328658,13955,-0.0008335157181136,4999.99609375,4999.996927265718,0.009552001953125,0.026123046875,0.03662109375,218,1:49600;2:349703;3:100697,1:1;2:10.5;3:20,0,500000,,,0.93,0.0,0.07,0.0,0.7067913978494623,0.0,0.3987142857142857,0.0,0.552752841781874,0.0
flowcut,source_timewarp,C3C1C05_107020_trimix.fcs,inputs/C3C1C05_107020_trimix_source_timewarp.fcs,ok,trimix,"10,70,20",2,491500,8500,0.983,0.017,0.7074689725330621,0.7668235294117647,0.7371462509724134,347721,6518,-0.0008335157181136,4999.99609375,4999.996927265718,0.009552001953125,0.026123046875,0.03662109375,218,1:49600;2:349703;3:100697,1:1;2:10.5;3:20,0,500000,,,0.983,0.0,0.017,0.0,0.7074689725330621,0.0,0.7668235294117647,0.0,0.7371462509724134,0.0
flowmop,random_timewarp,C3C1C05_107020_trimix.fcs,inputs/C3C1C05_107020_trimix_random_timewarp.fcs,ok,trimix,"10,70,20",2,461300,38700,0.9226,0.0774,0.7333535660091047,0.7052454780361758,0.7192995220226402,338296,27293,-0.0008335157181136,4999.99609375,4999.996927265718,0.009521484375,0.029541015625,0.041015625,218,1:49600;2:349703;3:100697,1:1;2:10.5;3:20,0,500000,,,0.9226,0.0,0.0774,0.0,0.7333535660091047,0.0,0.7052454780361758,0.0,0.7192995220226402,0.0
peacoqc,random_timewarp,C3C1C05_107020_trimix.fcs,inputs/C3C1C05_107020_trimix_random_timewarp.fcs,ok,trimix,"10,70,20",2,465000,35000,0.93,0.07,0.7067913978494623,0.3987142857142857,0.552752841781874,328658,13955,-0.0008335157181136,4999.99609375,4999.996927265718,0.009521484375,0.029541015625,0.041015625,218,1:49600;2:349703;3:100697,1:1;2:10.5;3:20,0,500000,,,0.93,0.0,0.07,0.0,0.7067913978494623,0.0,0.3987142857142857,0.0,0.552752841781874,0.0
flowcut,random_timewarp,C3C1C05_107020_trimix.fcs,inputs/C3C1C05_107020_trimix_random_timewarp.fcs,ok,trimix,"10,70,20",2,491500,8500,0.983,0.017,0.7074689725330621,0.7668235294117647,0.7371462509724134,347721,6518,-0.0008335157181136,4999.99609375,4999.996927265718,0.009521484375,0.029541015625,0.041015625,218,1:49600;2:349703;3:100697,1:1;2:10.5;3:20,0,500000,,,0.983,0.0,0.017,0.0,0.7074689725330621,0.0,0.7668235294117647,0.0,0.7371462509724134,0.0
flowmop,raw,C3C1_8020_bimix.fcs,inputs/C3C1_8020_bimix_raw.fcs,ok,bimix,"80,20",1,463100,36900,0.9262,0.0738,0.8328762686244872,0.6071815718157182,0.7200289202201027,385705,22405,0.0035281046293675,4999.99169921875,4999.988171114121,0.010009765625,0.0167236328125,0.021484375,180,1:400200;2:99800,1:1;2:20,0,500000,,,0.9262,0.0,0.0738,0.0,0.8328762686244872,0.0,0.6071815718157182,0.0,0.7200289202201027,0.0
peacoqc,raw,C3C1_8020_bimix.fcs,inputs/C3C1_8020_bimix_raw.fcs,ok,bimix,"80,20",1,440000,60000,0.88,0.12,0.804984090909091,0.2332166666666666,0.5191003787878788,354193,13993,0.0035281046293675,4999.99169921875,4999.988171114121,0.010009765625,0.0167236328125,0.021484375,180,1:400200;2:99800,1:1;2:20,0,500000,,,0.88,0.0,0.12,0.0,0.804984090909091,0.0,0.2332166666666666,0.0,0.5191003787878788,0.0
flowcut,raw,C3C1_8020_bimix.fcs,inputs/C3C1_8020_bimix_raw.fcs,ok,bimix,"80,20",1,493000,7000,0.986,0.014,0.805892494929006,0.5864285714285714,0.6961605331787888,397305,4105,0.0035281046293675,4999.99169921875,4999.988171114121,0.010009765625,0.0167236328125,0.021484375,180,1:400200;2:99800,1:1;2:20,0,500000,,,0.986,0.0,0.014,0.0,0.805892494929006,0.0,0.5864285714285714,0.0,0.6961605331787888,0.0
flowmop,source_timewarp,C3C1_8020_bimix.fcs,inputs/C3C1_8020_bimix_source_timewarp.fcs,ok,bimix,"80,20",1,463100,36900,0.9262,0.0738,0.8328762686244872,0.6071815718157182,0.7200289202201027,385705,22405,0.0035281046293675,4999.99169921875,4999.988171114121,0.002197265625,0.0606689453125,0.08984375,180,1:400200;2:99800,1:1;2:20,0,500000,,,0.9262,0.0,0.0738,0.0,0.8328762686244872,0.0,0.6071815718157182,0.0,0.7200289202201027,0.0
peacoqc,source_timewarp,C3C1_8020_bimix.fcs,inputs/C3C1_8020_bimix_source_timewarp.fcs,ok,bimix,"80,20",1,440000,60000,0.88,0.12,0.804984090909091,0.2332166666666666,0.5191003787878788,354193,13993,0.0035281046293675,4999.99169921875,4999.988171114121,0.002197265625,0.0606689453125,0.08984375,180,1:400200;2:99800,1:1;2:20,0,500000,,,0.88,0.0,0.12,0.0,0.804984090909091,0.0,0.2332166666666666,0.0,0.5191003787878788,0.0
flowcut,source_timewarp,C3C1_8020_bimix.fcs,inputs/C3C1_8020_bimix_source_timewarp.fcs,ok,bimix,"80,20",1,417391,82609,0.834782,0.165218,0.9212009842090508,0.8099601738309385,0.8655805790199947,384501,66910,0.0035281046293675,4999.99169921875,4999.988171114121,0.002197265625,0.0606689453125,0.08984375,180,1:400200;2:99800,1:1;2:20,0,500000,,,0.986,-0.1512179999999999,0.014,0.151218,0.805892494929006,0.1153084892800447,0.5864285714285714,0.2235316024023671,0.6961605331787888,0.1694200458412059
flowmop,random_timewarp,C3C1_8020_bimix.fcs,inputs/C3C1_8020_bimix_random_timewarp.fcs,ok,bimix,"80,20",1,463100,36900,0.9262,0.0738,0.8328762686244872,0.6071815718157182,0.7200289202201027,385705,22405,0.0035281046293675,4999.99169921875,4999.988171114121,0.010986328125,0.0279541015625,0.03759765625,180,1:400200;2:99800,1:1;2:20,0,500000,,,0.9262,0.0,0.0738,0.0,0.8328762686244872,0.0,0.6071815718157182,0.0,0.7200289202201027,0.0
peacoqc,random_timewarp,C3C1_8020_bimix.fcs,inputs/C3C1_8020_bimix_random_timewarp.fcs,ok,bimix,"80,20",1,440000,60000,0.88,0.12,0.804984090909091,0.2332166666666666,0.5191003787878788,354193,13993,0.0035281046293675,4999.99169921875,4999.988171114121,0.010986328125,0.0279541015625,0.03759765625,180,1:400200;2:99800,1:1;2:20,0,500000,,,0.88,0.0,0.12,0.0,0.804984090909091,0.0,0.2332166666666666,0.0,0.5191003787878788,0.0
flowcut,random_timewarp,C3C1_8020_bimix.fcs,inputs/C3C1_8020_bimix_random_timewarp.fcs,ok,bimix,"80,20",1,493000,7000,0.986,0.014,0.805892494929006,0.5864285714285714,0.6961605331787888,397305,4105,0.0035281046293675,4999.99169921875,4999.988171114121,0.010986328125,0.0279541015625,0.03759765625,180,1:400200;2:99800,1:1;2:20,0,500000,,,0.986,0.0,0.014,0.0,0.805892494929006,0.0,0.5864285714285714,0.0,0.6961605331787888,0.0
